course_id,exercise_id,titles,chapter
C_597208,Ex_2972,"['走进数据科学：博大精深，美不胜收', None, '第一章第二节测试题']",1.2
C_597208,Ex_2973,"['走进数据科学：博大精深，美不胜收', None, '第一章第三节测试题']",1.4
C_597208,Ex_2974,"['走进数据科学：博大精深，美不胜收', None, '第一章第四节测试题']",1.6
C_597208,Ex_2975,"['走进数据科学：博大精深，美不胜收', None, '第一章第五节测试题']",1.8
C_597208,Ex_2976,"['走进数据科学：博大精深，美不胜收', None, '第一章第六节测试题']",1.10
C_597208,Ex_2977,"['走进数据科学：博大精深，美不胜收', None, '第一章第七节测试题']",1.12
C_597208,Ex_2978,"['走进数据科学：博大精深，美不胜收', None, '第一章第八节测试题']",1.14
C_597208,Ex_2990,"['数据预处理：抽丝剥茧，去伪存真', None, '第二章第一节测试题']",2.1
C_597208,Ex_2991,"['数据预处理：抽丝剥茧，去伪存真', None, '第二章第二节测试题']",2.3
C_597208,Ex_2992,"['数据预处理：抽丝剥茧，去伪存真', None, '第二章第三节测试题']",2.5
C_597208,Ex_2993,"['数据预处理：抽丝剥茧，去伪存真', None, '第二章第四节测试题']",2.7
C_597208,Ex_2994,"['数据预处理：抽丝剥茧，去伪存真', None, '第二章第五节测试题']",2.9
C_597208,Ex_2995,"['数据预处理：抽丝剥茧，去伪存真', None, '第二章第六节测试题']",2.11
C_597208,Ex_2996,"['数据预处理：抽丝剥茧，去伪存真', None, '第二章第七节测试题']",2.13
C_597208,Ex_3004,"['从贝叶斯到决策树：意料之外，情理之中', None, '第三章第一节测试题']",3.1
C_597208,Ex_3005,"['从贝叶斯到决策树：意料之外，情理之中', None, '第三章第二节测试题']",3.3
C_597208,Ex_3006,"['从贝叶斯到决策树：意料之外，情理之中', None, '第三章第三节测试题']",3.5
C_597208,Ex_3007,"['从贝叶斯到决策树：意料之外，情理之中', None, '第三章第四节测试题']",3.7
C_597208,Ex_3016,"['神经网络：巨量并行，智慧无限', None, '第四章第一节测试题']",4.1
C_597208,Ex_3017,"['神经网络：巨量并行，智慧无限', None, '第四章第二节测试题']",4.3
C_597208,Ex_3018,"['神经网络：巨量并行，智慧无限', None, '第四章第三节测试题']",4.5
C_597208,Ex_3019,"['神经网络：巨量并行，智慧无限', None, '第四章第四节测试题']",4.7
C_597208,Ex_3020,"['神经网络：巨量并行，智慧无限', None, '第四章第五节测试题']",4.9
C_597208,Ex_3021,"['神经网络：巨量并行，智慧无限', None, '第四章第六节测试题']",4.11
C_597208,Ex_3029,"['支持向量机：数学之美，巅峰之作', None, '第五章第一节测试题']",5.1
C_597208,Ex_3030,"['支持向量机：数学之美，巅峰之作', None, '第五章第二节测试题']",5.3
C_597208,Ex_3031,"['支持向量机：数学之美，巅峰之作', None, '第五章第三节测试题']",5.5
C_597208,Ex_3032,"['支持向量机：数学之美，巅峰之作', None, '第五章第四节测试题']",5.7
C_597208,Ex_3040,"['聚类分析：物以类聚，人以群分', None, '第六章第一节测试题']",6.1
C_597208,Ex_3041,"['聚类分析：物以类聚，人以群分', None, '第六章第二节测试题']",6.3
C_597208,Ex_3042,"['聚类分析：物以类聚，人以群分', None, '第六章第三节测试题']",6.5
C_597208,Ex_3043,"['聚类分析：物以类聚，人以群分', None, '第六章第四节测试题']",6.7
C_597208,Ex_3052,"['关联规则：营销购物，自有乾坤', None, '第七章第一节测试题']",7.1
C_597208,Ex_3053,"['关联规则：营销购物，自有乾坤', None, '第七章第二节测试题']",7.3
C_597208,Ex_3054,"['关联规则：营销购物，自有乾坤', None, '第七章第三节测试题']",7.5
C_597208,Ex_3055,"['关联规则：营销购物，自有乾坤', None, '第七章第四节测试题']",7.7
C_597208,Ex_3056,"['关联规则：营销购物，自有乾坤', None, '第七章第五节测试题']",7.9
C_597208,Ex_3057,"['关联规则：营销购物，自有乾坤', None, '第七章第六节测试题']",7.11
C_597208,Ex_3058,"['关联规则：营销购物，自有乾坤', None, '第七章第七节测试题']",7.13
C_597208,Ex_3065,"['推荐算法：察言观色，投其所好', None, '第八章第一节测试题']",8.1
C_597208,Ex_3066,"['推荐算法：察言观色，投其所好', None, '第八章第二节测试题']",8.3
C_597208,Ex_3067,"['推荐算法：察言观色，投其所好', None, '第八章第三节测试题']",8.5
C_597208,Ex_3068,"['推荐算法：察言观色，投其所好', None, '第八章第四节测试题']",8.7
C_597208,Ex_3069,"['推荐算法：察言观色，投其所好', None, '第八章第五节测试题']",8.9
C_597208,Ex_3077,"['集成学习：兼听则明，偏听则暗', None, '第九章第一节测试题']",9.1
C_597208,Ex_3078,"['集成学习：兼听则明，偏听则暗', None, '第九章第二节测试题']",9.3
C_597208,Ex_3079,"['集成学习：兼听则明，偏听则暗', None, '第九章第三节测试题']",9.5
C_597208,Ex_3080,"['集成学习：兼听则明，偏听则暗', None, '第九章第四节测试题']",9.7
C_597208,Ex_3081,"['集成学习：兼听则明，偏听则暗', None, '第九章第五节测试题']",9.9
C_597208,Ex_3093,"['进化计算：大道至简，万物之本', None, '第十章第一节测试题']",10.1
C_597208,Ex_3094,"['进化计算：大道至简，万物之本', None, '第十章第二节测试题']",10.3
C_597208,Ex_3095,"['进化计算：大道至简，万物之本', None, '第十章第三节测试题']",10.5
C_597208,Ex_3096,"['进化计算：大道至简，万物之本', None, '第十章第四节测试题']",10.7
C_597208,Ex_3097,"['进化计算：大道至简，万物之本', None, '第十章第五节测试题']",10.9
C_597208,Ex_3098,"['进化计算：大道至简，万物之本', None, '第十章第六节测试题']",10.11
C_597208,Ex_3099,"['进化计算：大道至简，万物之本', None, '第十章第七节测试题']",10.13
C_597208,Ex_3104,"['美丽数据说：阆苑仙葩，美玉无瑕', None, '第十一章第一节测试题']",11.1
C_676953,Ex_1067788,"['一、基础知识', '浮点数的机器表示', '作业：浮点数的机器表示']",0.5.5
C_676953,Ex_1067790,"['三、C与汇编语言', '80x86汇编与C语言-2', '作业：80x86汇编与C语言-2']",2.1.7
C_676953,Ex_1067791,"['三、C与汇编语言', '80x86汇编与C语言-4', '作业：80x86汇编与C语言-4']",2.6.9
C_676953,Ex_1067789,"['三、C与汇编语言', None, '作业：80x86汇编与C语言-3']",2.4
C_676953,Ex_1067792,"['四、\t汇编编程', '80x86汇编编程-1', '作业：80x86汇编编程-1']",3.5
C_676953,Ex_1067793,"['四、\t汇编编程', '80x86汇编编程-2（程序链接）', '作业：80x86汇编编程-2（程序链接）']",3.2.11
C_676953,Ex_1067794,"['五、MIPS汇编', 'MIPS32指令集与编程', '作业：MIPS32指令集与编程']",4.1.7
C_677010,Ex_78429,"['第一章 Java语言基础知识', '1.1-Java与面向对象程序设计简介', '第一章 Java语言基础知识--1.1-Java与面向对象程序设计简介']",0.1.1
C_677010,Ex_78432,"['第一章 Java语言基础知识', '1.4-算法的流程控制', '第一章 Java语言基础知识--1.4-算法的流程控制']",0.6.1
C_677010,Ex_78430,"['第一章 Java语言基础知识', None, '第一章 Java语言基础知识--1.2-基本数据类型与表达式']",0.3
C_677010,Ex_78431,"['第一章 Java语言基础知识', None, '第一章 Java语言基础知识--1.3-数组']",0.5
C_677010,Ex_6221652,"['第一章 Java语言基础知识', None, '第一章编程练习题']",0.8
C_677010,Ex_78465,"['第二章 类与对象', '2.1-面向对象方法的特性', '第二章 类与对象--2.1-面向对象方法的特性']",2.1.1
C_677010,Ex_78466,"['第二章 类与对象', '2.2-1-类声明与对象创建', '第二章 类与对象--2.2-1-类声明与对象创建']",2.2.1
C_677010,Ex_78467,"['第二章 类与对象', '2.2-2-数据成员', '第二章 类与对象--2.2-2-数据成员']",2.3.1
C_677010,Ex_78468,"['第二章 类与对象', '2.2-3-方法成员', '第二章 类与对象--2.2-3-方法成员']",2.4.1
C_677010,Ex_1065563,"['第二章 类与对象', '2.2-4-包', '第二章 类与对象--2.2-4-包']",2.5.1
C_677010,Ex_1065564,"['第二章 类与对象', '2.2-5-类的访问权限控制', '第二章 类与对象--2.2-5-类的访问权限控制 ']",2.6.1
C_677010,Ex_1066167,"['第二章 类与对象', '2.3-1-对象初始化', '第二章 类与对象--2.3-1-对象初始化']",2.7.1
C_677010,Ex_1066168,"['第二章 类与对象', '2.3-2-内存回收', '第二章 类与对象--2.3-2-内存回收 ']",2.8.1
C_677010,Ex_78469,"['第二章 类与对象', '2.4-枚举类', '第二章 类与对象--2.4-枚举类']",2.9.1
C_677010,Ex_6221653,"['第二章 类与对象', None, '第二章编程练习题']",2.12
C_677010,Ex_78480,"['第三章 类的重用', '3.1.1-3.1.2-类继承的概念和语法', '第三章 类的重用--3.1.1-3.1.2-类继承的概念和语法']",3.1.1
C_677010,Ex_78481,"['第三章 类的重用', '3.1.3-隐藏和覆盖', '第三章 类的重用--3.1.3-隐藏和覆盖']",3.2.1
C_677010,Ex_78482,"['第三章 类的重用', '3.2-Object 类', '第三章 类的重用--3.2-Object 类']",3.3.1
C_677010,Ex_78483,"['第三章 类的重用', '3.3-终结类与终结方法', '第三章 类的重用--3.3-终结类与终结方法']",3.4.1
C_677010,Ex_78484,"['第三章 类的重用', '3.4-抽象类', '第三章 类的重用--3.4-抽象类']",3.5.1
C_677010,Ex_78485,"['第三章 类的重用', '3.5-泛型', '第三章 类的重用--3.5-泛型']",3.6.1
C_677010,Ex_6221656,"['第三章 类的重用', None, '第三章编程练习题']",3.9
C_677010,Ex_78495,"['第四章 接口与多态', '4.1-接口', '第四章 接口与多态--4.1-接口']",4.1.1
C_677010,Ex_78496,"['第四章 接口与多态', '4.2.1-4.2.2-类型转换', '第四章 接口与多态--4.2.1-4.2.2-类型转换']",4.2.1
C_677010,Ex_78497,"['第四章 接口与多态', '4.2.3-方法的查找', '第四章 接口与多态--4.2.3-方法的查找']",4.3.1
C_677010,Ex_78498,"['第四章 接口与多态', '4.3-多态的概念', '第四章 接口与多态--4.3-多态的概念']",4.4.1
C_677010,Ex_78499,"['第四章 接口与多态', '4.4-多态的应用举例', '第四章 接口与多态--4.4-多态的应用举例']",4.5.1
C_677010,Ex_78500,"['第四章 接口与多态', '4.5-构造方法与多态性', '第四章 接口与多态--4.5-构造方法与多态性']",4.6.1
C_677010,Ex_6221658,"['第四章 接口与多态', None, '第四章编程作业']",4.8
C_677010,Ex_78515,"['第五章 输入输出', '5.1.1-5.1.2-异常处理的概念', '第五章 输入输出--5.1.1-5.1.2-异常处理的概念']",5.1.1
C_677010,Ex_78516,"['第五章 输入输出', '5.1.3-5.1.5-异常的处理', '第五章 输入输出--5.1.3-5.1.5-异常的处理']",5.2.1
C_677010,Ex_78517,"['第五章 输入输出', '5.2-输入输出流的概念', '第五章 输入输出--5.2-输入输出流的概念']",5.3.1
C_677010,Ex_78518,"['第五章 输入输出', '5.3.1-写文本文件', '第五章 输入输出--5.3.1-写文本文件']",5.4.1
C_677010,Ex_78519,"['第五章 输入输出', '5.3.2-读文本文件', '第五章 输入输出--5.3.2-读文本文件']",5.5.1
C_677010,Ex_78520,"['第五章 输入输出', '5.3.3-写二进制文件', '第五章 输入输出--5.3.3-写二进制文件']",5.6.1
C_677010,Ex_78531,"['第六章 对象群体的组织', '6.1-Java集合框架介绍', '第六章 对象群体的组织--6.1-Java集合框架介绍']",6.1.1
C_677010,Ex_78532,"['第六章 对象群体的组织', '6.2-主要接口及常用的实现类', '第六章 对象群体的组织--6.2-主要接口及常用的实现类']",6.2.1
C_677066,Ex_86693,"['第1章 初识软件工程', None, '第1章 初识软件工程--测验题']",1.7
C_677066,Ex_86703,"['第2章 编写高质量代码', None, '第2章 编写高质量代码--测验题']",2.8
C_677066,Ex_86711,"['第3章 单元测试', None, '第3章 单元测试--测验题']",3.5
C_677066,Ex_86718,"['第4章 软件开发过程', None, '第4章 软件开发过程--测验题']",4.5
C_677066,Ex_86723,"['第5章 团队开发管理', None, '第5章 团队开发管理--测验题']",5.5
C_677066,Ex_86731,"['第6章 敏捷开发与配置管理', None, '第6章 敏捷开发与配置管理--测验题']",6.6
C_677066,Ex_86742,"['第7章 需求获取', None, '第7章 需求获取--测验题']",7.8
C_677066,Ex_86748,"['第8章 用例建模', None, '第8章 用例建模--测验题']",8.6
C_677066,Ex_86756,"['第9章 面向对象分析与设计', None, '第9章 面向对象分析与设计--测验题']",9.5
C_677066,Ex_86764,"['第10章 行为建模', None, '第10章 行为建模--测验题']",10.7
C_677066,Ex_86773,"['第11章 软件系统设计', None, '第11章 软件系统设计--测验题']",11.9
C_677066,Ex_86780,"['第12章 软件交互设计', None, '第12章 软件交互设计--测验题']",12.7
C_677066,Ex_86785,"['第13章 软件系统测试', None, '第13章 软件系统测试--测验题']",13.5
C_677066,Ex_86788,"['第14章 软件交付与维护', None, '第14章 软件交付与维护--测验题']",14.3
C_680747,Ex_116883,"['初识Linux', None, '初识Linux--初识Linux测试']",1.9
C_680747,Ex_116892,"['管好文件', None, '管好文件--用好文件测试01']",2.10
C_680747,Ex_116893,"['管好文件', None, '管好文件--用好文件测试02']",2.12
C_680747,Ex_116896,"['用好重定向和管道', None, '用好重定向和管道--用好重定向和管道测试']",3.4
C_680747,Ex_116899,"['用好vi', None, '用好vi--用好vi测试']",4.4
C_680747,Ex_116907,"['管好用户', None, '管好用户--管好用户测试']",5.9
C_680747,Ex_116912,"['管好硬盘', None, '管好硬盘--管好硬盘测试']",6.6
C_680747,Ex_116915,"['管好网络', None, '管好网络--管好网络测试']",7.4
C_680747,Ex_116919,"['管好软件包', None, '管好软件包测试--作业']",8.5
C_680747,Ex_116923,"['管好进程和服务', None, '管好进程和服务--管好进程和服务测试']",9.5
C_680747,Ex_116926,"['管好远程联机服务器', None, '管好远程联机服务器--管好远程联机服务器测试']",10.4
C_680892,Ex_137135,"['第5章 资源在Windows编程中的应用', None, '第一次作业--作业']",6.7
C_680892,Ex_137136,"['第5章 资源在Windows编程中的应用', None, '第二次作业--作业']",6.8
C_680892,Ex_137137,"['第5章 资源在Windows编程中的应用', None, '第三次作业--作业']",6.9
C_680931,Ex_141792,"['第一章：绪论', None, '第一章：绪论--1.5 习题']",1.5
C_680931,Ex_141798,"['第二章：描述统计', None, '第二章：描述统计--2.6 习题']",2.6
C_680931,Ex_141809,"['第四章：概率分布', None, '第四章：概率分布--4.5 习题']",4.5
C_680931,Ex_141814,"['第五章：统计推断 - 估计', None, '第五章：统计推断 - 估计--5.5 习题']",5.5
C_680931,Ex_141819,"['第六章：统计推断 - 区间估计', None, '第六章：统计推断 - 区间估计--6.5 习题']",6.5
C_680931,Ex_141825,"['第七章： 统计推断 - 显著性检验', None, '第七章： 统计推断 - 显著性检验--7.6 习题']",7.6
C_680931,Ex_141831,"['第八章：两组比较和多组比较', None, '第八章：两组比较和多组比较--8.6 习题']",8.6
C_680931,Ex_141835,"['第九章：变量间的关联分析', None, '第九章：变量间的关联分析--9.4 习题']",9.4
C_680931,Ex_141841,"['第十章：简单线性回归', None, '第十章：简单线性回归--10.6 习题']",10.6
C_680931,Ex_141846,"['第十一章：多元回归', None, '第十一章：多元回归--11.5 习题']",11.5
C_680972,Ex_146676,"['1 虚拟现实概述', None, '第1章--测试']",0.3
C_680972,Ex_1183854,"['2 VR的虚拟环境构建方式之一----基于三维图形的虚拟环境构建', None, '第2章--测试']",1.3
C_680972,Ex_1183855,"['3 VR的虚拟环境构建方式之二----基于图像的虚拟环境构建', None, '第3章--测试']",2.4
C_680972,Ex_146702,"['4 虚拟现实接口设备', None, '第4章--测试']",3.5
C_680972,Ex_146719,"['5 基础图形技术', None, '5 基础图形技术--测试']",4.9
C_680992,Ex_150601,"['第一讲 智能建筑和综合布线系统', '1.1智能建筑和综合布线系统', '1.1智能建筑和综合布线系统--作业']",1.1
C_680992,Ex_150602,"['第一讲 智能建筑和综合布线系统', None, '1.2综合布线系统概述--作业']",1.2
C_680992,Ex_150603,"['第一讲 智能建筑和综合布线系统', None, '1.3认识综合布线系统--作业']",1.4
C_680992,Ex_150606,"['第二讲 工作区子系统设计', None, '2.1工作区子系统的概念和设计原则--作业']",2.1
C_680992,Ex_150609,"['第三讲 水平干线子系统设计', None, '3.1水平干线子系统的基本结构和设计原则--作业']",3.1
C_680992,Ex_150610,"['第三讲 水平干线子系统设计', None, '3.2水平干线子系统的设计实例和工程技术--作业']",3.3
C_680992,Ex_150613,"['第四讲 垂直干线子系统设计', None, '4.1垂直子系统基本结构和设计原则--作业']",4.1
C_680992,Ex_150614,"['第四讲 垂直干线子系统设计', None, '4.2垂直子系统的设计实例和工程技术--作业']",4.3
C_680992,Ex_150617,"['第五讲 管理间子系统', None, '5.1管理间子系统的基本结构和设计原则--作业']",5.1
C_680992,Ex_150618,"['第五讲 管理间子系统', None, '5.2管理间子系统的设计实例和工程技术--作业']",5.3
C_680992,Ex_150622,"['第六讲 设备间子系统', None, '6.1设备间子系统的基本结构和设计原则1--作业']",6.1
C_680992,Ex_150623,"['第六讲 设备间子系统', None, '6.2设备间子系统的设计原则2--作业']",6.3
C_680992,Ex_150624,"['第六讲 设备间子系统', None, '6.3设备间子系统的设计实例和施工技术--作业']",6.5
C_680992,Ex_150628,"['第七讲 进线间和建筑群子系统', None, '7.1进线间和建筑群子系统基本结构和设计原则--作业']",7.1
C_680992,Ex_150629,"['第七讲 进线间和建筑群子系统', None, '7.2进线间和建筑群子系统设计步骤和方法--作业']",7.3
C_680992,Ex_150630,"['第七讲 进线间和建筑群子系统', None, '7.3进线间和建筑群子系统施工技术--作业']",7.5
C_680992,Ex_983145,"['第八讲 计算机网络基础知识', '8.1计算机网络组成与分类', '8.1计算机网络组成与分类作业']",8.1
C_680992,Ex_996977,"['第八讲 计算机网络基础知识', '8.2计算机网络的体系结构', '计算机网络的体系结构-作业']",8.1.1
C_680992,Ex_996981,"['第八讲 计算机网络基础知识', '8.3计算机网络的拓扑结构', '计算机网络的拓扑结构-作业']",8.2.1
C_680992,Ex_996975,"['第八讲 计算机网络基础知识', '8.4局域网组建', '局域网组建-作业']",8.3.1
C_680992,Ex_996979,"['第八讲 计算机网络基础知识', '8.5虚拟局域网（VLAN）划分', '虚拟局域网（VLAN）划分-作业']",8.4.1
C_680992,Ex_996972,"['第八讲 计算机网络基础知识', '8.6IPV4地址', 'IPv4地址-作业']",8.5.1
C_680992,Ex_150633,"['第十讲 网络传输介质', None, '10.1双绞线的制作--作业']",10.1
C_680992,Ex_150634,"['第十讲 网络传输介质', None, '10.2光纤熔接技术--作业']",10.3
C_680992,Ex_150637,"['第十一讲 综合布线工程配线端接技术', None, '11.1复杂永久链路端接与测试理论--作业']",11.1
C_680992,Ex_150638,"['第十一讲 综合布线工程配线端接技术', None, '11.2测试链端接实训--作业']",11.3
C_680992,Ex_150641,"['第十二讲 光纤熔接技术', None, '12.1光纤熔接技术--作业']",12.1
C_680992,Ex_150643,"['第十三讲 综合布线工程安装施工技术', None, '13.1信息插座安装实训--作业']",13.1
C_680992,Ex_997370,"['第十四讲 综合布线工程管槽安装施工', '14.1综合布线系统线缆的槽、管铺设方法', '综合布线系统线缆的槽、管铺设方法作业']",14.2
C_680992,Ex_997371,"['第十四讲 综合布线工程管槽安装施工', '14.3综合布线系统金属管和金属软管', '综合布线系统金属管和金属软管作业']",14.3.1
C_680992,Ex_997372,"['第十四讲 综合布线工程管槽安装施工', '14.4金属槽和金属桥架', '金属槽和金属桥架作业']",14.4.2
C_680992,Ex_150648,"['第十四讲 综合布线工程管槽安装施工', None, '14.2PVC线槽、线管安装理论--作业']",14.2
C_680992,Ex_150649,"['第十四讲 综合布线工程管槽安装施工', None, '14.5PVC线管安装实训--作业']",14.6
C_680992,Ex_150650,"['第十四讲 综合布线工程管槽安装施工', None, '14.6PVC线槽安装实训--作业']",14.8
C_680992,Ex_150651,"['第十四讲 综合布线工程管槽安装施工', None, '14.7网络设备、机柜安装实训--作业']",14.10
C_680992,Ex_997316,"['第十五讲 综合布线系统的标签标识', '15.1综合布线系统标签标识存在的问题与要求及标识设计', '综合布线系统标签标识存在的问题与要求及标识设计']",15.2
C_680992,Ex_997317,"['第十五讲 综合布线系统的标签标识', '15.2综合布线系统标签标识的作用与分类', '综合布线系统标签标识的作用与分类']",15.1.2
C_680992,Ex_1001546,"['第十六讲 综合布线在安防系统中的应用', '16.1综合布线在安防系统中的应用', '综合布线在安防系统中的应用']",16.1
C_680992,Ex_1001547,"['第十六讲 综合布线在安防系统中的应用', '16.2网络综合布线系统施工技术注意事项', '网络综合布线系统施工技术注意事项']",16.1.1
C_680992,Ex_1001548,"['第十六讲 综合布线在安防系统中的应用', '16.3网络摄像机综合布线方法和安装步骤', '网络摄像机综合布线方法和安装步骤']",16.2.1
C_680992,Ex_996986,"['第十七讲 综合布线系统招投标及工程管理', '17.1综合布线系统工程招投标', '综合布线系统工程招投标']",17.2
C_680992,Ex_996988,"['第十七讲 综合布线系统招投标及工程管理', '17.2综合布线系统工程管理', '综合布线系统工程管理']",17.1.2
C_680992,Ex_996990,"['第十七讲 综合布线系统招投标及工程管理', '17.3综合布线系统工程概预算', '综合布线系统工程概预算']",17.2.2
C_680992,Ex_983327,"['期末考试', None, '期末考试']",18
C_681336,Ex_187693,"['单元1 开发第一个Android应用程序', None, '单元1 开发第一个Android应用程序--任务一 开发第一个Android应用程序']",1.2
C_681336,Ex_187725,"['单元2 界面编程', None, '任务一 唐诗赏析软件--作业']",2.2
C_681336,Ex_187726,"['单元2 界面编程', None, '单元2 界面编程--任务二 用户注册界面设计']",2.4
C_681336,Ex_187727,"['单元2 界面编程', None, '单元2 界面编程--任务三 用户登录界面设计']",2.6
C_681336,Ex_187728,"['单元2 界面编程', None, '单元2 界面编程--任务四 游戏开始界面设计']",2.8
C_681336,Ex_187729,"['单元2 界面编程', None, '任务五 图片浏览器--作业']",2.10
C_681336,Ex_187730,"['单元2 界面编程', None, '任务六 个人信息收集界面设计--作业']",2.12
C_681336,Ex_187731,"['单元2 界面编程', None, '任务七 日期和时间选择器--作业']",2.14
C_681336,Ex_187732,"['单元2 界面编程', None, '任务八 猜拳游戏--作业']",2.16
C_681336,Ex_187733,"['单元2 界面编程', None, '任务九 制作选项菜单--作业']",2.18
C_681336,Ex_187734,"['单元2 界面编程', None, '任务十 简单的文本编辑器--作业']",2.20
C_681336,Ex_187735,"['单元2 界面编程', None, '任务十一 制作滚动视图界面--作业']",2.22
C_681336,Ex_187748,"['单元3 深入理解Activity', None, '任务一 用户登录功能实现--作业']",3.2
C_681336,Ex_187771,"['单元5 Android数据存储', None, '任务一 使用SharePreferences存储和读取数据--作业']",5.2
C_681336,Ex_187772,"['单元5 Android数据存储', None, '任务二 应用程序数据文件夹里的文件读写--作业']",5.4
C_681336,Ex_187773,"['单元5 Android数据存储', None, '任务三  基于SQLite的用户信息存储器--作业']",5.6
C_681336,Ex_187781,"['单元6 Service与BroadcastReceiver', None, '任务一 启动和关闭一个Service--作业']",6.2
C_681336,Ex_187782,"['单元6 Service与BroadcastReceiver', None, '任务二 来电监听器--作业']",6.4
C_681336,Ex_187796,"['单元7 网络应用技术', None, '任务一 基于TCP协议的点对点通信--作业']",7.2
C_681336,Ex_187797,"['单元7 网络应用技术', None, '任务二 使用HTTP访问网络资源--作业']",7.4
C_681345,Ex_188524,"['第一章 学会控制软件', None, '前言 极速悟透3ds Max，开启你的虚拟之旅程--作业']",0.1
C_681345,Ex_188525,"['第一章 学会控制软件', None, '1.1软件的获取没那么难--作业']",0.3
C_681345,Ex_188526,"['第一章 学会控制软件', None, '1.2 3ds Max界面介绍--作业']",0.5
C_681345,Ex_188527,"['第一章 学会控制软件', None, '1.3.1项目准备1：建立属于自己的项目文件夹--作业']",0.7
C_681345,Ex_188528,"['第一章 学会控制软件', None, '1.3.2 项目准备2：第一次使用时的初始化设置--作业']",0.9
C_681345,Ex_188529,"['第一章 学会控制软件', None, '1.4.1 文件的打开和保存--作业']",0.11
C_681345,Ex_188530,"['第一章 学会控制软件', None, '1.4.2 让你的操作更加灵活--作业']",0.13
C_681345,Ex_188531,"['第一章 学会控制软件', None, '1.4.3 基本操作中的那些小技巧--作业']",0.15
C_681345,Ex_188532,"['第一章 学会控制软件', None, '1.5 用键盘，瞬间掌握基本操作--作业']",0.17
C_681345,Ex_188533,"['第一章 学会控制软件', None, '1.6 创建你的第一个基本体模型--作业']",0.19
C_681345,Ex_188549,"['第二章 三维建模从这里开始', None, '2.1 三维建模的开始--作业']",1.1
C_681345,Ex_188550,"['第二章 三维建模从这里开始', None, '2.2 三种超实用建模的方法--作业']",1.3
C_681345,Ex_188551,"['第二章 三维建模从这里开始', None, '2.3 布尔建模方法--作业']",1.5
C_681345,Ex_188552,"['第二章 三维建模从这里开始', None, '2.4.1 样条线建模1：样条线建模法--作业']",1.7
C_681345,Ex_188553,"['第二章 三维建模从这里开始', None, '2.4.2 样条线建模2：一根线，玩转样条线建模--作业']",1.9
C_681345,Ex_188554,"['第二章 三维建模从这里开始', None, '2.4.3 样条线建模3：打通样条线建模的任督二脉--作业']",1.11
C_681345,Ex_188555,"['第二章 三维建模从这里开始', None, '2.5.1 多边形建模1：多边形建模法--作业']",1.13
C_681345,Ex_188556,"['第二章 三维建模从这里开始', None, '2.5.2 多边形建模2：多边形选择的秘籍--作业']",1.15
C_681345,Ex_188557,"['第二章 三维建模从这里开始', None, '2.5.3 多边形建模3：多边形建模的十六种兵器--作业']",1.17
C_681345,Ex_188558,"['第二章 三维建模从这里开始', None, '2.5.4 多边形建模4：细分，提高你的模型“分辨率”--作业']",1.19
C_681345,Ex_188559,"['第二章 三维建模从这里开始', None, '2.5.5 多边形建模5：对象的附加和分离--作业']",1.21
C_681345,Ex_188560,"['第二章 三维建模从这里开始', None, '2.6.1 建模进阶技巧1：“立体”建模法--作业']",1.23
C_681345,Ex_188561,"['第二章 三维建模从这里开始', None, '2.6.2 建模进阶技巧2：“盒子”建模法--作业']",1.25
C_681345,Ex_188562,"['第二章 三维建模从这里开始', None, '2.6.3 建模进阶技巧3：“解构”建模法--作业']",1.27
C_681345,Ex_188563,"['第二章 三维建模从这里开始', None, '2.6.4 建模进阶技巧4：建模中，那些需要考虑的问题--作业']",1.29
C_681345,Ex_188582,"['第三章 让画面更真实的秘密', None, '3.1 了解渲染--作业']",2.1
C_681345,Ex_188583,"['第三章 让画面更真实的秘密', None, '3.2.1 渲染输出你的第一幅作品--作业']",2.3
C_681345,Ex_188584,"['第三章 让画面更真实的秘密', None, '3.2.2 Arnold的初始化设置--作业']",2.5
C_681345,Ex_188585,"['第三章 让画面更真实的秘密', None, '3.2.3 Arnold渲染器简要介绍--作业']",2.7
C_681345,Ex_188586,"['第三章 让画面更真实的秘密', None, '3.2.4 Arnold渲染模块1：采样--作业']",2.9
C_681345,Ex_188587,"['第三章 让画面更真实的秘密', None, '3.2.5 Arnold渲染模块2：光线深度和过滤--作业']",2.11
C_681345,Ex_188588,"['第三章 让画面更真实的秘密', None, '3.3.1 你了解光吗？--作业']",2.13
C_681345,Ex_188589,"['第三章 让画面更真实的秘密', None, '3.3.2 光与色--作业']",2.15
C_681345,Ex_188590,"['第三章 让画面更真实的秘密', None, '3.3.3 光与影--作业']",2.17
C_681345,Ex_188591,"['第三章 让画面更真实的秘密', None, '3.3.4 软投影和硬投影--作业']",2.19
C_681345,Ex_188592,"['第三章 让画面更真实的秘密', None, '3.3.5 六种光位，六种感受--作业']",2.21
C_681345,Ex_188593,"['第三章 让画面更真实的秘密', None, '3.4.1 Arnold灯光类型--作业']",2.23
C_681345,Ex_188594,"['第三章 让画面更真实的秘密', None, '3.4.2 Arnold灯光参数--作业']",2.25
C_681345,Ex_188595,"['第三章 让画面更真实的秘密', None, '3.4.3 色温和白平衡，两个好搭档--作业']",2.27
C_681345,Ex_188596,"['第三章 让画面更真实的秘密', None, '3.5.1 三点打灯法--作业']",2.29
C_681345,Ex_188597,"['第三章 让画面更真实的秘密', None, '3.5.2 夜晚的室内光照就这么来--作业']",2.31
C_681345,Ex_188598,"['第三章 让画面更真实的秘密', None, '3.6.1 渲染也有技巧--作业']",2.33
C_681345,Ex_188599,"['第三章 让画面更真实的秘密', None, '3.6.2 进阶技巧2：法线和平滑组--作业']",2.35
C_681345,Ex_188612,"['第四章 给模型穿上漂亮的衣裳', None, '4.1 四分钟了解本章内容--作业']",3.1
C_681345,Ex_188613,"['第四章 给模型穿上漂亮的衣裳', None, '4.2.1 材质编辑器打开的方法--作业']",3.3
C_681345,Ex_188614,"['第四章 给模型穿上漂亮的衣裳', None, '4.2.2 物理材质，质感制作如此简单--作业']",3.5
C_681345,Ex_188615,"['第四章 给模型穿上漂亮的衣裳', None, '4.2.3 材质身边的三个助手--作业']",3.7
C_681345,Ex_188616,"['第四章 给模型穿上漂亮的衣裳', None, '4.2.4 创建一个简单的材质--作业']",3.9
C_681345,Ex_188617,"['第四章 给模型穿上漂亮的衣裳', None, '4.3.1 不同的贴图通道，实现不同的效果--作业']",3.11
C_681345,Ex_188618,"['第四章 给模型穿上漂亮的衣裳', None, '4.3.2 位图节点，小节点大用处--作业']",3.13
C_681345,Ex_188619,"['第四章 给模型穿上漂亮的衣裳', None, '4.4.1 UVW贴图法1:锁住贴图的方法--作业']",3.15
C_681345,Ex_188620,"['第四章 给模型穿上漂亮的衣裳', None, '4.4.2 UVW贴图法2：多层叠加的玩法--作业']",3.17
C_681345,Ex_188621,"['第四章 给模型穿上漂亮的衣裳', None, '4.4.3 UVW展开1：编辑功能大杂烩--作业']",3.19
C_681345,Ex_188622,"['第四章 给模型穿上漂亮的衣裳', None, '4.4.4 UVW展开2：投影法这么玩--作业']",3.21
C_681345,Ex_188623,"['第四章 给模型穿上漂亮的衣裳', None, '4.4.5 UVW展开3：功能强大的UV编辑器--作业']",3.23
C_681345,Ex_188635,"['第五章 动画的基本功', None, '5.1 聊聊动画--作业']",4.1
C_681345,Ex_188636,"['第五章 动画的基本功', None, '5.2.1 3dsMax的动画模块--作业']",4.3
C_681345,Ex_188637,"['第五章 动画的基本功', None, '5.2.2 让动画更有趣的法则1：时间和空间幅度--作业']",4.5
C_681345,Ex_188638,"['第五章 动画的基本功', None, '5.2.3 让动画更有趣的法则2：缓动--作业']",4.7
C_681345,Ex_188639,"['第五章 动画的基本功', None, '5.2.4 让动画更有趣的法则3：挤压和拉伸--作业']",4.9
C_681345,Ex_188640,"['第五章 动画的基本功', None, '5.3.1 动画技法1：子父子链接--作业']",4.11
C_681345,Ex_188641,"['第五章 动画的基本功', None, '5.3.2 动画技法2：循环动画--作业']",4.13
C_681345,Ex_188642,"['第五章 动画的基本功', None, '5.4.1 摄像机就这么玩--作业']",4.15
C_681345,Ex_188643,"['第五章 动画的基本功', None, '5.4.2 摄像机里不能被忽略的安全框--作业']",4.17
C_681345,Ex_188644,"['第五章 动画的基本功', None, '5.4.3 摄像机的运动--作业']",4.19
C_681345,Ex_188645,"['第五章 动画的基本功', None, '5.4.4 镜头的跟拍--作业']",4.21
C_681345,Ex_188652,"['第六章 什么东西都可以信手拈来', None, '6.1 用Arnold渲染一张VR全景图']",5.1
C_681345,Ex_188653,"['第六章 什么东西都可以信手拈来', None, '6.2 快速实现VR交互--作业']",5.3
C_681345,Ex_188654,"['第六章 什么东西都可以信手拈来', None, '6.3 快速实现AR交互--作业']",5.5
C_681345,Ex_188655,"['第六章 什么东西都可以信手拈来', None, '6.4 3ds Max的朋友们--作业']",5.7
C_681345,Ex_188656,"['第六章 什么东西都可以信手拈来', None, '6.5 自我学习与提高方法--作业']",5.9
C_681345,Ex_188657,"['第六章 什么东西都可以信手拈来', None, '6.6 获得资源的方法--作业']",5.11
C_681357,Ex_189612,"['第1章  万物互联简介', None, '第1章  万物互联简介--第一章习题']",1.7
C_681357,Ex_189618,"['第2章  万物互联支撑要素', None, '第2章  万物互联支撑要素--第二章习题']",2.6
C_681357,Ex_189624,"['第3章  联所未连', None, '第3章  联所未连--第三章习题']",3.6
C_681357,Ex_189628,"['第4章  过渡到IoE', None, '第4章  过渡到IoE--第四章习题']",4.4
C_681444,Ex_197238,"['第一章-AI鸟瞰及进阶指南', None, '1.7：第一章-作业提交-历史版本--作业']",1.2
C_681444,Ex_197246,"['第二章-机器学习入门', None, '2.6：第二章-作业提交--作业']",2.7
C_681444,Ex_197253,"['第三章-经典神经网络', None, '3.6：第三章-作业提交--作业']",3.7
C_681444,Ex_197261,"['第四章-深度神经网络', None, '4.7：第四章-作业提交--作业']",4.8
C_681444,Ex_197269,"['第五章-卷积神经网络', None, '5.8：第五章-作业提交--作业']",5.9
C_681444,Ex_197279,"['第六章-视觉分类任务', None, '6.10：第六章-作业提交--作业']",6.11
C_681444,Ex_197285,"['第七章-视觉探测任务', None, '7.6：第七章-作业提交--作业']",7.7
C_681692,Ex_213482,"['第一章 人类的密友还是对手？', None, '1.1 未来什么职业会被取代？--作业']",2.2
C_681692,Ex_213483,"['第一章 人类的密友还是对手？', None, '1.2 人工智能在哪里--作业']",2.4
C_681692,Ex_213484,"['第一章 人类的密友还是对手？', None, '1.3 强人工智能和弱人工智能--作业']",2.6
C_681692,Ex_213485,"['第一章 人类的密友还是对手？', None, '1.4 人工智能靠什么实现？--作业']",2.8
C_681692,Ex_213486,"['第一章 人类的密友还是对手？', None, '1.5 5G和人工智能有何关系？--作业']",2.10
C_681692,Ex_213496,"['第二章 五代十国之争', None, '2.1  5G，你是不是只比4G多1G？--作业']",3.2
C_681692,Ex_213497,"['第二章 五代十国之争', None, '2.2  5G，初见--作业']",3.4
C_681692,Ex_213498,"['第二章 五代十国之争', None, '2.3  5G，五代十国的史诗--作业']",3.6
C_681692,Ex_213499,"['第二章 五代十国之争', None, '2.4  五代是哪五代？--作业']",3.8
C_681692,Ex_213500,"['第二章 五代十国之争', None, '2.5  5G的三大场景--作业']",3.10
C_681692,Ex_213501,"['第二章 五代十国之争', None, '2.6  五代（5G）演进到哪儿啦？--作业']",3.12
C_681692,Ex_213502,"['第二章 五代十国之争', None, '2.7  马上就要来到的5G，我能做什么产品？--作业']",3.14
C_681692,Ex_213503,"['第二章 五代十国之争', None, '2.8  围咖夜话（专家访谈）--作业']",3.16
C_681692,Ex_213512,"['第三章 5G以前的故事', None, '3.1  3G之母（多址 核心技术 CDMA)上--作业']",4.2
C_681692,Ex_213513,"['第三章 5G以前的故事', None, '3.2  3G之母（多址 核心技术 CDMA)下--作业']",4.4
C_681692,Ex_213514,"['第三章 5G以前的故事', None, '3.3  高个爸爸与大盗--作业']",4.6
C_681692,Ex_213515,"['第三章 5G以前的故事', None, '3.4  4G的变局,半路杀出的Wi--作业']",4.8
C_681692,Ex_213516,"['第三章 5G以前的故事', None, '3.5  4G的核心技术--作业']",4.10
C_681692,Ex_213517,"['第三章 5G以前的故事', None, '3.6  羞涩的4G，前进的5G--作业']",4.12
C_681692,Ex_213518,"['第三章 5G以前的故事', None, '3.7  5G网络架构--作业']",4.14
C_681692,Ex_213519,"['第三章 5G以前的故事', None, '3.8  围咖夜话（专家访谈）--作业']",4.16
C_681692,Ex_213526,"['第四章 Al, GOGOGO!', None, '4.1  我们来说说“狗”--作业']",5.2
C_681692,Ex_213527,"['第四章 Al, GOGOGO!', None, '4.2 《阿尔法狗》前世今生--作业']",5.4
C_681692,Ex_213528,"['第四章 Al, GOGOGO!', None, '4.3  AlphaGo 的原理--作业']",5.6
C_681692,Ex_213529,"['第四章 Al, GOGOGO!', None, '4.4  阿尔法狗和我们有什么关系？--作业']",5.8
C_681692,Ex_213530,"['第四章 Al, GOGOGO!', None, '4.5  深度学习AlphaGo (1)--作业']",5.10
C_681692,Ex_213531,"['第四章 Al, GOGOGO!', None, '4.6  深度学习AlphaGo(2)--作业']",5.12
C_681692,Ex_213538,"['第五章 可以读的视觉', None, '5.1  无处不在的感知--作业']",6.2
C_681692,Ex_213539,"['第五章 可以读的视觉', None, '5.2  5G和视觉--作业']",6.4
C_681692,Ex_213540,"['第五章 可以读的视觉', None, '5.3  AI视觉，靠脸吃饭--作业']",6.6
C_681692,Ex_213541,"['第五章 可以读的视觉', None, '5.4  如何应对伪造者？--作业']",6.8
C_681692,Ex_213542,"['第五章 可以读的视觉', None, '5.5  手机上的视觉--作业']",6.10
C_681692,Ex_213550,"['第六章 自动驾驶', None, '6.1  自动驾驶，离得不远--作业']",7.2
C_681692,Ex_213551,"['第六章 自动驾驶', None, '6.2  无人驾驶实现有多难--作业']",7.4
C_681692,Ex_213552,"['第六章 自动驾驶', None, '6.3  自动驾驶也有等级--作业']",7.6
C_681692,Ex_213553,"['第六章 自动驾驶', None, '6.4 无人车的视觉--作业']",7.8
C_681692,Ex_213554,"['第六章 自动驾驶', None, '6.5 自动驾驶和5G的关系(1)--作业']",7.10
C_681692,Ex_213555,"['第六章 自动驾驶', None, '6.6 自动驾驶和5G的关系(2)--作业']",7.12
C_681729,Ex_216903,"['第一章            基础知识', None, '习题--作业']",1.7
C_681729,Ex_216909,"['第二章            确定有限自动机', None, '习题--作业']",2.6
C_681729,Ex_216916,"['第三章            非确定有限自动机', None, '习题--作业']",3.7
C_681729,Ex_216923,"['第四章            正则表示', None, '习题--作业']",4.7
C_681729,Ex_216928,"['第五章            正则文法和正则语言', None, '习题--作业']",5.5
C_681729,Ex_216935,"['第六章            正则语言的性质与DFA优化', None, '习题--作业']",6.7
C_681729,Ex_216941,"['第七章 上下文无关文法和推导', None, '习题--作业']",7.6
C_681729,Ex_216948,"['第八章  CFG的应用与文法的二义性', None, '习题--作业']",8.7
C_681729,Ex_216954,"['第九章 下推自动机', None, '习题--作业']",9.6
C_681729,Ex_216962,"['第十章 下推自动机与CFG化简规范', None, '习题--作业']",10.8
C_681729,Ex_216969,"['第十一章 上下文无关语言的性质', None, '习题--作业']",11.7
C_681729,Ex_216975,"['第十二章 Turing机', None, '习题--作业']",12.6
C_681729,Ex_216981,"['第十三章 图灵机的扩展', None, '习题--作业']",13.6
C_681729,Ex_216987,"['第十四章 不可判定问题', None, '习题--作业']",14.6
C_681729,Ex_216993,"['第十五章 自动机及应用', None, '习题--作业']",15.6
C_681745,Ex_219649,"['第2章 信息素养概述', None, '2.1 信息素养提出的背景--作业']",2.2
C_681745,Ex_219650,"['第2章 信息素养概述', None, '2.2 什么是信息素养--作业']",2.4
C_681745,Ex_219651,"['第2章 信息素养概述', None, '2.3信息素养的教育与训练--作业']",2.6
C_681745,Ex_219653,"['第2章 信息素养概述', None, '第二章  考试题']",2.7
C_681745,Ex_219658,"['第3章 信息检索与综合类搜索引擎', None, '3.1信息素养与信息检索--作业']",3.2
C_681745,Ex_219659,"['第3章 信息检索与综合类搜索引擎', None, '3.2 综合类搜索引擎--作业']",3.4
C_681745,Ex_219660,"['第3章 信息检索与综合类搜索引擎', None, '3.3 搜索引擎的高级搜索语法--作业']",3.6
C_681745,Ex_219661,"['第3章 信息检索与综合类搜索引擎', None, '3.4 高级搜索语法与高级搜索界面--作业']",3.8
C_681745,Ex_219662,"['第3章 信息检索与综合类搜索引擎', None, '第三章 考试题']",3.9
C_681745,Ex_219667,"['第4章 垂直类搜索引擎', None, '4.1视频和图片搜索--作业']",4.2
C_681745,Ex_219668,"['第4章 垂直类搜索引擎', None, '4.2 图标、声音和程序代码搜索--作业']",4.4
C_681745,Ex_219669,"['第4章 垂直类搜索引擎', None, '4.3 网盘、电子书、字体和外文翻译搜索--作业']",4.6
C_681745,Ex_219670,"['第4章 垂直类搜索引擎', None, '第四章  考试题']",4.7
C_681745,Ex_219677,"['第5章 计算机新技术', None, '5.1 从互联网到物联网--作业']",5.2
C_681745,Ex_219678,"['第5章 计算机新技术', None, '5.2 物联网在重点领域中的应用--作业']",5.4
C_681745,Ex_219680,"['第5章 计算机新技术', None, '5.3 大数据及其应用--作业']",5.6
C_681745,Ex_219681,"['第5章 计算机新技术', None, '5.4 人工智能及其应用--作业']",5.8
C_681745,Ex_219682,"['第5章 计算机新技术', None, '5.5 互联网+与创新创业--作业']",5.10
C_681745,Ex_219683,"['第5章 计算机新技术', None, '5.6 互联网+下的当代生活--作业']",5.12
C_681745,Ex_219684,"['第5章 计算机新技术', None, '第五章  考试题']",5.13
C_681745,Ex_219689,"['第6章 信息的获取与鉴别', None, '6.1 信息的获取-通过搜索引擎和邮件订阅--作业']",6.2
C_681745,Ex_219690,"['第6章 信息的获取与鉴别', None, '6.2 信息的获取-通过服务网站或APP--作业']",6.4
C_681745,Ex_219691,"['第6章 信息的获取与鉴别', None, '6.3 鉴别信息的基本方法和网站鉴别--作业']",6.6
C_681745,Ex_219693,"['第6章 信息的获取与鉴别', None, '6.4 鉴别新闻、消息信息的质量--作业']",6.8
C_681745,Ex_219694,"['第6章 信息的获取与鉴别', None, '第六章 考试题']",6.9
C_681745,Ex_219699,"['第7章 学术和专利信息检索', None, '7.1 中文学术信息检索--作业']",7.2
C_681745,Ex_219700,"['第7章 学术和专利信息检索', None, '7.2 外文学术信息检索--作业']",7.4
C_681745,Ex_219701,"['第7章 学术和专利信息检索', None, '7.3 搜索引擎的学术信息检索--作业']",7.6
C_681745,Ex_219702,"['第7章 学术和专利信息检索', None, '7.4 专利信息检索--作业']",7.8
C_681745,Ex_219703,"['第7章 学术和专利信息检索', None, '第七章 考试题']",7.9
C_681745,Ex_219707,"['第8章 信息安全', None, '第8章 信息安全--8.1 信息安全知多少']",8.2
C_681745,Ex_219708,"['第8章 信息安全', None, '8.2 重要数据要加密--作业']",8.4
C_681745,Ex_219709,"['第8章 信息安全', None, '8.3 个人信息安全--作业']",8.6
C_681745,Ex_219710,"['第8章 信息安全', None, '第八章  考试题']",8.7
C_681745,Ex_219715,"['第9章 信息的处理、表达及存储', None, '9.1 信息的处理、表达及存储--作业']",9.2
C_681745,Ex_219716,"['第9章 信息的处理、表达及存储', None, '9.2 如何让PPT高、大、上--作业']",9.4
C_681745,Ex_219717,"['第9章 信息的处理、表达及存储', None, '9.3 信息的表达--作业']",9.6
C_681745,Ex_219718,"['第9章 信息的处理、表达及存储', None, '9.4 信息的存储--作业']",9.8
C_681745,Ex_219719,"['第9章 信息的处理、表达及存储', None, '第九章 考试题']",9.9
C_681767,Ex_223584,"['1.认识计算机', None, '1.1 计算机的发展和分类--作业']",1.2
C_681767,Ex_223585,"['1.认识计算机', None, '1.2 计算机的组成--作业']",1.4
C_681767,Ex_223586,"['1.认识计算机', None, '1.3 进制之间的转换--作业']",1.6
C_681767,Ex_223587,"['1.认识计算机', None, '章节测试--作业']",1.7
C_681767,Ex_223591,"['2.操作系统的基本操作和应用', None, '2.1 操作系统的基本操作和应用1--作业']",2.2
C_681767,Ex_223592,"['2.操作系统的基本操作和应用', None, '2.2 操作系统的基本操作和应用2--作业']",2.4
C_681767,Ex_223593,"['2.操作系统的基本操作和应用', None, '2.3 win7系统U盘制作与安装--作业']",2.6
C_681767,Ex_223594,"['2.操作系统的基本操作和应用', None, '章节测试--作业']",2.7
C_681767,Ex_223599,"['3. 计算机网络基础及网络信息应用', None, '3.1 计算机网络概述--作业']",3.2
C_681767,Ex_223600,"['3. 计算机网络基础及网络信息应用', None, '3.2 Internet基础--作业']",3.4
C_681767,Ex_223601,"['3. 计算机网络基础及网络信息应用', None, '3.3 互联网搜索与信息检索--作业']",3.6
C_681767,Ex_223602,"['3. 计算机网络基础及网络信息应用', None, '3.4 计算机网络安全与维护--作业']",3.8
C_681767,Ex_223603,"['3. 计算机网络基础及网络信息应用', None, '章节测试--作业']",3.9
C_681767,Ex_223607,"['4.文字处理Word2010', None, '4.1 文档的编辑操作--作业']",4.2
C_681767,Ex_223608,"['4.文字处理Word2010', None, '4.2 表格操作--作业']",4.4
C_681767,Ex_223609,"['4.文字处理Word2010', None, '4.3 图文混排--作业']",4.6
C_681767,Ex_223610,"['4.文字处理Word2010', None, '章节测试--作业']",4.7
C_681767,Ex_223614,"['5.数据处理Excel2010', None, '5.1 Excel2010基本操作--作业']",5.2
C_681767,Ex_223615,"['5.数据处理Excel2010', None, '5.2 Excel2010高级操作1--作业']",5.4
C_681767,Ex_223616,"['5.数据处理Excel2010', None, '5.3 Excel2010高级操作2--作业']",5.6
C_681767,Ex_223617,"['5.数据处理Excel2010', None, '章节测试--作业']",5.7
C_681767,Ex_223620,"['6.演示文稿制作PowerPoint2010', None, '6.1 幻灯片的美化及内容编辑--作业']",6.2
C_681767,Ex_223621,"['6.演示文稿制作PowerPoint2010', None, '6.2 幻灯片互动效果制作和放映--作业']",6.4
C_681767,Ex_223622,"['6.演示文稿制作PowerPoint2010', None, '章节测试--作业']",6.5
C_681767,Ex_223625,"['7.多媒体技术', None, '7.1 Photoshop处理图片--作业']",7.2
C_681767,Ex_223626,"['7.多媒体技术', None, '7.2 多媒体视频编辑--作业']",7.4
C_681767,Ex_223627,"['7.多媒体技术', None, '章节测试--作业']",7.5
C_681803,Ex_227790,"['Basics of Linux Data Processing', None, 'Manipulating Data on Linux--作业']",2.2
C_681803,Ex_227791,"['Basics of Linux Data Processing', None, 'Running Commands on a Single Machine--作业']",2.4
C_681803,Ex_227792,"['Basics of Linux Data Processing', None, 'Using a Linux Cluster--作业']",2.6
C_681803,Ex_227798,"['Distributed File System', None, 'Storage for Big Data Computing:  Distributed file system--作业']",3.2
C_681803,Ex_227799,"['Distributed File System', None, 'File system and GFS--作业']",3.4
C_681803,Ex_227800,"['Distributed File System', None, 'Understanding HDFS using Legos--作业']",3.6
C_681803,Ex_227801,"['Distributed File System', None, 'File System Implementation and DFS--作业']",3.8
C_681803,Ex_227808,"['MapReduce', None, 'What is MapReduce and why']",4.2
C_681803,Ex_227809,"['MapReduce', None, 'Processing pattern--作业']",4.5
C_681803,Ex_227810,"['MapReduce', None, 'Hadoop--作业']",4.7
C_681803,Ex_227811,"['MapReduce', None, 'Algorithms in MapReduce--作业']",4.9
C_681803,Ex_227817,"['In-memory Processing', None, 'Background--作业']",5.2
C_681803,Ex_227818,"['In-memory Processing', None, 'Spark--作业']",5.4
C_681803,Ex_227819,"['In-memory Processing', None, 'Use Spark for data mining--作业']",5.6
C_681803,Ex_227820,"['In-memory Processing', None, 'Spark data processing--作业']",5.8
C_681803,Ex_227821,"['In-memory Processing', None, 'Experiment in Spark--作业']",5.10
C_681803,Ex_227828,"['Streaming Data Processing', None, 'Introduction to streaming data processing--作业']",6.2
C_681803,Ex_227829,"['Streaming Data Processing', None, 'Storm--作业']",6.4
C_681803,Ex_227830,"['Streaming Data Processing', None, 'Spark streaming--作业']",6.6
C_681803,Ex_227836,"['NoSQL', None, 'NoSQL introduction--作业']",7.2
C_681803,Ex_227837,"['NoSQL', None, 'Common Advantages--作业']",7.4
C_681803,Ex_227838,"['NoSQL', None, 'Bigtable--作业']",7.6
C_681803,Ex_227839,"['NoSQL', None, 'Master Startup--作业']",7.8
C_681803,Ex_227840,"['NoSQL', None, 'HBase--作业']",7.10
C_681803,Ex_227844,"['Graph Processing', None, 'What is GraphDB and Graph data processing--作业']",8.2
C_681803,Ex_227845,"['Graph Processing', None, 'Graph systems']",8.4
C_681803,Ex_227846,"['Graph Processing', None, 'Example of a GraphDB--作业']",8.6
C_681803,Ex_227850,"['Machine Learning System', None, 'Mahout--作业']",9.2
C_681803,Ex_227851,"['Machine Learning System', None, 'Case Study: Recommendation--作业']",9.4
C_681803,Ex_227852,"['Machine Learning System', None, 'Recommendation in Mahout--作业']",9.6
C_681885,Ex_233806,"['第一讲：大数据研究现状及未来趋势（洪小文）', None, 'Quiz--作业']",1.8
C_681885,Ex_233810,"['第二讲：互联网搜索中的大数据研究（宋睿华）', None, 'Quiz--作业']",2.5
C_681885,Ex_233816,"['第三讲：社会计算中的大数据研究（谢幸）', None, 'Quiz--作业']",3.7
C_681885,Ex_233825,"['第四讲：城市计算中的大数据研究（下）（郑宇）', None, 'Quiz--作业']",5.6
C_681885,Ex_233832,"['第六讲：大数据分析可视化研究（刘世霞）', None, 'Quiz--作业']",7.6
C_681932,Ex_240444,"['第1章初始Java', None, '测试题--作业']",1.7
C_681932,Ex_240451,"['第2章使用Java基本语法(1)', None, '测试题--作业']",2.7
C_681932,Ex_240458,"['第2章使用Java基本语法(2)', None, '测试题--作业']",3.7
C_681932,Ex_240466,"['第3章使用面向对象基础语法', None, '测试题--作业']",4.8
C_681932,Ex_240472,"['第4章使用面向对象高级语法', None, '测试题--作业']",5.6
C_681932,Ex_240476,"['第5章捕获并处理异常', None, '测试题--作业']",6.4
C_681932,Ex_240482,"['第6章使用SWT设计界面', None, '测试题--作业']",7.6
C_682131,Ex_265663,"['第一章 认识C语言', None, '11.第一章测试--作业']",2.11
C_682131,Ex_265673,"['第二章 顺序结构', None, '10.第二章测试--作业']",3.10
C_682131,Ex_265683,"['第三章 选择结构', None, '10.第三章测试--作业']",4.10
C_682131,Ex_265693,"['第四章 循环结构', None, '10.第四章测试--作业']",5.10
C_682131,Ex_265704,"['第五章 数组', None, '10.第五章测试--作业']",6.10
C_682131,Ex_265714,"['第六章 函数', None, '10．第六章测试--作业']",7.10
C_682131,Ex_265722,"['第七章 指针', None, '8.第七章测试--作业']",8.8
C_682131,Ex_265730,"['第八章 函数与指针进阶', None, '8.第八章测试--作业']",9.8
C_682131,Ex_265740,"['第九章 自定义数据类型', None, '10.第九章测试--作业']",10.10
C_682131,Ex_265750,"['第十章 文件', None, '10.第十章测试--作业']",11.10
C_682131,Ex_804053,"['期末考试', None, '期末考试']",15.1
C_682360,Ex_305009,"['第1讲 概论', None, '1.2 互联网发展过程--作业']",2.3
C_682360,Ex_305010,"['第1讲 概论', None, '1.3 交换方式--作业']",2.5
C_682360,Ex_305011,"['第1讲 概论', None, '1.4 计算机网络体系结构和协议--作业']",2.7
C_682360,Ex_305012,"['第1讲 概论', None, '测验--作业']",2.10
C_682360,Ex_305026,"['第2讲 数据通信基础', None, '2.1 数据传输系统--作业']",3.3
C_682360,Ex_305027,"['第2讲 数据通信基础', None, '2.2 信号--作业']",3.5
C_682360,Ex_305028,"['第2讲 数据通信基础', None, '2.3 编码和调制--作业']",3.7
C_682360,Ex_305029,"['第2讲 数据通信基础', None, '2.4 差错控制--作业']",3.9
C_682360,Ex_305030,"['第2讲 数据通信基础', None, '2.5 传输媒体--作业']",3.11
C_682360,Ex_305031,"['第2讲 数据通信基础', None, '测验--作业']",3.15
C_682360,Ex_305032,"['第2讲 数据通信基础', None, '作业--作业']",3.16
C_682360,Ex_305051,"['第3讲 以太网', None, '以太网发展过程与内容简介--作业']",4.2
C_682360,Ex_305053,"['第3讲 以太网', None, '3.1 总线形以太网--作业']",4.4
C_682360,Ex_305054,"['第3讲 以太网', None, '3.2 网桥与冲突域分割--作业']",4.6
C_682360,Ex_305055,"['第3讲 以太网', None, '3.3 交换式以太网与VLAN--作业']",4.8
C_682360,Ex_305056,"['第3讲 以太网', None, '3.4 以太网标准--作业']",4.10
C_682360,Ex_305057,"['第3讲 以太网', None, '测验--作业']",4.14
C_682360,Ex_305058,"['第3讲 以太网', None, '作业--作业']",4.15
C_682360,Ex_305072,"['第4讲 无线局域网', None, '4.1 无线局域网概述--作业']",5.3
C_682360,Ex_305073,"['第4讲 无线局域网', None, '4.2 无线局域网应用方式--作业']",5.5
C_682360,Ex_305074,"['第4讲 无线局域网', None, '4.3 无线局域网MAC层--作业']",5.7
C_682360,Ex_305075,"['第4讲 无线局域网', None, '4.4 终端接入无线局域网过程--作业']",5.9
C_682360,Ex_305076,"['第4讲 无线局域网', None, '测验--作业']",5.13
C_682360,Ex_305077,"['第4讲 无线局域网', None, '作业--作业']",5.14
C_682360,Ex_305098,"['第5讲 IP和网络互连', None, '5.1 网络互连机制--作业']",6.3
C_682360,Ex_305099,"['第5讲 IP和网络互连', None, '5.2 网际协议--作业']",6.5
C_682360,Ex_305101,"['第5讲 IP和网络互连', None, '5.3 IP分组传输过程--作业']",6.7
C_682360,Ex_305103,"['第5讲 IP和网络互连', None, '5.4 路由表建立过程--作业']",6.9
C_682360,Ex_305104,"['第5讲 IP和网络互连', None, '5.5 IP over以太网--作业']",6.11
C_682360,Ex_305105,"['第5讲 IP和网络互连', None, '5.7 Internet控制报文协议--作业']",6.14
C_682360,Ex_305106,"['第5讲 IP和网络互连', None, '测验--作业']",6.18
C_682360,Ex_305107,"['第5讲 IP和网络互连', None, '作业--作业']",6.19
C_682360,Ex_305118,"['第6讲 Internet接入技术', None, '6.1 Internet接入控制机制--作业']",7.3
C_682360,Ex_305119,"['第6讲 Internet接入技术', None, '6.2 以太网和ADSL接入技术--作业']",7.5
C_682360,Ex_305120,"['第6讲 Internet接入技术', None, '6.3 家庭局域网接入方式与无线路由器--作业']",7.7
C_682360,Ex_305121,"['第6讲 Internet接入技术', None, '6.4 接入综合演示实验--作业']",7.9
C_682360,Ex_305122,"['第6讲 Internet接入技术', None, '测验--作业']",7.12
C_682360,Ex_305123,"['第6讲 Internet接入技术', None, '作业--作业']",7.13
C_682360,Ex_305136,"['第7讲 传输层', None, '7.1 传输层服务特性--作业']",8.3
C_682360,Ex_305137,"['第7讲 传输层', None, '7.3 用户数据报协议UDP--作业']",8.6
C_682360,Ex_305138,"['第7讲 传输层', None, '7.4 传输控制协议TCP--作业']",8.8
C_682360,Ex_305139,"['第7讲 传输层', None, '测验--作业']",8.11
C_682360,Ex_305142,"['第7讲 传输层', None, '作业--作业']",8.12
C_682360,Ex_305157,"['第8讲 应用层', None, '8.1 应用结构--作业']",9.3
C_682360,Ex_305158,"['第8讲 应用层', None, '8.2 域名解析--作业']",9.5
C_682360,Ex_305159,"['第8讲 应用层', None, '8.3 动态主机配置协议--作业']",9.7
C_682360,Ex_305160,"['第8讲 应用层', None, '8.4  万维网--作业']",9.9
C_682360,Ex_305161,"['第8讲 应用层', None, '测验--作业']",9.15
C_682360,Ex_305162,"['第8讲 应用层', None, '作业--作业']",9.16
C_682360,Ex_305181,"['第9讲 网络安全', None, '9.1 网络安全概述--作业']",10.3
C_682360,Ex_305183,"['第9讲 网络安全', None, '9.2 网络安全基础--作业']",10.5
C_682360,Ex_305184,"['第9讲 网络安全', None, '9.3 病毒检测与防御技术--作业']",10.7
C_682360,Ex_305185,"['第9讲 网络安全', None, '9.4 以太网安全技术--作业']",10.9
C_682360,Ex_305186,"['第9讲 网络安全', None, '9.5 无线局域网安全技术--作业']",10.11
C_682360,Ex_305187,"['第9讲 网络安全', None, '9.6 防火墙--作业']",10.13
C_682360,Ex_305188,"['第9讲 网络安全', None, '9.7 安全协议--作业']",10.15
C_682360,Ex_305189,"['第9讲 网络安全', None, '测验--作业']",10.20
C_682360,Ex_305190,"['第9讲 网络安全', None, '作业--作业']",10.21
C_682381,Ex_311465,"['第1周 微型计算机基础概论', None, '第1周 微型计算机基础概论--第一周单元测验']",1.8
C_682381,Ex_311471,"['第2周 8088微处理器', None, '第2周 8088微处理器--第二周单元测验']",2.3
C_682381,Ex_311477,"['第3周 实模式存储器寻址与总线', None, '单元测验--作业']",3.4
C_682381,Ex_311485,"['第4周 数据传送指令', None, '第4周 数据传送指令--第四周单元测验']",4.6
C_682381,Ex_311492,"['第5周 算术运算、逻辑运算与移位操作指令', None, '第5周 算术运算、逻辑运算与移位操作指令--第五周单元测验']",5.4
C_682381,Ex_311498,"['第6周 串操作指令', None, '第六周单元测验--作业']",6.5
C_682381,Ex_311508,"['第7周 程序与处理器控制', None, '第7周 程序与处理器控制--第七周单元测验']",7.8
C_682381,Ex_311509,"['第7周 程序与处理器控制', None, '第7周 程序与处理器控制--第七周作业']",7.9
C_682381,Ex_311521,"['第8周 汇编语言程序设计', None, '第8周 汇编语言程序设计--第八周单元测验']",8.6
C_682381,Ex_311522,"['第8周 汇编语言程序设计', None, '第8周 汇编语言程序设计--第八周作业']",8.7
C_682381,Ex_311529,"['第9周 半导体存储器', None, '第九周单元测验--作业']",9.5
C_682381,Ex_311534,"['第10周 半导体存储器扩展技术', None, '第十周单元测验--作业']",10.3
C_682381,Ex_311536,"['第10周 半导体存储器扩展技术', None, '第十周作业--作业']",10.4
C_682381,Ex_311546,"['第11周 输入输出与中断技术', None, '第十一周单元测验--作业']",11.7
C_682381,Ex_311555,"['第12周 可编程并行数字接口', None, '第十二周单元测验']",12.4
C_682381,Ex_311561,"['第13周 模拟量的输入输出', None, '第十三周单元测验--作业']",13.4
C_682520,Ex_343770,"['程序设计和C语言', None, '选择题']",0.2
C_682520,Ex_343771,"['程序设计和C语言', None, '1.3 C语言编辑、编译、运行（VC++2010学习版）--作业']",0.4
C_682520,Ex_343772,"['程序设计和C语言', None, '练习题']",0.6
C_682520,Ex_343784,"['顺序结构程序设计', None, '2.1 变量的定义和使用--作业']",1.1
C_682520,Ex_343785,"['顺序结构程序设计', None, '练习题']",1.3
C_682520,Ex_343786,"['顺序结构程序设计', None, '2.4 运算符和表达式--作业']",1.6
C_682520,Ex_343787,"['顺序结构程序设计', None, '2.5 结构化程序设计入门--作业']",1.8
C_682520,Ex_343788,"['顺序结构程序设计', None, '练习题']",1.9
C_682520,Ex_343795,"['选择结构程序设计', None, '3.2 如何正确表示选择结构中的条件--作业']",2.2
C_682520,Ex_343796,"['选择结构程序设计', None, '3.4 用switch语句实现选择结构--作业']",2.5
C_682520,Ex_343798,"['选择结构程序设计', None, '练习']",2.6
C_682520,Ex_343806,"['循环结构程序设计', None, '4.1 循环的引入--作业']",3.1
C_682520,Ex_343807,"['循环结构程序设计', None, '4.4 用for语句实现循环--作业']",3.5
C_682520,Ex_343808,"['循环结构程序设计', None, '习题--作业']",3.8
C_682520,Ex_343816,"['数组', None, '习题--作业']",4.5
C_682520,Ex_343826,"['指针', None, '习题--作业']",5.7
C_682520,Ex_343834,"['函数', None, '习题--作业']",6.6
C_682520,Ex_343839,"['字符串', None, '习题--作业']",7.3
C_682520,Ex_343846,"['结构体和共用体', None, '习题--作业']",8.5
C_682520,Ex_343847,"['动态内存分配', None, '动态内存分配--习题']",9.2
C_682520,Ex_343849,"['文件', None, '习题--作业']",10.3
C_682610,Ex_364574,"['第一讲  C/C++基本语法元素', None, '第一讲  C/C++基本语法元素--编程实践提交入口']",1.8
C_682610,Ex_364583,"['第二讲  程序控制结构', None, '第二讲  程序控制结构--编程实践提交入口']",2.8
C_682610,Ex_364588,"['第三讲  函数', None, '第三讲  函数--编程实践提交入口']",3.5
C_682610,Ex_364598,"['第四讲  算法', None, '第四讲  算法--编程实践提交入口']",4.9
C_682610,Ex_364607,"['第五讲  程序组织与开发方法', None, '第五讲  程序组织与开发方法--编程实践提交入口']",5.9
C_682610,Ex_364615,"['第六讲  复合数据类型', None, '第六讲  复合数据类型--编程实践提交入口']",6.7
C_682610,Ex_364626,"['第七讲  指针与引用', None, '第七讲  指针与引用--编程实践提交入口']",7.11
C_682610,Ex_364641,"['第八讲  链表与程序抽象', None, '第八讲  链表与程序抽象--编程实践提交入口']",8.13
C_682610,Ex_364656,"['第九讲  类与对象', None, '第九讲  类与对象--编程实践提交入口']",9.15
C_682610,Ex_364671,"['第十讲  操作符重载', None, '第十讲  操作符重载--编程实践提交入口']",10.15
C_682610,Ex_364692,"['第十一讲  泛型编程', None, '第十一讲  泛型编程--编程实践提交入口']",11.20
C_682610,Ex_364709,"['第十二讲  Linux系统编程基础', None, '第十二讲  Linux系统编程基础--编程实践提交入口']",12.16
C_682610,Ex_364722,"['第十三讲  进程编程', None, '第十三讲  进程编程--编程实践提交入口']",13.13
C_682610,Ex_364738,"['第十四讲  线程编程', None, '第十四讲  线程编程--编程实践提交入口']",14.15
C_682610,Ex_364744,"['第十五讲  网络编程', None, '第十五讲  网络编程--编程实践提交入口']",15.6
C_682633,Ex_369608,"['第一单元  信息技术与教育变革', None, '第一单元测试题--作业']",2.7
C_682633,Ex_369620,"['第二单元 信息化教学理论', None, '第二单元测试题--作业']",3.5
C_682633,Ex_369629,"['第三单元 信息化教学环境', None, '第三单元测试题--作业']",4.5
C_682633,Ex_369630,"['第三单元 信息化教学环境', None, '单元作业：制作思维导图--作业']",4.6
C_682633,Ex_369636,"['第四单元 网络信息资源检索', None, '第四单元测试题--作业']",5.6
C_682633,Ex_369646,"['第五单元 多媒体素材获取与处理', None, '第五单元测试题--作业']",6.6
C_682633,Ex_369666,"['第六单元 多媒体课件设计与制作', None, '第六单元测试题--作业']",7.9
C_682633,Ex_369668,"['第六单元 多媒体课件设计与制作', None, '单元作业：制作PPT数字故事--作业']",7.10
C_682633,Ex_369676,"['第七单元  网络课程设计与开发', None, '第七单元测试题--作业']",8.8
C_682633,Ex_369687,"['第八单元 信息化教学设计', None, '第八单元测试题--作业']",9.7
C_682633,Ex_369688,"['第八单元 信息化教学设计', None, '单元作业：微课作品--作业']",9.8
C_682633,Ex_369694,"['第九单元 新技术及其教育应用', None, '第九单元测试题--作业']",10.4
C_682661,Ex_377670,"['第三章 Petri网', None, '第三章 Petri网--3-3 基本网系统课后思考题']",2.4
C_682661,Ex_377671,"['第三章 Petri网', None, '第三章 Petri网--3-4 条件-事件系统课后习题']",2.7
C_682661,Ex_377672,"['第三章 Petri网', None, '3-5 库所-变迁（P-T）系统课后习题--作业']",2.10
C_682661,Ex_377692,"['第四章 网论', None, '第四章 网论--思考题1']",3.9
C_682661,Ex_377693,"['第四章 网论', None, '第四章 网论--思考题2']",3.13
C_682661,Ex_377753,"['第七章 科研思考', None, '第七章 科研思考--习题']",6.8
C_682661,Ex_377757,"['第八章 总结', None, '第八章 总结--习题']",7.3
C_682672,Ex_380018,"['第一周：函数（一）', None, '1.1 函数定义--作业']",1.2
C_682672,Ex_380019,"['第一周：函数（一）', None, '1.4 函数间参数传递--作业']",1.6
C_682672,Ex_380035,"['第二周：函数（二）', None, '函数递归调用--作业']",2.2
C_682672,Ex_380052,"['第三周：函数（三）', None, '3.1 变量存储属性--作业']",3.2
C_682672,Ex_380053,"['第三周：函数（三）', None, '3.2 编译预处理--作业']",3.4
C_682672,Ex_380064,"['第四周：指针（一）', None, '4.1 指针的定义、初始化和引用--作业']",4.2
C_682672,Ex_380065,"['第四周：指针（一）', None, '4.2  指针与数组--作业']",4.4
C_682672,Ex_380082,"['第五周：指针（二）', None, '5.1 指针与字符串--作业']",5.2
C_682672,Ex_380083,"['第五周：指针（二）', None, '5.2 多维数组指针--作业']",5.4
C_682672,Ex_380098,"['第六周：指针（三）', None, '6.1指针与函数--作业']",6.2
C_682672,Ex_380099,"['第六周：指针（三）', None, '6.2指针与指针--作业']",6.4
C_682672,Ex_380119,"['第七周：链表（一）', None, '7.1 结构的概念--作业']",7.2
C_682672,Ex_380120,"['第七周：链表（一）', None, '7.2 结构数组--作业']",7.4
C_682672,Ex_380121,"['第七周：链表（一）', None, '7.3 结构指针--作业']",7.6
C_682672,Ex_380122,"['第七周：链表（一）', None, '7.4 结构与函数--作业']",7.8
C_682672,Ex_380124,"['第七周：链表（一）', None, '7.5 联合--作业']",7.10
C_682672,Ex_380135,"['第八周：链表（二）', None, '8.1 typedef自定义类型--作业']",8.2
C_682672,Ex_380136,"['第八周：链表（二）', None, '8.2 枚举类型--作业']",8.4
C_682672,Ex_380137,"['第八周：链表（二）', None, '8.3 链表的概念--作业']",8.6
C_682672,Ex_380138,"['第八周：链表（二）', None, '8.4 链表的基本操作--作业']",8.8
C_682672,Ex_380156,"['第九周 文件', None, '9.1 文件概述--作业']",9.2
C_682672,Ex_380157,"['第九周 文件', None, '9.2 文件型指针--作业']",9.4
C_682672,Ex_380158,"['第九周 文件', None, '9.3 文件的打开与关闭--作业']",9.6
C_682672,Ex_380159,"['第九周 文件', None, '9.4 文件的顺序读写--作业']",9.8
C_682672,Ex_380160,"['第九周 文件', None, '9.5 文件的随机读写--作业']",9.10
C_682672,Ex_380161,"['第九周 文件', None, '9.6 文件检测--作业']",9.12
C_682672,Ex_380173,"['第十周 总结与练习', None, '10.1 C语言知识总结--作业']",10.2
C_682672,Ex_956600,"['期末考试', None, '期末考试']",13.1
C_682759,Ex_394597,"['第一章 线程（上）', None, '1.1 线程的基本概念--作业']",1.3
C_682759,Ex_394598,"['第一章 线程（上）', None, '1.2 通过Thread类创建线程--作业']",1.5
C_682759,Ex_394599,"['第一章 线程（上）', None, '1.3 线程的休眠--作业']",1.7
C_682759,Ex_394600,"['第一章 线程（上）', None, '1.5 通过Runnable接口创建线程--作业']",1.10
C_696773,Ex_460680,"['1. Introduction', None, '1. Introduction--1.1 Introduction of Data']",0
C_696773,Ex_460681,"['1. Introduction', None, '1.2 Data Structure and A']",0.2
C_696773,Ex_460682,"['1. Introduction', None, '1.3 Asymptotic Analysis']",0.4
C_696773,Ex_460683,"['1. Introduction', None, '1.4 Simplifying Rules of']",0.6
C_696773,Ex_460695,"['2. List', None, '2.1 Introduction of List']",1
C_696773,Ex_460696,"['2. List', None, '2.2 Array based List']",1.2
C_696773,Ex_460697,"['2. List', None, '2.3 Insertion Operation on Array']",1.4
C_696773,Ex_460698,"['2. List', None, '2.4 Remove Operation on Array based List']",1.6
C_696773,Ex_460699,"['2. List', None, '2.5 Linked list']",1.8
C_696773,Ex_460700,"['2. List', None, '2.6 Insertion Operation on Linked list']",1.10
C_696773,Ex_460701,"['2. List', None, '2.7 Remove Operation on Linked list']",1.12
C_696773,Ex_460702,"['2. List', None, '2.8 SetPos Operation on Linked list']",1.14
C_696773,Ex_460703,"['2. List', None, '2.9 Stack']",1.16
C_696773,Ex_460704,"['2. List', None, '2.11 Queue']",1.19
C_696773,Ex_460715,"['3. Tree', None, '3.1 Definition of Binary Tree']",2
C_696773,Ex_460716,"['3. Tree', None, '3.2 Implementation of Binary Tree']",2.2
C_696773,Ex_1068119,"['3. Tree', None, '3.3Traversal']",2.4
C_696773,Ex_460717,"['3. Tree', None, '3.4 Binary Search Tree']",2.6
C_696773,Ex_460718,"['3. Tree', None, '3.5 Search on BST']",2.8
C_696773,Ex_460719,"['3. Tree', None, '3.6 Insertion on BST']",2.10
C_696773,Ex_460720,"['3. Tree', None, '3.7 Introduction of Heap']",2.12
C_696773,Ex_460721,"['3. Tree', None, '3.8 Construction of Heap']",2.14
C_696773,Ex_460729,"['4. Search', None, '4.2 Searching of Sorted Array']",3.1
C_696773,Ex_460730,"['4. Search', None, '4.4 Collision in Hash Table']",3.4
C_696773,Ex_460731,"['4. Search', None, '4.7 Search Operation of Hash Table']",3.8
C_696773,Ex_460740,"['5. Index', None, '5.2 Linear Index']",4.1
C_696773,Ex_460741,"['5. Index', None, '5.3 2-3 tree index']",4.3
C_696773,Ex_1068120,"['5. Index', None, '5.4 Implementation of 2-3 tree']",4.5
C_696773,Ex_460742,"['5. Index', None, '5.5 B-Tree']",4.7
C_696922,Ex_479949,"['第一章 概述', None, '第一章 概述--7.大数据机器学习的主要特点']",0.7
C_696922,Ex_479961,"['第二章 机器学习基本概念', None, '第二章 机器学习基本概念--4.学习方法三要素']",1.4
C_696922,Ex_479962,"['第二章 机器学习基本概念', None, '第二章 机器学习基本概念--8.过拟合与模型选择']",1.9
C_696922,Ex_479973,"['第三章 模型性能评估', None, '第三章 模型性能评估--6.ROC和AUC曲线']",2.6
C_696922,Ex_479978,"['第四章 感知机', None, '第四章 感知机--1.感知机模型']",3.1
C_696922,Ex_479979,"['第四章 感知机', None, '第四章 感知机--3.感知机学习算法']",3.4
C_696922,Ex_479986,"['第五章 聚类', None, '第五章 聚类--1.原型聚类描述']",4.1
C_696922,Ex_479987,"['第五章 聚类', None, '第五章 聚类--2.性能度量']",4.3
C_696922,Ex_479988,"['第五章 聚类', None, '第五章 聚类--3.3 原型聚类 密度聚类']",4.7
C_696922,Ex_479998,"['第六章 贝叶斯分类器及图模型', None, '第六章 贝叶斯分类器及图模型--2.概率图模型']",5.2
C_696922,Ex_480000,"['第六章 贝叶斯分类器及图模型', None, '第六章 贝叶斯分类器及图模型--3.贝叶斯网络']",5.4
C_696922,Ex_480002,"['第六章 贝叶斯分类器及图模型', None, '第六章 贝叶斯分类器及图模型--4.朴素贝叶斯分类器']",5.6
C_696922,Ex_480004,"['第六章 贝叶斯分类器及图模型', None, '第六章 贝叶斯分类器及图模型--5.半朴素贝叶斯分类器']",5.8
C_696922,Ex_480006,"['第六章 贝叶斯分类器及图模型', None, '第六章 贝叶斯分类器及图模型--7.吉布斯采样']",5.11
C_696922,Ex_480020,"['第七章 决策树和随机森林', None, '第七章 决策树和随机森林--2.信息量和熵']",6.3
C_696922,Ex_480030,"['第八章 逻辑斯谛回归与最大熵模型', None, '第八章 逻辑斯谛回归与最大熵模型--1.逻辑斯谛回归模型']",7.2
C_696922,Ex_480031,"['第八章 逻辑斯谛回归与最大熵模型', None, '第八章 逻辑斯谛回归与最大熵模型--3.模型学习的最优化方法']",7.5
C_696922,Ex_480044,"['第九章 SVM', None, '第九章 SVM--3.线性可分支持向量机']",8.3
C_696922,Ex_480046,"['第九章 SVM', None, '第九章 SVM--4. 凸优化问题的基本概念']",8.5
C_696922,Ex_480047,"['第九章 SVM', None, '第九章 SVM--6.线性支持向量机']",8.8
C_696922,Ex_480055,"['第十章 核方法与非线性SVM', None, '第十章 核方法与非线性SVM--开头']",9.1
C_696922,Ex_480056,"['第十章 核方法与非线性SVM', None, '第十章 核方法与非线性SVM--1.泛函基础知识']",9.3
C_696922,Ex_480058,"['第十章 核方法与非线性SVM', None, '第十章 核方法与非线性SVM--2. 核函数和非线性支持向量机']",9.5
C_696922,Ex_480060,"['第十章 核方法与非线性SVM', None, '第十章 核方法与非线性SVM--3. 序列最小最优化算法']",9.7
C_696922,Ex_480073,"['第十一章 降维与度量学习', None, '第十一章 降维与度量学习--1. k近邻学习']",10.2
C_696922,Ex_480075,"['第十一章 降维与度量学习', None, '第十一章 降维与度量学习--2. 降维嵌入']",10.4
C_696922,Ex_480077,"['第十一章 降维与度量学习', None, '第十一章 降维与度量学习--3. 主成分分析']",10.6
C_696922,Ex_480085,"['第十二章  提升方法', None, '第十二章 提升方法--1. 提升方法Adaboost算法']",11.1
C_696922,Ex_480087,"['第十二章  提升方法', None, '第十二章 提升方法--4. Adaboost的实现']",11.5
C_696922,Ex_480099,"['第十三章 EM算法及混合高斯模型', None, '第十三章 EM算法及混合高斯模型--3. EM算法的收敛性']",12.6
C_696922,Ex_480112,"['第十四章 计算学习理论', None, '第十四章 计算学习理论--1. 计算学习理论的基础知识']",13.2
C_696922,Ex_480114,"['第十四章 计算学习理论', None, '第十四章 计算学习理论--4. VC维']",13.6
C_696922,Ex_480125,"['第十五章 隐马尔可夫模型', None, '第十五章 隐马尔可夫模型--1. 隐马尔科夫模型的基本概念']",14.2
C_696922,Ex_480127,"['第十五章 隐马尔可夫模型', None, '第十五章 隐马尔可夫模型--3. 学习算法']",14.5
C_696922,Ex_480128,"['第十五章 隐马尔可夫模型', None, '第十五章 隐马尔可夫模型--4预测算法']",14.7
C_696922,Ex_480140,"['第十六章 条件随机场', None, '第十六章 条件随机场--1.概率无向图模型']",15.2
C_696922,Ex_480142,"['第十六章 条件随机场', None, '第十六章 条件随机场--2.条件随机场的定义与形式']",15.4
C_696922,Ex_480144,"['第十六章 条件随机场', None, '第十六章 条件随机场--5.条件随机场的预测算法']",15.8
C_696922,Ex_480152,"['第十七章  概率图模型的学习与推断', None, '第十七章 概率图模型的学习与推断--1.精确推断法：变量消去法和信念传播法']",16.2
C_696922,Ex_480154,"['第十七章  概率图模型的学习与推断', None, '第十七章 概率图模型的学习与推断--2.近似推断法：MCMC和变分推断']",16.4
C_696922,Ex_480165,"['第十八章  神经网络和深度学习', None, '第十八章 神经网络和深度学习--2.神经网络的基本概念以及常见的神经网络(一）']",17.2
C_696922,Ex_480167,"['第十八章  神经网络和深度学习', None, '第十八章 神经网络和深度学习--5.深度学习']",17.6
C_696922,Ex_480181,"['第二十章  深度学习优化方法', None, '第二十章 深度学习优化方法--1.深度学习的优化问题']",19.1
C_696922,Ex_480184,"['第二十章  深度学习优化方法', None, '第二十章 深度学习优化方法--3.神经网络的优化算法']",19.4
C_696922,Ex_480185,"['第二十章  深度学习优化方法', None, '第二十章 深度学习优化方法--4.相关策略']",19.6
C_697091,Ex_510632,"['一、课程概论', None, '一、课程概论--第一章 习题']",0.4
C_697091,Ex_510645,"['二、变化中的中国城市与未来城市', None, '二、变化中的中国城市与未来城市--第二章 习题']",1.4
C_697091,Ex_510659,"['三、城市大数据类型与典型数据介绍', None, '三、城市大数据类型与典型数据介绍--第三章 习题']",2.5
C_697091,Ex_510685,"['四、城市大数据的获取与清洗', None, '四、城市大数据的获取与清洗--第四章 习题']",3.7
C_697091,Ex_510700,"['五、城市大数据的统计与分析', None, '五、城市大数据的统计与分析--第五章 习题']",4.4
C_697091,Ex_510710,"['六、城市大数据的可视化', None, '六、城市大数据的可视化--第六章 习题']",5.5
C_697091,Ex_510721,"['七、城市大数据挖掘：空间句法', None, '七、城市大数据挖掘：空间句法--第七章 习题']",6.4
C_697091,Ex_510729,"['八、城市大数据挖掘：城市网络分析', None, '八、城市大数据挖掘：城市网络分析--第八章 习题']",7.4
C_697091,Ex_510741,"['九、基于图片大数据的城市空间研究', None, '九、基于图片大数据的城市空间研究--第九章 习题']",8.6
C_697091,Ex_510749,"['十、基于手机数据的城市空间研究', None, '十、基于手机数据的城市空间研究--第十章 习题']",9.4
C_697091,Ex_510757,"['十一、基于公交卡数据的城市空间研究', None, '十一、基于公交卡数据的城市空间研究--第十一章 习题']",10.4
C_697091,Ex_510770,"['十二、数据增强设计', None, '十二、数据增强设计--第十二章 习题']",11.7
C_697091,Ex_510778,"['十三、总体规划中的大数据应用', None, '十三、总体规划中的大数据应用--第十三章 习题']",12.4
C_697091,Ex_510790,"['十四、城市设计中的大数据应用', None, '十四、城市设计中的大数据应用--第十四章 习题']",13.7
C_697091,Ex_510799,"['十五、大模型：跨越城市内与城市间尺度的大数据应用', None, '十五、大模型：跨越城市内与城市间尺度的大数据应用--第十五章 习题']",14.5
C_697616,Ex_548824,"['第一周 Week 1', None, '第二讲-编程基础 Lecture 2 - Core Elements of Programs--作业']",2.4
C_697616,Ex_548844,"['第二周 Week 2', None, '第三讲-简单算法 Lecture 3 - Simple Algorithms--作业']",3.2
C_697616,Ex_548845,"['第二周 Week 2', None, '第四讲-函数 Lecture 4 - Functions--作业']",3.4
C_697616,Ex_548865,"['第三周 Week 3', None, '第六讲-对象 Lecture 6 - Objects--作业']",4.3
C_697616,Ex_548885,"['第四周 Week 4', None, '第七讲-调试 Lecture 7 - Debugging--作业']",5.2
C_697616,Ex_548890,"['期中考试', None, '考试 Quiz--作业']",6.2
C_697616,Ex_548909,"['第五周 Week 5', None, '第十讲-内存和查找 Lecture 10 - Memory and Search--作业']",7.3
C_697616,Ex_548910,"['第五周 Week 5', None, 'Problem Set 5--作业']",7.5
C_697616,Ex_548917,"['Overview', None, 'EdX Introduction--作业']",8.2
C_697616,Ex_548943,"['第六周 Week 6', None, '第十一讲-类 Lecture 11 - Classes--作业']",9.2
C_697616,Ex_548944,"['第六周 Week 6', None, '第十二讲-面向对象编程 Lecture 12 - Object Oriented Programming--作业']",9.4
C_697616,Ex_548974,"['第七周 Week 7', None, '第十三讲-树 Lecture 13 - Trees--作业']",10.2
C_697616,Ex_548992,"['期末考试 Final Exam', None, '期末考试 Final Exam--作业']",13.2
C_697616,Ex_549005,"['EXTRA Final Exam', None, 'Final Exam--作业']",18.2
C_697686,Ex_551897,"['Week 1（第一周）', None, 'Welcome!（欢迎）--作业']",1.2
C_697686,Ex_551898,"['Week 1（第一周）', None, 'Lecture 1 - Plotting（第一讲：绘图）--作业']",1.4
C_697686,Ex_551899,"['Week 1（第一周）', None, 'Problem Set 1（习题集1）--作业']",1.6
C_697686,Ex_551912,"['Week 2（第二周）', None, 'Lecture 2 - Simulations and Random Walks（第二讲：模拟和随机游走）--作业']",2.2
C_697686,Ex_551927,"['Week 3（第三周）', None, 'Lecture 3 - Probability and Hashing（第三讲：概率和哈希）--作业']",3.2
C_697686,Ex_551928,"['Week 3（第三周）', None, 'Lecture 4 - Stochastic Programming and Statistical Thinking（第四讲：随机编程和统计思维）--作业']",3.4
C_697686,Ex_551946,"['Week 4（第四周）', None, 'Lecture 5 - Monte Carlo Simulations（第五讲：模特卡洛模拟）--作业']",4.2
C_697686,Ex_551947,"['Week 4（第四周）', None, 'Problem Set 3（习题集3）--作业']",4.5
C_697686,Ex_551964,"['Week 5（第五周）', None, 'Lecture 7 - Curve Fitting（第七讲：曲线拟合）--作业']",5.2
C_697686,Ex_551972,"['Quiz（小测）', None, 'Quiz（小测客观题）--作业']",6.2
C_697686,Ex_552006,"['Week 6（第六周）', None, 'Lecture 9 - Graphs and Graph Optimization（第九讲：图与图优化）--作业']",7.3
C_697686,Ex_552007,"['Week 6（第六周）', None, 'Problem Set 5（习题集5）--作业']",7.5
C_697686,Ex_552029,"['Week 7（第七周）', None, 'Lecture 11 - Machine Learning（第十一讲：机器学习）--作业']",8.3
C_697686,Ex_552030,"['Week 7（第七周）', None, 'Problem Set 6（习题集6）--作业']",8.5
C_697686,Ex_552040,"['Week 8（第八周）', None, 'Lecture 12 - More on Machine Learning（第十二讲：更多关于机器学习）--作业']",9.2
C_697721,Ex_555499,"['1 计算机操作系统概述', None, '1 计算机操作系统概述-随堂测试']",1.12
C_697721,Ex_555517,"['2 处理器管理', None, '2 处理器管理-随堂测试']",2.18
C_697721,Ex_555532,"['3 存储管理', None, '3 存储管理-随堂测试']",3.15
C_697721,Ex_555545,"['4 设备管理', None, '4 设备管理-随堂测试']",4.13
C_697721,Ex_555562,"['5 文件管理', None, '5 文件管理-随堂测试']",5.15
C_697721,Ex_555581,"['6 并发程序设计', None, '6 并发程序设计-随堂测试']",6.18
C_697778,Ex_557142,"['第二章 绪论', '2.6 ARM历史与MKL25Z128 MCU', '2.6 ARM历史与MKL25Z128 MCU【习题】']",1.5.1
C_697778,Ex_3412076,"['第三章 MCU基础', '3.2.1 堆栈的概念', '3.2.1 堆栈的概念【习题】']",2.1.1
C_697778,Ex_557152,"['第三章 MCU基础', '3.3.1 ARM的体系结构', '3.3.1 ARM的体系结构【习题】']",2.3.1
C_697778,Ex_557153,"['第三章 MCU基础', '3.5 复位、时钟、存储器和总线', '3.5 复位、时钟、存储器和总线【习题】']",2.7.1
C_697778,Ex_557154,"['第三章 MCU基础', '3.6 小结：MCU的总体结构和程序运行机制', '3.6 小结：MCU的总体结构和程序运行机制【习题】']",2.8.1
C_697778,Ex_557166,"['第四章 ARM微控制器的开发', '4.6 嵌入式开发中的C语言（上）', '4.6 嵌入式开发中的C语言（上）【习题】']",3.5.1
C_697778,Ex_557167,"['第四章 ARM微控制器的开发', '4.7 嵌入式开发中的C语言（下）', '4.7 嵌入式开发中的C语言（下）【习题】']",3.6.1
C_697778,Ex_557197,"['第五章 ARM微控制器的各种外设', '5.2.2 ARM微控制器外设：异步串行通讯UART的原理（上）', '5.2.2 ARM微控制器外设：异步串行通讯UART的原理（上）【习题】']",4.2.1
C_697778,Ex_557198,"['第五章 ARM微控制器的各种外设', '5.2.3 ARM微控制器外设：异步串行通讯UART的原理（下）', '5.2.3 ARM微控制器外设：异步串行通讯UART的原理（下）【习题】']",4.3.1
C_697778,Ex_557199,"['第五章 ARM微控制器的各种外设', '5.2.6 ARM微控制器外设：UART的寄存器编程（下）', '5.2.6 ARM微控制器外设：UART的寄存器编程（下）【习题】']",4.6.1
C_697778,Ex_557200,"['第五章 ARM微控制器的各种外设', '5.4.2 ARM微控制器外设：定时器的编程', '5.4.2 ARM微控制器外设：定时器的编程【习题】']",4.11.1
C_697778,Ex_557201,"['第五章 ARM微控制器的各种外设', '5.6.1 ARM微控制器外设：SPI通讯简介', '5.6.1 ARM微控制器外设：SPI通讯简介【习题】']",4.17.1
C_697778,Ex_557202,"['第五章 ARM微控制器的各种外设', '5.7.3 ARM微控制器外设：I2C寄存器与编程', '5.7.3 ARM微控制器外设：I2C寄存器与编程【习题】']",4.22.1
C_707379,Ex_573573,"['第1章 Auto CAD 绘制 基础', None, '0 绪论--作业']",1.2
C_707379,Ex_573574,"['第1章 Auto CAD 绘制 基础', None, '1.1 Auto CAD 基本绘制工具--作业']",1.4
C_707379,Ex_573575,"['第1章 Auto CAD 绘制 基础', None, '1.2 Auto CAD 基本修改工具--作业']",1.6
C_707379,Ex_573576,"['第1章 Auto CAD 绘制 基础', None, '1.3 Auto CAD 基本标注工具--作业']",1.8
C_707379,Ex_573577,"['第1章 Auto CAD 绘制 基础', None, '1.4Auto CAD 基本格式设置--作业']",1.10
C_707379,Ex_573578,"['第1章 Auto CAD 绘制 基础', None, '1.5Auto CAD 综合应用--作业']",1.12
C_707379,Ex_573582,"['第2章  化工图样绘制基础', None, '2.1 如何绘制化工图样--作业']",2.2
C_707379,Ex_573583,"['第2章  化工图样绘制基础', None, '2.2  如何绘制化工厂PID图样--作业']",2.4
C_707379,Ex_573584,"['第2章  化工图样绘制基础', None, '2.3  如何绘制化工图样通用部件--作业']",2.6
C_707379,Ex_573592,"['第3章  化工通用零件绘制', None, '3.1 半球形封头的绘制--作业']",3.2
C_707379,Ex_573593,"['第3章  化工通用零件绘制', None, '3.2 椭圆形封头的绘制--作业']",3.4
C_707379,Ex_573594,"['第3章  化工通用零件绘制', None, '3.3 碟形封头的绘制--作业']",3.6
C_707379,Ex_573595,"['第3章  化工通用零件绘制', None, '3.4 锥形封头的绘制--作业']",3.8
C_707379,Ex_573596,"['第3章  化工通用零件绘制', None, '3.5 法兰的绘制--作业']",3.10
C_707379,Ex_573597,"['第3章  化工通用零件绘制', None, '3.6 支座的绘制.--作业']",3.12
C_707379,Ex_573598,"['第3章  化工通用零件绘制', None, '3.7 人孔和手孔的绘制--作业']",3.14
C_707379,Ex_573603,"['第4章 化工容器的绘制', None, '4.1如何设计化工容器--作业']",4.2
C_707379,Ex_573604,"['第4章 化工容器的绘制', None, '4.2如何确定化工容器零件的尺寸--作业']",4.4
C_707379,Ex_573605,"['第4章 化工容器的绘制', None, '4.3如何绘制化工容器--作业']",4.6
C_707379,Ex_573606,"['第4章 化工容器的绘制', None, '4.4化工容器装配图的集成绘制--作业']",4.8
C_707379,Ex_573608,"['第5章  换热器绘制', None, '5.1 换热器绘制-作业']",5.2
C_707379,Ex_573610,"['第6章  精馏塔绘制', None, '精馏塔绘制策略--作业']",6.2
C_707379,Ex_4421866,"['第7章 AutoCAD 二次开发', '7.4 Visual Lisp 语言逻辑判断与绘制命令', '7.4  作业']",7.7.2
C_707379,Ex_4421960,"['第7章 AutoCAD 二次开发', '7.4 Visual Lisp 语言逻辑判断与绘制命令', '7.4 作业']",7.7.3
C_707379,Ex_573617,"['第7章 AutoCAD 二次开发', None, '7.1 AutoCAD 二次开发概述--作业']",7.2
C_707379,Ex_573618,"['第7章 AutoCAD 二次开发', None, '7.2 Visual Lisp 语言特性分析--作业']",7.4
C_707379,Ex_573619,"['第7章 AutoCAD 二次开发', None, '7.3 Visual Lisp 语言各种运算与函数--作业']",7.6
C_707379,Ex_573620,"['第7章 AutoCAD 二次开发', None, '7.4 Visual Lisp 语言逻辑判断与绘制命令--作业']",7.8
C_707379,Ex_573621,"['第7章 AutoCAD 二次开发', None, '7.5 Visual Lisp 语言窗体开发与数据传递--作业']",7.10
C_707379,Ex_573622,"['第7章 AutoCAD 二次开发', None, '7.6 Visual Lisp 语言二次开发实例分析--作业']",7.12
C_707379,Ex_573627,"['第8章  计算机辅助计算与优化', None, '8.1Excel 中的宏应用--作业']",8.2
C_707379,Ex_573628,"['第8章  计算机辅助计算与优化', None, '8.2Excel 中的规划求解--作业']",8.4
C_707379,Ex_573629,"['第8章  计算机辅助计算与优化', None, '8.3 Excel 中的宏与规划求解1--作业']",8.6
C_707379,Ex_573630,"['第8章  计算机辅助计算与优化', None, '8.4 Excel 中的宏与规划求解2--作业']",8.8
C_769293,Ex_772471,"['第七章 二叉搜索树', None, '（a）概述--作业']",10.2
C_769293,Ex_772472,"['第七章 二叉搜索树', None, '（b1）BST：查找--作业']",10.4
C_769293,Ex_772473,"['第七章 二叉搜索树', None, '（b2）BST：插入--作业']",10.6
C_769293,Ex_772474,"['第七章 二叉搜索树', None, '（b3）BST：删除--作业']",10.8
C_769293,Ex_772475,"['第七章 二叉搜索树', None, '（d1）AVL树：重平衡--作业']",10.11
C_769293,Ex_772476,"['第七章 二叉搜索树', None, '（d2）AVL树：插入--作业']",10.13
C_769293,Ex_772477,"['第七章 二叉搜索树', None, '（d3）AVL树：删除--作业']",10.15
C_769293,Ex_772478,"['第七章 二叉搜索树', None, '（d4）AVL树：(3+4)-重构--作业']",10.17
C_770751,Ex_777111,"['第一章 Linux基金会 Chapter 1: The Linux Foundation', None, '知识点检测 Knowledge Check--作业']",2.5
C_770751,Ex_777135,"['第二章 Linux理念与基本概念 Chapter 2: Linux Philosophy and Concepts', None, '知识点检测 Knowledge Check--作业']",3.7
C_770751,Ex_777172,"['第三章 Linux基础知识与系统启动 Chapter 3: Linux Basics and System Startup', None, '知识点检测 Knowledge Check--作业']",4.6
C_770751,Ex_777226,"['第四章 图形界面 Chapter 4: Graphical Interface', None, '知识点检测 Knowledge Check--作业']",5.5
C_770751,Ex_777263,"['第五章 在图形界面进行系统配置 Chapter 5: System Configuration from the Graphical Interface', None, '知识点检测 Knowledge Check--作业']",6.5
C_770751,Ex_777281,"['第六章 常见应用程序 Chapter 6: Common Applications', None, '知识点检测 Knowledge Check--作业']",7.6
C_770751,Ex_777363,"['第七章 命令行操作 Chapter 7: Command Line Operations', None, '知识点检测 Knowledge Check--作业']",8.7
C_770751,Ex_777389,"['第八章 获取Linux学习资料 Chapter 8: Finding Linux Documentation', None, '知识点检测 Knowledge Check--作业']",9.7
C_770751,Ex_777427,"['第九章 进程 Chapter 9: Processes', None, '知识点检测 Knowledge Check--作业']",10.6
C_770751,Ex_777470,"['第十章 文件操作 Chapter 10: File Operations', None, '知识点检测 Knowledge Check--作业']",11.6
C_770751,Ex_777504,"['第十一章 文本编辑器 Chapter 11: Text Editors', None, '知识点检测 Knowledge Check--作业']",12.4
C_770751,Ex_777541,"['第十二章 用户环境 Chapter 12: User Environment', None, '知识点检测 Knowledge Check--作业']",13.6
C_770751,Ex_777594,"['第十三章 文本操作 Chapter 13 : Manipulating Text', None, '知识点检测 Knowledge Check--作业']",14.9
C_770751,Ex_777638,"['第十四章 网络管理 Chapter 14: Network Operations', None, '知识点检测 Knowledge Check--作业']",15.6
C_770751,Ex_777680,"['第十五章 Bash Shell脚本编写 基础篇 Chapter 15 : The Bash Shell and Basic Scripting', None, '知识点检测 Knowledge Check--作业']",16.5
C_770751,Ex_777708,"['第十六章 Bash Shell脚本编写 高级篇 Chapter 16: More on Bash Shell Scripting', None, '知识点检测 Knowledge Check--作业']",17.7
C_770751,Ex_777751,"['第十七章 打印 Chapter 17: Printing', None, '知识点检测 Knowledge Check--作业']",18.5
C_770751,Ex_777777,"['第十八章 本地安全法则 Chapter 18: Local Security Principles', None, 'Knowledge Check--作业']",19.7
C_770751,Ex_777779,"['结业考试 Final Exam', None, '结业考试 Final Exam--作业']",20.2
C_784172,Ex_801044,"['从问题到C语言程序设计', None, '1.1 计算机的问题求解方法--作业']",0.1
C_784172,Ex_801075,"['数据计算实现与顺序结构程序设计（一）', None, '2.1 算术运算的C程序实现--作业']",1.1
C_784172,Ex_801076,"['数据计算实现与顺序结构程序设计（一）', None, '2.2 关系运算的C程序实现--作业']",1.3
C_784172,Ex_801077,"['数据计算实现与顺序结构程序设计（一）', None, '第二周作业--作业']",1.5
C_784172,Ex_801102,"['数据计算实现与顺序结构程序设计（二）', None, '2.3 逻辑运算的C程序实现--作业']",2.1
C_784172,Ex_801103,"['数据计算实现与顺序结构程序设计（二）', None, '2.5 几种很个别的运算--作业']",2.4
C_784172,Ex_801104,"['数据计算实现与顺序结构程序设计（二）', None, '2.7 顺序结构程序实例--作业']",2.7
C_784172,Ex_801130,"['选择结构的程序设计', None, '3.1 程序中的路径选择实现--作业']",3.1
C_784172,Ex_801131,"['选择结构的程序设计', None, '3.2 路径中的再选择——嵌套判断--作业']",3.3
C_784172,Ex_801132,"['选择结构的程序设计', None, '3.4 多分支问题的C程序设计--作业']",3.6
C_784172,Ex_801133,"['选择结构的程序设计', None, '3.6 选择结构的程序实例--作业']",3.9
C_784172,Ex_801134,"['选择结构的程序设计', None, '第四周作业--作业']",3.12
C_784172,Ex_801161,"['循环结构的程序设计（一）', None, '4.1 需要重复执行的程序--作业']",4.1
C_784172,Ex_801162,"['循环结构的程序设计（一）', None, '4.2 至少要执行一次的循环--作业']",4.3
C_784172,Ex_801163,"['循环结构的程序设计（一）', None, '4.3 已知循环次数用for语句--作业']",4.5
C_784172,Ex_801164,"['循环结构的程序设计（一）', None, '循环结构的程序设计（一）--4.4 循环控制——简单循环应用']",4.7
C_784172,Ex_801188,"['循环结构的程序设计（二）', None, '4.5 循环的嵌套--作业']",5.1
C_784172,Ex_801189,"['循环结构的程序设计（二）', None, '4.6 break与continue--作业']",5.3
C_784172,Ex_801190,"['循环结构的程序设计（二）', None, '第六周作业--作业']",5.6
C_784172,Ex_801215,"['数组（一）', None, '5.2 一维数组的定义和引用--作业']",6.2
C_784172,Ex_801239,"['数组（二）', None, '5.6 二维数组的输入输出--作业']",7.2
C_784172,Ex_801240,"['数组（二）', None, '5.8 二维字符数组--作业']",7.5
C_784172,Ex_801243,"['期末考试', None, '期末考试--期末考试']",10.1
C_837721,Ex_906624,"['课程的三次作业', None, '第一次作业及答题链接--作业']",8.2
C_837721,Ex_906625,"['课程的三次作业', None, '第二次作业及答题链接--作业']",8.4
C_837721,Ex_906626,"['课程的三次作业', None, '第三次作业及答题链接--作业']",8.6
C_681684,Ex_212467,"['1 单片机系统概述', None, '1.6 第一单元作业']",1.6
C_681684,Ex_212480,"['2 单片机的硬件结构', None, '2.13 第二单元作业']",2.13
C_681684,Ex_212501,"['3 指令系统', None, '3.21 第三单元作业']",3.21
C_681684,Ex_212516,"['4 汇编语言程序设计', None, '4.15 第四单元作业']",4.15
C_681684,Ex_212527,"['5 单片机存储器扩展', None, '5.11 第五单元作业']",5.11
C_681684,Ex_212536,"['6 中断与定时系统', None, '6.9 第六单元作业']",6.9
C_681684,Ex_212547,"['7 I/O扩展及应用', None, '7.11 第七单元作业']",7.11
C_681684,Ex_212556,"['8 单片机实验', None, '8.1 流水灯控制系统设计--作业']",8.2
C_681684,Ex_212557,"['8 单片机实验', None, '8.2 数码管显示系统设计--作业']",8.4
C_681684,Ex_212558,"['8 单片机实验', None, '8.3 按键控制系统设计--作业']",8.6
C_681684,Ex_212559,"['8 单片机实验', None, '8.4 中断控制系统设计--作业']",8.8
C_681684,Ex_212560,"['8 单片机实验', None, '8.5 定时计数器系统设计--作业']",8.10
C_681684,Ex_212561,"['8 单片机实验', None, '8.6 串口通信系统设计--作业']",8.12
C_681684,Ex_212562,"['8 单片机实验', None, '8.7 汉字显示系统设计-作业']",8.14
C_681684,Ex_1094586,"['8 单片机实验', None, '8.9 第八章作业-作业']",8.17
C_680762,Ex_118587,"['第一章 数据科学 你的影子无所不在', '第二节 初窥门径', '第二节测试 初窥门径']",0.1.1
C_680762,Ex_118588,"['第一章 数据科学 你的影子无所不在', '第三节 知行合一', '第三节测试 知行合一']",0.2.1
C_680762,Ex_118589,"['第一章 数据科学 你的影子无所不在', '第四节 见微知著', '第四节测试 见微知著 ']",0.3.1
C_680762,Ex_118594,"['第二章 数据采集：巧妇难为无米之炊', '第一节 感知万物', '第一节测试 感知万物']",1.1
C_680762,Ex_118595,"['第二章 数据采集：巧妇难为无米之炊', '第二节 化繁为简', '第二节测试 化繁为简']",1.1.1
C_680762,Ex_118596,"['第二章 数据采集：巧妇难为无米之炊', '第三节 前程无线', '第三节测试 前程无线']",1.2.1
C_680762,Ex_118597,"['第二章 数据采集：巧妇难为无米之炊', '第四节 运筹帷幄', '第四节测试 运筹帷幄']",1.3.1
C_680762,Ex_118603,"['第三章 数据可视化：一图知天下', '第一节 眼底风云', '第一节测试 眼底风云']",2.1
C_680762,Ex_118604,"['第三章 数据可视化：一图知天下', '第二节 心灵之窗', '第二节测试 心灵之窗']",2.1.1
C_680762,Ex_118605,"['第三章 数据可视化：一图知天下', '第三节 历史上的可视化', '第三节测试 历史上的可视化']",2.2.1
C_680762,Ex_118606,"['第三章 数据可视化：一图知天下', '第四节 表格数据的可视化', '第四节测试 表格数据的可视化']",2.3.1
C_680762,Ex_118607,"['第三章 数据可视化：一图知天下', '第五节 高维数据的可视化', '第五节测试 高维数据的可视化']",2.4.1
C_680762,Ex_118614,"['第四章 高性能计算：天下武功唯快不破', '第一节 数据科学的发动机', '第一节测试 数据科学的发动机']",3.1
C_680762,Ex_118615,"['第四章 高性能计算：天下武功唯快不破', '第二节 忆往昔峥嵘岁月稠', '第二节测试 忆往昔峥嵘岁月稠']",3.1.1
C_680762,Ex_118616,"['第四章 高性能计算：天下武功唯快不破', '第三节 众智之为无不成', '第三节测试 众智之为无不成']",3.2.1
C_680762,Ex_118617,"['第四章 高性能计算：天下武功唯快不破', '第四节 线程与进程', '第四节测试 线程与进程']",3.3.1
C_680762,Ex_118618,"['第四章 高性能计算：天下武功唯快不破', '第五节 GPU计算', '第五节测试 GPU计算']",3.4.1
C_680762,Ex_118619,"['第四章 高性能计算：天下武功唯快不破', '第六节 并行性能评估', '第六节测试 并行性能评估']",3.5.1
C_680762,Ex_118628,"['第五章 数据隐私：你的隐私谁做主', '第一节 袁博老师的解读', '第一节测试 袁博老师的解读']",4.1
C_680762,Ex_118629,"['第五章 数据隐私：你的隐私谁做主', '第二节 个人信息保护的困境', '第二节测试 个人信息保护的困境']",4.1.1
C_680762,Ex_118630,"['第五章 数据隐私：你的隐私谁做主', '第三节 个人信息保护的重点', '第三节测试 个人信息保护的重点']",4.2.1
C_680762,Ex_118631,"['第五章 数据隐私：你的隐私谁做主', '第四节 网络安全法', '第四节测试 网络安全法']",4.3.1
C_680762,Ex_118632,"['第五章 数据隐私：你的隐私谁做主', '第五节 刑法司法解释', '第五节测试 刑法司法解释']",4.4.1
C_680762,Ex_118633,"['第五章 数据隐私：你的隐私谁做主', '第六节 民法总则', '第六节测试 民法总则']",4.5.1
C_680762,Ex_118640,"['第六章 数据与法：数字化的法律世界', '第三节 大数据预测犯罪的讨论', '第三节测试 大数据预测犯罪的讨论']",5.2.1
C_680762,Ex_118641,"['第六章 数据与法：数字化的法律世界', '第五节 著作权法研究案例', '第五节测试 著作权法研究案例']",5.4.1
C_680762,Ex_118642,"['第六章 数据与法：数字化的法律世界', '第六节 数据与人工智能的应用', '第六节测试 数据与人工智能的应用']",5.5.1
C_680762,Ex_118649,"['第七章 数据知识产权：数据即财富', '第二节 著作权问题', '第二节测试 著作权问题']",6.1.1
C_680762,Ex_118650,"['第七章 数据知识产权：数据即财富', '第三节 反不正当竞争问题', '第三节测试 反不正当竞争问题']",6.2.1
C_680762,Ex_118651,"['第七章 数据知识产权：数据即财富', '第四节 遗忘权问题', '第四节测试 遗忘权问题']",6.3.1
C_680762,Ex_118652,"['第七章 数据知识产权：数据即财富', '第五节 数据携带权和数据垄断', '第五节测试 数据携带权和数据垄断']",6.4.1
C_680762,Ex_118659,"['第八章 环境大数据分析：知其然知其所以然', '第一节 空气污染的标准与规范', '第一节测试 空气污染的标准与规范']",7.1
C_680762,Ex_118660,"['第八章 环境大数据分析：知其然知其所以然', '第二节 环境数据获取、传输与存储', '第二节测试 环境数据获取、传输与存储']",7.1.1
C_680762,Ex_118661,"['第八章 环境大数据分析：知其然知其所以然', '第三节 环境大数据处理', '第三节测试 环境大数据处理']",7.2.1
C_680762,Ex_118662,"['第八章 环境大数据分析：知其然知其所以然', '第四节 环境大数据的典型应用', '第四节测试 环境大数据的典型应用']",7.3.1
C_734011,Ex_585118,"['第一讲 大数据和ODPS', None, 'QUIZ--作业']",1.4
C_734011,Ex_585151,"['第二讲 分布式存储', None, 'QUIZ--作业']",2.30
C_734011,Ex_585159,"['第三讲 资源管理与任务调度', None, 'QUIZ--作业']",3.9
C_734011,Ex_585167,"['第四讲 分布式编程模型的设计与演化', None, 'QUIZ--作业']",4.8
C_734011,Ex_700237,"['实践1：通过两阶段提交协议完成数据上传', 'HW1：通过两阶段提交协议完成数据上传', '实践1']",5.5.1
C_734011,Ex_585178,"['第五讲 离线分布式关系型计算', None, 'QUIZ--作业']",6.6
C_734011,Ex_585187,"['第六讲 全局数据管理与调度', None, 'QUIZ--作业']",7.10
C_734011,Ex_700258,"['实践2：编写MR完成Group By+Join操作', 'HW2：编写MR完成Group By+Join操作', '实践二']",8.2.1
C_734011,Ex_585198,"['第七讲 流式计算的系统设计与实现', None, 'QUIZ--作业']",9.9
C_734011,Ex_585204,"['第八讲 内存计算', None, 'QUIZ--作业']",10.7
C_734011,Ex_585206,"['第九讲 大规模数据的分布式机器学习平台', None, 'QUIZ--作业']",11.3
C_734011,Ex_700259,"['实践3：实现MapReduce编程运行时库', 'HW3:实现MapReduce编程运行时库', '实践三']",12.4.1
C_1749733,Ex_4276785,"['Introduction to Combinatorial Mathematics', ""What's Combinatorial Mathematics"", ""What's Combinatorial Mathematics--Homework""]",0.1
C_1749733,Ex_4276786,"['Introduction to Combinatorial Mathematics', 'The Most Ingenious Arrangement - Magic Square', 'The Most Ingenious Arrangement - Magic Square--Homework']",0.1.1
C_1749733,Ex_4276787,"['Introduction to Combinatorial Mathematics', 'Suffering Parchment Roll', 'Suffering Parchment Roll--Homework']",0.2.1
C_1749733,Ex_4276788,"['Introduction to Combinatorial Mathematics', 'Is Your Phone Password Safe', 'Talking About Combinatorial Mathematics--Is Your P']",0.3.1
C_1749733,Ex_4276789,"['Introduction to Combinatorial Mathematics', 'Brute-force Enumaration OR Abstract Conversion', 'Brute-force Enumaration OR Abstract Conversion--Homework']",0.4.4
C_1749733,Ex_4276790,"['Introduction to Combinatorial Mathematics', 'Homework 1', 'Homework 1']",0.5.1
C_1749733,Ex_4276807,"['Combinatorial trip of a Pingpong ball', 'Permutation or Combination?', 'Combinatorial trip of a Pingpong ball--Permutation']",1.1.2
C_1749733,Ex_4276808,"['Combinatorial trip of a Pingpong ball', 'Various Permutations', 'Combinatorial trip of a Pingpong ball--Various Per']",1.2.2
C_1749733,Ex_4276809,"['Combinatorial trip of a Pingpong ball', 'Different Kinds of Combinations', 'Combinatorial trip of a Pingpong ball--Different K']",1.3.2
C_1749733,Ex_4276810,"['Combinatorial trip of a Pingpong ball', 'Permutation In The Bell Ring', 'Combinatorial trip of a Pingpong ball--Permutation']",1.4.4
C_1749733,Ex_4276811,"['Combinatorial trip of a Pingpong ball', 'Homework 2', 'Homework 2']",1.5.1
C_1749733,Ex_4276823,"['Generating Function', 'Generating Function & Counting Rules', 'Generating Function & Counting Rules--Homework']",2.1
C_1749733,Ex_4276824,"['Generating Function', 'Simple Application Of Generating Function', 'Generating Function--Simple Application Of Generat']",2.1.2
C_1749733,Ex_4276825,"['Generating Function', 'Ferrers Diagram', 'Ferrers Diagram--Homework']",2.3.1
C_1749733,Ex_4276826,"['Generating Function', 'Homework  3', 'Homework  3']",2.5
C_1749733,Ex_4276844,"['Linear Homogeneous Recurrence Relation', 'Fibonacci Sequence', 'Fibonacci Sequence--Homework']",3.2
C_1749733,Ex_4276845,"['Linear Homogeneous Recurrence Relation', 'Application Of The Fibonacci Sequence', 'Linear Homogeneous Recurrence Relation--Applicatio']",3.1.4
C_1749733,Ex_4276846,"['Linear Homogeneous Recurrence Relation', 'Linear Homogeneous Recurrence Relation', 'Linear Homogeneous Recurrence Relation--Homework']",3.2.5
C_1749733,Ex_4276847,"['Linear Homogeneous Recurrence Relation', 'Homework Of Week 4', 'Homework Of Week 4']",3.4.1
C_1749733,Ex_4276863,"['Magical Sequences', 'Catalan Numbers', 'Magical Sequences--Catalan Numbers']",4.3
C_1749733,Ex_4276864,"['Magical Sequences', 'Exponential  Generating Functions', 'Exponential  Generating Functions--Homework']",4.1.2
C_1749733,Ex_4276865,"['Magical Sequences', 'Derangements', 'Magical Sequences--Derangements']",4.2.2
C_1749733,Ex_4276866,"['Magical Sequences', 'Stirling Numbers', 'Magical Sequences--Stirling Numbers']",4.3.2
C_1749733,Ex_4276867,"['Magical Sequences', 'Homework of Week 5', 'Magical Sequences--Homework of Week 5']",4.5
C_1749733,Ex_4276884,"['Inclusion-Exclusion Principle And Pigeonhole Principle', 'Inclusion And Exclusion Principle', 'Inclusion-Exclusion Principle And Pigeonhole Princ']",5.2
C_1749733,Ex_4276885,"['Inclusion-Exclusion Principle And Pigeonhole Principle', 'Pigeonhole Principle', 'Inclusion-Exclusion Principle And Pigeonhole Princ']",5.3.2
C_1749733,Ex_4276886,"['Inclusion-Exclusion Principle And Pigeonhole Principle', 'Visible Pigeonholes', 'Inclusion-Exclusion Principle And Pigeonhole Princ']",5.4.3
C_1749733,Ex_4276887,"['Inclusion-Exclusion Principle And Pigeonhole Principle', 'Homework Of Week 6', 'Inclusion-Exclusion Principle And Pigeonhole Princ']",5.6.1
C_1749733,Ex_6133630,"['Introduction to Algorithms Design', 'Example: Majority Element', 'Q: Majority Element']",6.1.1
C_1749733,Ex_6133631,"['Introduction to Algorithms Design', 'Algorihtm Complexity', 'Q:Algorithm Complexity']",6.2.1
C_1749733,Ex_6133632,"['Introduction to Algorithms Design', 'Asymptotic Analysis', 'Q:Asymptotic Analysis']",6.3.1
C_1749733,Ex_6133633,"['Introduction to Algorithms Design', 'Homework of Week 7', 'Homework of Week 7']",6.4
C_1749733,Ex_6133634,"['Incremental Algorithms', 'Loop Invariant', 'Q:Loop Invariant']",7.1.1
C_1749733,Ex_6133635,"['Incremental Algorithms', 'Example: Insertion Sort', 'Q:Insertion Sort']",7.2.1
C_1749733,Ex_6133636,"['Incremental Algorithms', 'Example: 2-Color Dutch National Flag Problem', 'Q:2-Color Dutch National Flag Problem']",7.3.1
C_1749733,Ex_6133637,"['Incremental Algorithms', 'Homework of Week 8', 'Homework of Week 8']",7.4
C_1749733,Ex_4276899,"['Group', None, 'Turnable World--作业']",7.2
C_1749733,Ex_4276900,"['Group', None, 'Permutation Group--作业']",7.4
C_1749733,Ex_4276901,"['Group', None, 'Burnside Lemma--作业']",7.6
C_1749733,Ex_4276902,"['Group', None, 'Homework Of Week 7--作业']",7.8
C_1749733,Ex_4276918,"['Semester Questionare', 'Semester Questionare', 'Semester Questionare--Homework']",8
C_1749733,Ex_6133638,"['Divide and Conquer', 'Example: Merge Sort', 'Q: Merge Sort']",8.1.1
C_1749733,Ex_6133639,"['Divide and Conquer', 'Example: Order Statistics: Select: Partition', 'Q: Select: Partition']",8.2.1
C_1749733,Ex_6133640,"['Divide and Conquer', 'Example: Order Statistics: Select: Linear Time', 'Q:Select: Linear Time']",8.3.1
C_1749733,Ex_6133641,"['Divide and Conquer', 'Substitution Method', 'Q:Substitution Method']",8.4.1
C_1749733,Ex_6133642,"['Divide and Conquer', 'Recursion Tree Method', 'Q:Recursion Tree Method']",8.5.1
C_1749733,Ex_6133643,"['Divide and Conquer', 'The Master Method', 'Q: The Master Method']",8.6.1
C_1749733,Ex_6133644,"['Divide and Conquer', 'Homework of Week 9', 'Homework of Week 9']",8.7
C_1749733,Ex_4276916,"['Polya Theorem', None, 'Rotating Polyhedron--作业']",8.4
C_1749733,Ex_4276917,"['Polya Theorem', None, 'Homework of Week 8--作业']",8.7
C_1749733,Ex_6133645,"['Randomized Algorithms', 'Indicator Random Variable', 'Q: Indicator Random Variable']",9.1
C_1749733,Ex_6133646,"['Randomized Algorithms', 'Hiring Problem', 'Q:Hiring Problem']",9.1.1
C_1749733,Ex_6133647,"['Randomized Algorithms', 'Randomized Algorihtm', 'Q:Randomized Algorihtm']",9.3.1
C_1749733,Ex_6133648,"['Randomized Algorithms', 'Example: Randomized Select Analysis', 'Q:Randomized Select']",9.5.1
C_1749733,Ex_6133649,"['Randomized Algorithms', 'Homework of Week 10', 'Homework of Week 10']",9.6
C_1749733,Ex_6133650,"['Dynamic Programming', 'Maximum Subarray: D&C solution', 'Q:Maximum Subarray']",10.1
C_1749733,Ex_6133651,"['Dynamic Programming', 'Maximum Subarray: Dynamic Programming Solution', 'Q:Maximum Subarray DP solution']",10.1.1
C_1749733,Ex_6133652,"['Dynamic Programming', 'Optimization Problems: Knapsack and Matrix Chain Multiplication', 'Q: Optimization Problems']",10.2.1
C_1749733,Ex_6133653,"['Dynamic Programming', 'Steps of Dynamic Programming (1&2 Recursively Define Optimal Solutions)', 'Q:Steps of Dynamic Programming (1&2)']",10.3.1
C_1749733,Ex_6133654,"['Dynamic Programming', 'Steps of Dynamic Programming (3&4 Compute Optimal Solutions)', 'Q:Steps of Dynamic Programming (3&4)']",10.4.1
C_1749733,Ex_6133655,"['Dynamic Programming', 'Homework of Week 11', 'Homework of Week 11']",10.6
C_1749733,Ex_5440252,"['Group (Optional)', 'Turnable World', 'quiz1']",11.1
C_1749733,Ex_5440253,"['Group (Optional)', 'Turnable World', 'quiz2']",11.4
C_1749733,Ex_5440254,"['Group (Optional)', 'Permutation Group', 'quiz3']",11.1.1
C_1749733,Ex_5440255,"['Group (Optional)', 'Permutation Group', 'quiz4']",11.1.4
C_1749733,Ex_5440256,"['Group (Optional)', 'Burnside Lemma', 'quiz5']",11.2.1
C_1749733,Ex_5440247,"['Polya Theorem (Optional)', 'Rotating Polyhedron', 'quiz1']",12.2.2
C_1749733,Ex_5440248,"['Polya Theorem (Optional)', 'Rotating Polyhedron', 'quiz2']",12.2.4
C_1749733,Ex_4276920,"['Final Exam', None, 'Final Exam--Final Exam']",13.1
C_747024,Ex_730899,"['第一讲：电磁学与分析数学史概览', None, '第一讲：电磁学与分析数学史概览--第一次作业']",1.11
C_747024,Ex_730916,"['第三讲：电路抽象', None, '第三讲：电路抽象--电路抽象 练习题']",3.5
C_747024,Ex_730917,"['第三讲：电路抽象', None, '第三讲：电路抽象--Quiz 3']",3.13
C_747024,Ex_730927,"['第四讲：比特与逻辑', None, '第四讲：比特与逻辑--Quiz4']",4.11
C_747024,Ex_730944,"['第六讲：数据与算法', None, '第六讲：数据与算法--Quiz6']",6.11
C_747024,Ex_730956,"['第七讲：通讯与网络', None, '第七讲：通讯与网络--Quiz7']",7.13
C_747024,Ex_730964,"['第八讲：媒体与认知', None, '第八讲：媒体与认知--Quiz8']",8.9
C_747024,Ex_730965,"['期末考试', None, '期末考试--Final Exam']",9.2
C_682737,Ex_388715,"['第一讲 数据文件的组织与索引技术', None, '6.练习--作业']",1.7
C_682737,Ex_388723,"['第二讲 查询处理及优化', None, '6.练习--作业']",2.7
C_682737,Ex_388729,"['第三讲 数据管理与恢复技术', None, '6. 练习--作业']",3.7
C_682737,Ex_388735,"['第四讲 事务并发调度的相关概念', None, '5. 练习--作业']",4.6
C_682737,Ex_388742,"['第五讲 基于封锁的并发控制机制', None, '6. 练习--作业']",5.7
C_682737,Ex_388746,"['第六讲 并发控制的其它机制', None, '4. 练习--作业']",6.5
C_682737,Ex_388753,"['第七讲 分布式数据库基本概念', None, '5. 练习--作业']",7.6
C_682737,Ex_388762,"['第八讲 分布式数据库的设计', None, '6. 练习--作业']",8.7
C_682737,Ex_388769,"['第九讲 分布式数据库查询机制', None, '6. 练习--作业']",9.7
C_682737,Ex_388777,"['第十讲 分布式数据库的事务管理及恢复机制', None, '7.练习--作业']",10.8
C_682737,Ex_388778,"['高级数据库技术期末试题', None, '试题--作业']",11.2
C_746968,Ex_2559271,"['1. 多媒体技术概述', None, '习题--作业']",1.7
C_746968,Ex_2559281,"['2. 多媒体数据压缩基本方法', None, '习题--作业']",2.5
C_746968,Ex_2559286,"['3. 数字图像压缩技术', None, '习题--作业']",3.5
C_746968,Ex_2559296,"['4. 数字视频压缩技术', None, '习题--作业']",4.11
C_746968,Ex_2559304,"['5. 语音频编码技术', None, '习题--作业']",5.9
C_746968,Ex_2559309,"['6. 流媒体技术', None, '习题--作业']",6.6
C_746968,Ex_2559310,"['期末考试', None, '考试--作业']",7.2
C_677157,Ex_101953,"['第四章 聚类算法', None, '第四章 聚类算法--习题']",4.3
C_677157,Ex_101980,"['第七章 Web链接分析', None, '第七章 Web链接分析--习题']",7.4
C_677157,Ex_101986,"['第八章 推荐系统', None, '第八章 推荐系统--习题一']",8.5
C_677157,Ex_101987,"['第八章 推荐系统', None, '第八章 推荐系统--习题二']",8.6
C_677157,Ex_796465,"['自我提升练习', None, '综合编程题']",9.1
C_682637,Ex_370315,"['第二部分 博弈论', None, '第二部分 博弈论--习题']",1.7
C_682637,Ex_370323,"['第四部分 信息网络与万维网', None, '第四部分 信息网络与万维网--习题']",3.4
C_682637,Ex_370328,"['第六部分 网络动力学：结构模型', None, '第六部分 网络动力学：结构模型--习题']",5.2
C_682637,Ex_370332,"['第七部分 机构及其聚合行为', None, '第七部分 机构及其聚合行为--习题']",6.3
C_682400,Ex_316384,"['第一章：嵌入式系统基础', None, '1.1 嵌入式系统概念--作业']",1.2
C_682400,Ex_316385,"['第一章：嵌入式系统基础', None, '1.2 嵌入式系统组成--作业']",1.4
C_682400,Ex_316388,"['第二章：嵌入式处理器', None, '2.1 嵌入式处理器发展历史--作业']",2.2
C_682400,Ex_316389,"['第二章：嵌入式处理器', None, '2.2 三星S3C2440 微处理器--作业']",2.4
C_682400,Ex_316393,"['第三章：嵌入式操作系统', None, '3.1 嵌入式操作系统概述--作业']",3.2
C_682400,Ex_316394,"['第三章：嵌入式操作系统', None, '3.2 嵌入式Linux 操作系统--作业']",3.4
C_682400,Ex_316395,"['第三章：嵌入式操作系统', None, '3.3 Linux 操作系统实时性改造--作业']",3.6
C_682400,Ex_316399,"['第四章：嵌入式软件开发平台', None, '4.1 基于Linux的开发流程--作业']",4.2
C_682400,Ex_316400,"['第四章：嵌入式软件开发平台', None, '4.2 GCC 编译器--作业']",4.4
C_682400,Ex_316401,"['第四章：嵌入式软件开发平台', None, '4.3 GDB 调试器--作业']",4.6
C_682400,Ex_316404,"['第五章：嵌入式Linux驱动开发', None, '5.1 Linux 设备驱动技术--作业']",5.2
C_682400,Ex_316405,"['第五章：嵌入式Linux驱动开发', None, '5.2 Linux 设备驱动程序--作业']",5.4
C_682400,Ex_316408,"['第六章：嵌入式系统实验', None, '实验一：基于ARM的嵌入式Linux开发环境建立--作业']",6.2
C_682400,Ex_316409,"['第六章：嵌入式系统实验', None, '实验二：基于ARM的模块方式驱动程序实验--作业']",6.4
C_682400,Ex_316410,"['期末考试', None, '期末考试--作业']",7.2
C_696938,Ex_482041,"['第一章： 编译系统概论', None, '编译系统概论--自测练习与单元测试']",0.2
C_696938,Ex_482046,"['第二章：上下文无关文法和形式语言', None, '上下文无关文法和形式语言--自测练习与单元测试']",1.2
C_696938,Ex_482054,"['第三章：有穷自动机与正则表达式理论基础', None, '有穷自动机与正则表达式理论基础--自测练习与单元测试']",2.7
C_696938,Ex_482072,"['第四章：语法分析', None, '语法分析--自测练习与单元测试']",3.12
C_696938,Ex_482081,"['第五章：语法制导翻译和中间代码', None, '语法制导翻译和中间代码--自测练习与单元测试']",4.6
C_696938,Ex_482086,"['第六章：符号表', None, '符号表--自测练习与单元测试']",5.3
C_696938,Ex_482092,"['第七章：运行时存储空间组织', '第4讲-嵌套过程语言的栈式实现-display表实现非局部变量的访问', '第1讲-运行时存储空间的划分--作业']",6.3.1
C_696938,Ex_482093,"['第七章：运行时存储空间组织', None, '运行时存储空间组织--自测练习与单元测试']",6.4
C_696938,Ex_482100,"['第八章：优化', None, '优化--自测练习与单元测试']",7.5
C_681678,Ex_211742,"['第1章 概述', None, '第1章 概述--章节测验']",0.5
C_681678,Ex_211747,"['第2章 内存寻址', None, '第2章 内存寻址--章节测验']",1.4
C_681678,Ex_211753,"['第3章  进程管理', None, '第3章  进程管理--章节测验']",2.5
C_681678,Ex_211761,"['第4章 内存管理', None, '第4章 内存管理--章节测验']",3.8
C_681678,Ex_211768,"['第5章 中断', None, '第5章 中断--章节测验']",4.6
C_681678,Ex_211772,"['第6章 系统调用', None, '第6章 系统调用--章节测验']",5.3
C_681678,Ex_211777,"['第7章 内核同步', None, '第7章 内核同步--章节测验']",6.4
C_681678,Ex_211785,"['第8章 文件系统', None, '第8章 文件系统--章节测验']",7.7
C_681678,Ex_211795,"['第9章 设备驱动', None, '第9章 设备驱动--章节测验']",8.9
C_676937,Ex_69226,"['第七章 继承与派生', '派生类的构造和析构', '第七章 继承与派生--派生类的构造和析构']",0.7.8
C_676937,Ex_69223,"['第七章 继承与派生', None, '第七章 继承与派生--继承的基本概念和语法']",0.2
C_676937,Ex_69224,"['第七章 继承与派生', None, '第七章 继承与派生--继承方式']",0.4
C_676937,Ex_69225,"['第七章 继承与派生', None, '第七章 继承与派生--基类与派生类类型转换']",0.6
C_676937,Ex_69227,"['第七章 继承与派生', None, '第七章 继承与派生--派生类成员的标识与访问']",0.9
C_676937,Ex_69254,"['第八章 多态性', '抽象类', '第八章 多态性--抽象类']",1.6.2
C_676937,Ex_69251,"['第八章 多态性', None, '第八章 多态性--导学']",1.1
C_676937,Ex_69252,"['第八章 多态性', None, '第八章 多态性--运算符重载']",1.3
C_676937,Ex_69253,"['第八章 多态性', None, '第八章 多态性--虚函数']",1.5
C_676937,Ex_69255,"['第八章 多态性', None, '第八章 多态性--override与final']",1.8
C_676937,Ex_3322938,"['第九章 模板与群体数据', '栈', '栈类模板课后习题']",2.8.2
C_676937,Ex_3322939,"['第九章 模板与群体数据', '栈', '例9-9 栈的应用课后习题']",2.8.5
C_676937,Ex_3399821,"['第九章 模板与群体数据', '查找', '查找课后习题']",2.13.2
C_676937,Ex_69291,"['第九章 模板与群体数据', None, '第九章 模板与群体数据--模板']",2.2
C_676937,Ex_69292,"['第九章 模板与群体数据', None, '第九章 模板与群体数据--线性群体']",2.4
C_676937,Ex_69293,"['第九章 模板与群体数据', None, '第九章 模板与群体数据--链表']",2.7
C_676937,Ex_69294,"['第九章 模板与群体数据', None, '第九章 模板与群体数据--队列']",2.10
C_676937,Ex_69295,"['第九章 模板与群体数据', None, '第九章 模板与群体数据--排序']",2.12
C_676937,Ex_69332,"['第十章 泛型程序设计与C++标准模板库', '顺序容器', '第十章 泛型程序设计与C++标准模板库--顺序容器']",3.7.6
C_676937,Ex_69329,"['第十章 泛型程序设计与C++标准模板库', None, '第十章 泛型程序设计与C++标准模板库--泛型程序设计及STL的结构']",3.2
C_676937,Ex_69330,"['第十章 泛型程序设计与C++标准模板库', None, '第十章 泛型程序设计与C++标准模板库--迭代器']",3.4
C_676937,Ex_69331,"['第十章 泛型程序设计与C++标准模板库', None, '第十章 泛型程序设计与C++标准模板库--容器的基本功能与分类']",3.6
C_676937,Ex_69333,"['第十章 泛型程序设计与C++标准模板库', None, '第十章 泛型程序设计与C++标准模板库--关联容器']",3.9
C_676937,Ex_69357,"['第十一章 流类库与输入/输出', None, '第十一章 流类库与输入/输出--I/O流的概念及流类库结构']",4.2
C_676937,Ex_69358,"['第十一章 流类库与输入/输出', None, '第十一章 流类库与输入/输出--输出流']",4.4
C_676937,Ex_69359,"['第十一章 流类库与输入/输出', None, '第十一章 流类库与输入/输出--输入流']",4.6
C_676937,Ex_69360,"['第十一章 流类库与输入/输出', None, '第十一章 流类库与输入/输出--输入/输出流']",4.8
C_676937,Ex_69372,"['第十二章 异常处理', None, '第十二章 异常处理--异常处理的思想与程序实现']",5.2
C_676937,Ex_69373,"['第十二章 异常处理', None, '第十二章 异常处理--异常处理中的构造与析构']",5.4
C_676937,Ex_69374,"['第十二章 异常处理', None, '第十二章 异常处理--标准程序库异常处理']",5.6
C_680910,Ex_139927,"['第1章 数据库系统概论', None, '第1章 数据库系统概论--本章单元测试']",1.6
C_680910,Ex_139933,"['第2章  数据库关系模型', None, '第2章  数据库关系模型--本章单元测试']",2.4
C_680910,Ex_139945,"['第3章  数据库操作SQL语言', None, '第3章  数据库操作SQL语言--本章单元测试']",3.8
C_680910,Ex_139955,"['第4章  数据库设计与实现', None, '第4章  数据库设计与实现--本章单元测试']",4.7
C_680910,Ex_139964,"['第5章  数据库管理', None, '第5章  数据库管理--本章单元测试']",5.7
C_680910,Ex_139971,"['第6章  数据库应用编程', None, '第6章  数据库应用编程--本章单元测试']",6.6
C_680910,Ex_139987,"['第7章  NoSQL数据库技术', None, '第7章  NoSQL数据库技术--本章单元测试']",7.7
C_697791,Ex_557720,"['第1章 绪论', '计算机系统简介', '计算机系统简介 测试题']",0.1.2
C_697791,Ex_557721,"['第1章 绪论', '计算机语言和程序设计方法的发展', '计算机语言和程序设计方法的发展 测试题']",0.2.2
C_697791,Ex_557722,"['第1章 绪论', '面向对象的基本概念', '面向对象的基本概念 测试题']",0.3.2
C_697791,Ex_557723,"['第1章 绪论', '程序的开发过程', '程序的开发过程 测试题']",0.4.2
C_697791,Ex_557724,"['第1章 绪论', '信息的表示和储存', '信息的表示和储存 测试题']",0.5.6
C_697791,Ex_557744,"['第2章 C++简单程序设计（一）', 'C++语言概述', 'C++语言概述 测试题']",1.1.4
C_697791,Ex_557746,"['第2章 C++简单程序设计（一）', '运算与表达式', '运算与表达式 测试题']",1.4.8
C_697791,Ex_557745,"['第2章 C++简单程序设计（一）', None, '基本数据类型、常量、变量 测试题']",1.3
C_697791,Ex_557766,"['第2章 C++简单程序设计（二）', '选择结构', '选择结构 测试题']",2.2.4
C_697791,Ex_1065996,"['第2章 C++简单程序设计（二）', '自定义类型', '自定义类型']",2.5.2
C_697791,Ex_557765,"['第2章 C++简单程序设计（二）', None, '数据的输入和输出 测试题']",2.1
C_697791,Ex_557767,"['第2章 C++简单程序设计（二）', None, '循环结构 测试题']",2.4
C_697791,Ex_557813,"['第3章 函数', '引用类型', '引用类型 测试题']",3.9.1
C_697791,Ex_557815,"['第3章 函数', '内联函数', '内联函数 测试题']",3.12.2
C_697791,Ex_3266131,"['第3章 函数', 'constexpr函数', 'CONSTEXPR函数课后习题']",3.13.2
C_697791,Ex_557816,"['第3章 函数', '带默认参数值的函数', '带默认参数值的函数 测试题']",3.14.4
C_697791,Ex_3266132,"['第3章 函数', 'C++系统函数', 'C++系统函数习题']",3.17.1
C_697791,Ex_557809,"['第3章 函数', None, '函数定义 测试题']",3.2
C_697791,Ex_557810,"['第3章 函数', None, '函数调用 测试题']",3.4
C_697791,Ex_557811,"['第3章 函数', None, '嵌套与递归 测试题']",3.6
C_697791,Ex_557812,"['第3章 函数', None, '函数的参数传递 测试题']",3.8
C_697791,Ex_557814,"['第3章 函数', None, '含有可变参数的函数 测试题']",3.11
C_697791,Ex_557817,"['第3章 函数', None, '函数重载 测试题']",3.16
C_697791,Ex_557858,"['第4章 类与对象', '析构函数', '析构函数 测试题']",4.7.2
C_697791,Ex_3266133,"['第4章 类与对象', 'UML简介', 'UML简介课后习题']",4.10.1
C_697791,Ex_557861,"['第4章 类与对象', '枚举类', '枚举类 测试题']",4.13.2
C_697791,Ex_557855,"['第4章 类与对象', None, '面向对象程序的基本特点 测试题']",4.2
C_697791,Ex_557856,"['第4章 类与对象', None, '类和对象 测试题']",4.4
C_697791,Ex_557857,"['第4章 类与对象', None, '构造函数 测试题']",4.6
C_697791,Ex_557859,"['第4章 类与对象', None, '类的组合 测试题']",4.9
C_697791,Ex_557860,"['第4章 类与对象', None, '结构体与联合体 测试题']",4.12
C_697791,Ex_557882,"['第5章 数据的共享与保护', '对象的生存期', '对象的生存期 测试题']",5.3.2
C_697791,Ex_557881,"['第5章 数据的共享与保护', None, '标识符的作用域与可见性 测试题']",5.2
C_697791,Ex_557883,"['第5章 数据的共享与保护', None, '类的静态成员 测试题']",5.5
C_697791,Ex_557884,"['第5章 数据的共享与保护', None, '类的友元 测试题']",5.7
C_697791,Ex_557885,"['第5章 数据的共享与保护', None, '共享数据的保护 测试题']",5.9
C_697791,Ex_557886,"['第5章 数据的共享与保护', None, '多文件结构和预编译命令 测试题']",5.11
C_697791,Ex_557910,"['第6章 数组、指针与字符串（一）', '对象数组', '对象数组 测试题']",6.5.2
C_697791,Ex_557908,"['第6章 数组、指针与字符串（一）', None, '数组的定义与初始化 测试题']",6.2
C_697791,Ex_557909,"['第6章 数组、指针与字符串（一）', None, '数组作为函数的参数 测试题']",6.4
C_697791,Ex_557911,"['第6章 数组、指针与字符串（一）', None, '指针的定义和运算 测试题']",6.8
C_697791,Ex_557946,"['第6章 数组、指针与字符串（二）', '指针与函数', '指针与函数 测试题']",7.2.5
C_697791,Ex_557947,"['第6章 数组、指针与字符串（二）', '对象指针', '对象指针 测试题']",7.3.2
C_697791,Ex_557949,"['第6章 数组、指针与字符串（二）', 'vector对象', 'vector对象 测试题']",7.7.2
C_697791,Ex_557951,"['第6章 数组、指针与字符串（二）', '字符串', '字符串 测试题']",7.10.4
C_697791,Ex_557945,"['第6章 数组、指针与字符串（二）', None, '指针与数组 测试题']",7.1
C_697791,Ex_557948,"['第6章 数组、指针与字符串（二）', None, '动态内存分配 测试题']",7.5
C_697791,Ex_557950,"['第6章 数组、指针与字符串（二）', None, '对象复制与移动 测试题']",7.8
C_682189,Ex_274877,"['第一讲 课程简介与编程环境', None, '1.0 课程定位、教学内容--作业']",1.2
C_682189,Ex_274878,"['第一讲 课程简介与编程环境', None, '作业一--作业']",1.6
C_682189,Ex_274886,"['第二讲 基础语法（1）', None, '第二讲 基础语法（1）--作业二']",2.8
C_682189,Ex_274899,"['第三讲 基础语法（2）', None, '第三讲 基础语法（2）--作业三']",3.11
C_682189,Ex_274912,"['第四讲 基础语法（3）', None, '作业四--作业']",4.12
C_682189,Ex_274951,"['期末考试', None, '期末考试--作业']",10.2
C_735157,Ex_624865,"['1  Introduction of Algorithm', None, 'Homework1']",0.5
C_735157,Ex_624871,"['2  Basics of Algorithm Analysis', None, 'Homework2']",1.4
C_735157,Ex_624878,"['3  Graph', None, 'Homework3']",2.6
C_735157,Ex_624891,"['4  Greedy Algorithms', None, 'Homework4']",3.10
C_735157,Ex_624902,"['5  Divide and Conquer', None, 'Homework5']",4.9
C_735157,Ex_624910,"['6  Dynamic Programming', None, 'Homework6']",5.7
C_735157,Ex_624917,"['7  Network Flow', None, 'Homework7']",6.6
C_735157,Ex_624930,"['8  NP and Computational Intractability', None, 'Homework8']",7.10
C_735157,Ex_624937,"['9  Approximation Algorithms', None, 'Homework9']",8.6
C_735157,Ex_624943,"['10  Local Search', None, 'Homework10']",9.5
C_735157,Ex_624949,"['11  Randomized Algorithms', None, 'Homework11']",10.5
C_735157,Ex_624950,"['Exam', None, 'Exam']",11.1
C_677218,Ex_109721,"['第一章 概述', None, '第一章 概述--章节测试']",1.9
C_677218,Ex_109736,"['第二章 物理层', None, '第二章 物理层--章节测试']",2.10
C_677218,Ex_109747,"['第三章：数据链路层', None, '第三章：数据链路层--章节测试']",3.10
C_677218,Ex_109759,"['第四章 介质访问控制子层', None, '第四章 介质访问控制子层--章节测试']",4.11
C_677218,Ex_109787,"['第五章 网络层', None, '第五章 网络层--章节测试1']",5.23
C_677218,Ex_109788,"['第五章 网络层', None, '第五章 网络层--章节测试2']",5.24
C_677218,Ex_5035015,"['第五章 网络层', None, '第五章主观测试题']",5.25
C_677218,Ex_109800,"['第六章 传输层', None, '第六章 传输层--章节测试']",6.11
C_677218,Ex_109809,"['第七章 应用层', None, '第七章 应用层--章节测试']",8.8
C_697821,Ex_559227,"['第一讲 操作系统概述', None, '第一讲 操作系统概述--练习']",2.2
C_697821,Ex_559246,"['第三讲 启动、中断、异常和系统调用', None, '第三讲 启动、中断、异常和系统调用--3.3 中断、异常和系统调用比较']",4.4
C_697821,Ex_559247,"['第三讲 启动、中断、异常和系统调用', None, '第三讲 启动、中断、异常和系统调用--3.4 系统调用']",4.6
C_697821,Ex_559262,"['第五讲 物理内存管理: 连续内存分配', None, '第五讲 物理内存管理: 连续内存分配--5.6 练习']",6.6
C_697821,Ex_559270,"['第六讲 物理内存管理: 非连续内存分配', None, '第六讲 物理内存管理: 非连续内存分配--6.8 练习']",7.8
C_697821,Ex_559276,"['第七讲 实验二 物理内存管理', None, '第七讲 实验二 物理内存管理--7.1 了解x86保护模式中的特权级']",8.2
C_697821,Ex_559277,"['第七讲 实验二 物理内存管理', None, '第七讲 实验二 物理内存管理--7.2 了解特权级切换过程']",8.4
C_697821,Ex_559278,"['第七讲 实验二 物理内存管理', None, '第七讲 实验二 物理内存管理--7.3 了解段/页表']",8.6
C_697821,Ex_559279,"['第七讲 实验二 物理内存管理', None, '第七讲 实验二 物理内存管理--7.4 了解UCORE建立段/页表']",8.8
C_697821,Ex_559293,"['第九讲 页面置换算法', None, '第九讲 页面置换算法--9.2 最优算法、先进先出算法和最近最久未使用算法']",10.3
C_697821,Ex_559294,"['第九讲 页面置换算法', None, '第九讲 页面置换算法--9.3 时钟置换算法和最不常用算法']",10.5
C_697821,Ex_559295,"['第九讲 页面置换算法', None, '第九讲 页面置换算法--9.4 Belady现象和局部置换算法比较']",10.7
C_697821,Ex_559296,"['第九讲 页面置换算法', None, '第九讲 页面置换算法--9.5 工作集置换算法']",10.9
C_697821,Ex_559297,"['第九讲 页面置换算法', None, '第九讲 页面置换算法--9.6 缺页率置换算法']",10.11
C_697821,Ex_559303,"['第十讲 实验三 虚拟内存管理', None, '第十讲 实验三 虚拟内存管理--10.1 实验目标：虚存管理']",11.2
C_697821,Ex_559304,"['第十讲 实验三 虚拟内存管理', None, '第十讲 实验三 虚拟内存管理--10.2 回顾历史和了解当下']",11.4
C_697821,Ex_559305,"['第十讲 实验三 虚拟内存管理', None, '第十讲 实验三 虚拟内存管理--10.3 处理流程、关键数据结构和功能']",11.6
C_697821,Ex_559306,"['第十讲 实验三 虚拟内存管理', None, '第十讲 实验三 虚拟内存管理--10.4 页访问异常']",11.8
C_697821,Ex_559307,"['第十讲 实验三 虚拟内存管理', None, '第十讲 实验三 虚拟内存管理--10.5 页换入换出机制']",11.10
C_697821,Ex_559316,"['第十一讲 进程和线程', None, '第十一讲 进程和线程--11.1 进程的概念']",12.2
C_697821,Ex_559317,"['第十一讲 进程和线程', None, '第十一讲 进程和线程--11.2 进程控制块']",12.4
C_697821,Ex_559318,"['第十一讲 进程和线程', None, '第十一讲 进程和线程--11.3 进程状态']",12.6
C_697821,Ex_559319,"['第十一讲 进程和线程', None, '第十一讲 进程和线程--11.5 挂起进程模型']",12.9
C_697821,Ex_559320,"['第十一讲 进程和线程', None, '第十一讲 进程和线程--11.6 线程的概念']",12.11
C_697821,Ex_559321,"['第十一讲 进程和线程', None, '第十一讲 进程和线程--11.7 用户线程']",12.13
C_697821,Ex_559322,"['第十一讲 进程和线程', None, '第十一讲 进程和线程--11.8 内核线程']",12.15
C_697821,Ex_559327,"['第十二讲 进程控制', None, '第十二讲 进程控制--12.1 进程切换']",13.2
C_697821,Ex_559328,"['第十二讲 进程控制', None, '第十二讲 进程控制--12.2 进程创建']",13.4
C_697821,Ex_559329,"['第十二讲 进程控制', None, '第十二讲 进程控制--12.3 进程加载']",13.6
C_697821,Ex_559330,"['第十二讲 进程控制', None, '第十二讲 进程控制--12.4 进程等待与退出']",13.8
C_697821,Ex_559347,"['第十五讲 处理机调度', None, '第十五讲 处理机调度--15.1 处理机调度概念']",16.2
C_697821,Ex_559348,"['第十五讲 处理机调度', None, '第十五讲 处理机调度--15.3 先来先服务、短进程优先和最高响应比优先调度算法']",16.5
C_697821,Ex_559349,"['第十五讲 处理机调度', None, '第十五讲 处理机调度--15.4 时间片轮转、多级反馈队列、公平共享调度算法和uc']",16.7
C_697821,Ex_559350,"['第十五讲 处理机调度', None, '第十五讲 处理机调度--15.5 实时调度和多处理器调度']",16.9
C_697821,Ex_559351,"['第十五讲 处理机调度', None, '第十五讲 处理机调度--15.6 优先级反置']",16.11
C_697821,Ex_559361,"['第十七讲 同步互斥', None, '第十七讲 同步互斥--17.2 现实生活中的同步问题']",18.3
C_697821,Ex_559362,"['第十七讲 同步互斥', None, '第十七讲 同步互斥--17.3 临界区和禁用硬件中断同步方法']",18.5
C_697821,Ex_559363,"['第十七讲 同步互斥', None, '第十七讲 同步互斥--17.4 基于软件的同步方法']",18.7
C_697821,Ex_559364,"['第十七讲 同步互斥', None, '第十七讲 同步互斥--17.5 高级抽象的同步方法']",18.9
C_697821,Ex_559370,"['第十八讲 信号量与管程', None, '第十八讲 信号量与管程--18.1 信号量']",19.2
C_697821,Ex_559371,"['第十八讲 信号量与管程', None, '第十八讲 信号量与管程--18.2 信号量使用']",19.4
C_697821,Ex_559372,"['第十八讲 信号量与管程', None, '第十八讲 信号量与管程--18.3 管程']",19.6
C_697821,Ex_559378,"['第十九讲 实验七 同步互斥', None, '第十九讲 实验七 同步互斥--19.2 底层支撑']",20.3
C_697821,Ex_559379,"['第十九讲 实验七 同步互斥', None, '第十九讲 实验七 同步互斥--19.3 信号量设计实现']",20.5
C_697821,Ex_559380,"['第十九讲 实验七 同步互斥', None, '第十九讲 实验七 同步互斥--19.4 管程和条件变量设计实现']",20.7
C_697821,Ex_559388,"['第二十讲 死锁和进程通信', None, '第二十讲 死锁和进程通信--20.1 死锁概念']",21.2
C_697821,Ex_559389,"['第二十讲 死锁和进程通信', None, '第二十讲 死锁和进程通信--20.2 死锁处理方法']",21.4
C_697821,Ex_559390,"['第二十讲 死锁和进程通信', None, '第二十讲 死锁和进程通信--20.3 银行家算法']",21.6
C_697821,Ex_559391,"['第二十讲 死锁和进程通信', None, '第二十讲 死锁和进程通信--20.4 死锁检测']",21.8
C_697821,Ex_559392,"['第二十讲 死锁和进程通信', None, '第二十讲 死锁和进程通信--20.5 进程通信概念']",21.10
C_697821,Ex_559393,"['第二十讲 死锁和进程通信', None, '第二十讲 死锁和进程通信--20.6 信号和管道']",21.12
C_697821,Ex_559394,"['第二十讲 死锁和进程通信', None, '第二十讲 死锁和进程通信--20.7 消息队列和共享内存']",21.14
C_697821,Ex_559402,"['第二十一讲 文件系统', None, '第二十一讲 文件系统--21.1 文件系统和文件']",22.2
C_697821,Ex_559403,"['第二十一讲 文件系统', None, '第二十一讲 文件系统--21.2 文件描述符']",22.4
C_697821,Ex_559404,"['第二十一讲 文件系统', None, '第二十一讲 文件系统--21.3 目录、文件别名和文件系统种类']",22.6
C_697821,Ex_559405,"['第二十一讲 文件系统', None, '第二十一讲 文件系统--21.4 虚拟文件系统']",22.8
C_697821,Ex_559406,"['第二十一讲 文件系统', None, '第二十一讲 文件系统--21.5 文件缓存和打开文件']",22.10
C_697821,Ex_559407,"['第二十一讲 文件系统', None, '第二十一讲 文件系统--21.6 文件分配']",22.12
C_697821,Ex_559408,"['第二十一讲 文件系统', None, '第二十一讲 文件系统--21.7 空闲空间管理和冗余磁盘阵列RAID']",22.14
C_697821,Ex_559415,"['第二十二讲 实验八 文件系统', None, '第二十二讲 实验八 文件系统--22.1 总体介绍']",23.2
C_697821,Ex_559416,"['第二十二讲 实验八 文件系统', None, '第二十二讲 实验八 文件系统--22.2 ucore 文件系统架构']",23.4
C_697821,Ex_559417,"['第二十二讲 实验八 文件系统', None, '第二十二讲 实验八 文件系统--22.3 Simple File System分析']",23.6
C_697821,Ex_559418,"['第二十二讲 实验八 文件系统', None, '第二十二讲 实验八 文件系统--22.4 Virtual File System分']",23.8
C_697821,Ex_559419,"['第二十二讲 实验八 文件系统', None, '第二十二讲 实验八 文件系统--22.5 I/O设备接口分析']",23.10
C_697821,Ex_559425,"['第二十三讲 I/O子系统', None, '第二十三讲 I/O子系统--23.1 I/O特点']",24.2
C_697821,Ex_559426,"['第二十三讲 I/O子系统', None, '第二十三讲 I/O子系统--23.2 I/O结构']",24.4
C_697821,Ex_559427,"['第二十三讲 I/O子系统', None, '第二十三讲 I/O子系统--23.3 I/O数据传输']",24.6
C_697821,Ex_559428,"['第二十三讲 I/O子系统', None, '第二十三讲 I/O子系统--23.4 磁盘调度']",24.8
C_697821,Ex_559429,"['第二十三讲 I/O子系统', None, '第二十三讲 I/O子系统--23.5 磁盘缓存']",24.10
