log_id,problem_id,user_id,is_correct,attempts,score_x,submit_time,concept_id,title,content,option,answer,score_y,type,typetext,location,context_id,exercise_id_x,language,course_id,exercise_id_y,course_name
29040364_146588,Pm_146588,U_29040364,1,1,1.0,2020-07-01 10:48:42,K_命令提示符_计算机科学与技术,初识Linux--初识Linux测试,当您在命令提示符的后面输入命令的一部分时，按（__）键，Linux会帮你打剩下的字符，补充成为完整命令，如果有多个相符的命令，连按两下（__）键，Linux会显示所有的相符的命令。,"{'A': 'TAB', 'B': 'CONTRL', 'C': 'SHIFT', 'D': 'SPACE'}","[""A""]",1.0,1.0,单选题,1.9,"[6197117, 6197118, 6197119, 6197120, 6197122]",Ex_116883,Chinese,C_680747,Ex_116883,Linux系统管理
29040364_146589,Pm_146589,U_29040364,1,1,2.0,2020-07-01 10:50:12,K_自由软件_计算机科学与技术,初识Linux--初识Linux测试,下面的选项哪些是正确的？,"{'A': 'Linux操作系统是由Linus Torvalds发明的', 'B': 'Linux操作系统是由Richard Stallman发明的', 'C': 'Linus Torvalds和Richard Stallman的工作共同造就了Linux', 'D': '自由软件运动和互联网的兴起造就了Linux操作系统'}","[""C"", ""D""]",2.0,2.0,多选题,1.9,"[6197117, 6197118, 6197119, 6197120, 6197122]",Ex_116883,Chinese,C_680747,Ex_116883,Linux系统管理
29040364_146591,Pm_146591,U_29040364,0,1,0.0,2020-07-01 10:51:22,K_闭源_计算机科学与技术,初识Linux--初识Linux测试,"关于CentOS,下面哪些说法是正确的？","{'A': 'CentOS100%兼容红帽企业版(RHEL)', 'B': 'CentOS不提供专门技术支持，不包含封闭源代码软件', 'C': 'CentOS 64位版本可以安装在32位架构的机器上', 'D': 'CentOS是利用用红帽企业版(RHEL)源代码重新编译而成的'}","[""A"", ""B"", ""D""]",2.0,2.0,多选题,1.9,"[6197117, 6197118, 6197119, 6197120, 6197122]",Ex_116883,Chinese,C_680747,Ex_116883,Linux系统管理
29040364_146592,Pm_146592,U_29040364,1,1,2.0,2020-07-01 10:51:49,K_Swap分区_计算机科学与技术,初识Linux--初识Linux测试,安装Linux所要的两个最基本的分区分别是以（ ）和（ ）。,"{'A': '/boot分区', 'B': '/home分区', 'C': '根分区', 'D': 'Swap分区'}","[""C"", ""D""]",2.0,2.0,多选题,1.9,"[6197117, 6197118, 6197119, 6197120, 6197122]",Ex_116883,Chinese,C_680747,Ex_116883,Linux系统管理
29040364_146593,Pm_146593,U_29040364,1,1,2.0,2020-07-01 10:52:09,K_主机名_计算机科学与技术,初识Linux--初识Linux测试,在Linux中，打开BASH后的命令提示符，能够告诉你有关主机的哪些信息？,"{'A': '登录的主机名', 'B': '登录的用户名', 'C': '用户当前所处的工作目录', 'D': '用户上次登录时间'}","[""A"", ""B"", ""C""]",2.0,2.0,多选题,1.9,"[6197117, 6197118, 6197119, 6197120, 6197122]",Ex_116883,Chinese,C_680747,Ex_116883,Linux系统管理
29040364_146593,Pm_146593,U_29040364,1,1,2.0,2020-07-01 10:52:09,K_命令提示符_计算机科学与技术,初识Linux--初识Linux测试,在Linux中，打开BASH后的命令提示符，能够告诉你有关主机的哪些信息？,"{'A': '登录的主机名', 'B': '登录的用户名', 'C': '用户当前所处的工作目录', 'D': '用户上次登录时间'}","[""A"", ""B"", ""C""]",2.0,2.0,多选题,1.9,"[6197117, 6197118, 6197119, 6197120, 6197122]",Ex_116883,Chinese,C_680747,Ex_116883,Linux系统管理
29040364_146597,Pm_146597,U_29040364,0,1,0.0,2020-07-01 10:54:27,K_系统管理员_计算机科学与技术,初识Linux--初识Linux测试,下面关于关机和重启的说法，哪些是正确的？,"{'A': '关机是系统管理员要给予充分重视的一件大事.', 'B': 'shutdown -k now 命令用于立即关机', 'C': '不恰当或者不正确的关机和重启，可能会导致数据丢失', 'D': '关机和重启命令默认情况下普通用户亦可执行'}","[""A"", ""C""]",2.0,2.0,多选题,1.9,"[6197117, 6197118, 6197119, 6197120, 6197122]",Ex_116883,Chinese,C_680747,Ex_116883,Linux系统管理
29040364_146598,Pm_146598,U_29040364,1,1,2.0,2020-07-01 10:54:47,K_Shell脚本_计算机科学与技术,初识Linux--初识Linux测试,Linux中所谓的命令(Command)，广义上包括：,"{'A': '可执行的二进制文件', 'B': '可执行的库文件', 'C': 'shell脚本文件', 'D': 'shell内建函数'}","[""A"", ""C"", ""D""]",2.0,2.0,多选题,1.9,"[6197117, 6197118, 6197119, 6197120, 6197122]",Ex_116883,Chinese,C_680747,Ex_116883,Linux系统管理
29040364_146604,Pm_146604,U_29040364,0,1,0.0,2020-07-05 11:24:50,K_键入_计算机科学与技术,管好文件--用好文件测试01,假设当前工作目录下有一个名为sampledir 的目录，该目录下有一个名为sampledir01的目录， 键入 “rmdir sampledir”，会发生什么？,"{'A': 'sampledir和sampledir01被删除', 'B': '出错', 'C': 'sampledir01被删除', 'D': 'sampledir被删除，但sampledir01未被删除'}","[""B""]",1.0,1.0,单选题,2.1,"[6197129, 6197130, 6197133, 6197135, 6197137, 6197138]",Ex_116892,Chinese,C_680747,Ex_116892,Linux系统管理
29040364_146607,Pm_146607,U_29040364,1,1,2.0,2020-07-05 11:26:17,K_登录_计算机科学与技术,管好文件--用好文件测试01,关于Linux中工作目录，下面哪些说法是错误的?,"{'A': '可以在命令提示符中观察到目前所处的工作目录', 'B': '用户登录后初始的默认工作目录总是登录用户的 “家目录”', 'C': '用户的工作目录是固定的', 'D': '可以用～字符代表当前工作目录'}","[""C"", ""D""]",2.0,2.0,多选题,2.1,"[6197129, 6197130, 6197133, 6197135, 6197137, 6197138]",Ex_116892,Chinese,C_680747,Ex_116892,Linux系统管理
29040364_146607,Pm_146607,U_29040364,1,1,2.0,2020-07-05 11:26:17,K_命令提示符_计算机科学与技术,管好文件--用好文件测试01,关于Linux中工作目录，下面哪些说法是错误的?,"{'A': '可以在命令提示符中观察到目前所处的工作目录', 'B': '用户登录后初始的默认工作目录总是登录用户的 “家目录”', 'C': '用户的工作目录是固定的', 'D': '可以用～字符代表当前工作目录'}","[""C"", ""D""]",2.0,2.0,多选题,2.1,"[6197129, 6197130, 6197133, 6197135, 6197137, 6197138]",Ex_116892,Chinese,C_680747,Ex_116892,Linux系统管理
29040364_146613,Pm_146613,U_29040364,0,1,0.0,2020-07-05 14:45:54,K_当前目录_计算机科学与技术,管好文件--用好文件测试01,要将当前目录下的文件samplefile的文件从属组改为stu用户组，应该使用哪个命令？,"{'A': 'chmod stu ./samplefile', 'B': 'chown stu ./samplefile', 'C': 'chown :stu ./samplefile', 'D': 'chmod :stu ./samplefile'}","[""C""]",1.0,1.0,单选题,2.1,"[6197129, 6197130, 6197133, 6197135, 6197137, 6197138]",Ex_116892,Chinese,C_680747,Ex_116892,Linux系统管理
29040364_146614,Pm_146614,U_29040364,1,1,1.0,2020-07-05 14:46:23,K_符号链接_计算机科学与技术,管好文件--用好文件测试01,如用ls -l 命令列出文件，文件的第一个字段是drwxr-x---，表示什么,"{'A': '这是一个符号链接文件，对于文件拥有者可读可写可执行，对于从属用户组里的用户可读不可写可执行，对于其他用户不可读不可写不可执行', 'B': '这是一个普通文件，对于文件拥有者可读可写可执行，对于其他用户可读不可写可执行，对于从属用户组里的用户不可读不可写不可执行。', 'C': '这是一个目录文件，对于文件拥有者可读可写可执行，对于从属用户组里的用户可读不可写可执行，对于其他用户不可读不可写不可执行', 'D': '这是一个目录文件，对于文件拥有者可读可写可执行，对于从属用户组里的用户可读可写可执行，对于其他用户不可读不可写不可执行'}","[""C""]",1.0,1.0,单选题,2.1,"[6197129, 6197130, 6197133, 6197135, 6197137, 6197138]",Ex_116892,Chinese,C_680747,Ex_116892,Linux系统管理
29040364_146617,Pm_146617,U_29040364,1,1,2.0,2020-07-06 15:05:38,K_登录_计算机科学与技术,管好文件--用好文件测试01,用root用户登录系统，使用rm命令删除文件时，以下哪些做法是对的？,"{'A': 'rm ./sampledir 可以删除当前目录下的sampledir目录', 'B': 'rm -f ./file01 可以删除当前目录下的file01文件，并在删除前会向用户进行确认。', 'C': 'rm -R ./sampledir 可以删除当前目录下的sampledir目录', 'D': 'rm file01 file02 可以删除当前工作目录下的file01 和file02文件，并在删除前会向用户进行确认。'}","[""C"", ""D""]",2.0,2.0,多选题,2.1,"[6197129, 6197130, 6197133, 6197135, 6197137, 6197138]",Ex_116892,Chinese,C_680747,Ex_116892,Linux系统管理
29040364_146617,Pm_146617,U_29040364,1,1,2.0,2020-07-06 15:05:38,K_删除文件_计算机科学与技术,管好文件--用好文件测试01,用root用户登录系统，使用rm命令删除文件时，以下哪些做法是对的？,"{'A': 'rm ./sampledir 可以删除当前目录下的sampledir目录', 'B': 'rm -f ./file01 可以删除当前目录下的file01文件，并在删除前会向用户进行确认。', 'C': 'rm -R ./sampledir 可以删除当前目录下的sampledir目录', 'D': 'rm file01 file02 可以删除当前工作目录下的file01 和file02文件，并在删除前会向用户进行确认。'}","[""C"", ""D""]",2.0,2.0,多选题,2.1,"[6197129, 6197130, 6197133, 6197135, 6197137, 6197138]",Ex_116892,Chinese,C_680747,Ex_116892,Linux系统管理
29040364_146618,Pm_146618,U_29040364,0,1,0.0,2020-07-06 15:06:12,K_文件属性_计算机科学与技术,管好文件--用好文件测试01,关于cp命令，哪些表述是正确的？,"{'A': 'cp命令可以同时拷贝多个文件', 'B': '默认情况下，cp命令拷贝时遇到同名文件会自动覆盖', 'C': '默认情况下，cp命令拷贝时会将文件属性一并进行拷贝', 'D': 'cp命令拷贝同时还可以重命名文件'}","[""A"", ""D""]",2.0,2.0,多选题,2.1,"[6197129, 6197130, 6197133, 6197135, 6197137, 6197138]",Ex_116892,Chinese,C_680747,Ex_116892,Linux系统管理
29040364_146619,Pm_146619,U_29040364,1,1,2.0,2020-07-06 15:07:11,K_当前目录_计算机科学与技术,管好文件--用好文件测试01,关于cp命令，哪些用法是可以达成目标？,"{'A': 'cp -R ~/sampledir . 可以将当前用户家目录下的sampledir目录拷贝到当前目录中。', 'B': 'cp ./file01 ./file02 .. 可以将当前目录下的file01文件拷贝到当前目录中并重命名为file02, 同时将file01文件拷贝到当前目录的上层目录中。', 'C': 'cp /home/stu/file01 ~/root 可以将file01目录拷贝到根用户家目录下', 'D': 'cp -R ../sampledir ~root 可以将上层目录中的sampledir目录拷贝到根用户家目录下'}","[""A"", ""D""]",2.0,2.0,多选题,2.1,"[6197129, 6197130, 6197133, 6197135, 6197137, 6197138]",Ex_116892,Chinese,C_680747,Ex_116892,Linux系统管理
29040364_146621,Pm_146621,U_29040364,0,1,0.0,2020-07-06 15:07:56,K_硬链接_计算机科学与技术,管好文件--用好文件测试01,在使用ln建立文件链接时，为了跨越不同的文件系统，我们需要使用,"{'A': '普通链接', 'B': '硬链接', 'C': '符号链接', 'D': '特殊链接'}","[""C""]",1.0,1.0,单选题,2.1,"[6197129, 6197130, 6197133, 6197135, 6197137, 6197138]",Ex_116892,Chinese,C_680747,Ex_116892,Linux系统管理
29040364_146621,Pm_146621,U_29040364,0,1,0.0,2020-07-06 15:07:56,K_符号链接_计算机科学与技术,管好文件--用好文件测试01,在使用ln建立文件链接时，为了跨越不同的文件系统，我们需要使用,"{'A': '普通链接', 'B': '硬链接', 'C': '符号链接', 'D': '特殊链接'}","[""C""]",1.0,1.0,单选题,2.1,"[6197129, 6197130, 6197133, 6197135, 6197137, 6197138]",Ex_116892,Chinese,C_680747,Ex_116892,Linux系统管理
29040364_146622,Pm_146622,U_29040364,1,1,2.0,2020-07-06 15:08:19,K_硬链接_计算机科学与技术,管好文件--用好文件测试01,关于硬链接，下面哪些描述是正确的？,"{'A': '不可以跨文件系统。', 'B': '可以做目录的连接', 'C': '硬链接文件的inode-number与被链接文件的inode-number相同', 'D': '硬链接和符号链接的原理事实上是一样的'}","[""A"", ""C""]",2.0,2.0,多选题,2.1,"[6197129, 6197130, 6197133, 6197135, 6197137, 6197138]",Ex_116892,Chinese,C_680747,Ex_116892,Linux系统管理
29040364_146622,Pm_146622,U_29040364,1,1,2.0,2020-07-06 15:08:19,K_硬链接_计算机科学与技术,管好文件--用好文件测试01,关于硬链接，下面哪些描述是正确的？,"{'A': '不可以跨文件系统。', 'B': '可以做目录的连接', 'C': '硬链接文件的inode-number与被链接文件的inode-number相同', 'D': '硬链接和符号链接的原理事实上是一样的'}","[""A"", ""C""]",2.0,2.0,多选题,2.1,"[6197129, 6197130, 6197133, 6197135, 6197137, 6197138]",Ex_116892,Chinese,C_680747,Ex_116892,Linux系统管理
29040364_146622,Pm_146622,U_29040364,1,1,2.0,2020-07-06 15:08:19,K_硬链接_计算机科学与技术,管好文件--用好文件测试01,关于硬链接，下面哪些描述是正确的？,"{'A': '不可以跨文件系统。', 'B': '可以做目录的连接', 'C': '硬链接文件的inode-number与被链接文件的inode-number相同', 'D': '硬链接和符号链接的原理事实上是一样的'}","[""A"", ""C""]",2.0,2.0,多选题,2.1,"[6197129, 6197130, 6197133, 6197135, 6197137, 6197138]",Ex_116892,Chinese,C_680747,Ex_116892,Linux系统管理
29040364_146622,Pm_146622,U_29040364,1,1,2.0,2020-07-06 15:08:19,K_符号链接_计算机科学与技术,管好文件--用好文件测试01,关于硬链接，下面哪些描述是正确的？,"{'A': '不可以跨文件系统。', 'B': '可以做目录的连接', 'C': '硬链接文件的inode-number与被链接文件的inode-number相同', 'D': '硬链接和符号链接的原理事实上是一样的'}","[""A"", ""C""]",2.0,2.0,多选题,2.1,"[6197129, 6197130, 6197133, 6197135, 6197137, 6197138]",Ex_116892,Chinese,C_680747,Ex_116892,Linux系统管理
29040364_146623,Pm_146623,U_29040364,0,1,0.0,2020-07-06 15:08:47,K_硬链接_计算机科学与技术,管好文件--用好文件测试01,关于文件硬链接和源文件的关系，下面哪些描述是正确的？,"{'A': '文件硬链接和源文件实际上共用一份文件内容数据', 'B': '源文件删除对文件硬链接没有影响', 'C': '一个硬盘分区上文件的硬链接可以位于另外一个分区上', 'D': '对于文件硬链接内容的改动不会影响到源文件'}","[""A"", ""B""]",2.0,2.0,多选题,2.1,"[6197129, 6197130, 6197133, 6197135, 6197137, 6197138]",Ex_116892,Chinese,C_680747,Ex_116892,Linux系统管理
29040364_146623,Pm_146623,U_29040364,0,1,0.0,2020-07-06 15:08:47,K_硬链接_计算机科学与技术,管好文件--用好文件测试01,关于文件硬链接和源文件的关系，下面哪些描述是正确的？,"{'A': '文件硬链接和源文件实际上共用一份文件内容数据', 'B': '源文件删除对文件硬链接没有影响', 'C': '一个硬盘分区上文件的硬链接可以位于另外一个分区上', 'D': '对于文件硬链接内容的改动不会影响到源文件'}","[""A"", ""B""]",2.0,2.0,多选题,2.1,"[6197129, 6197130, 6197133, 6197135, 6197137, 6197138]",Ex_116892,Chinese,C_680747,Ex_116892,Linux系统管理
29040364_146623,Pm_146623,U_29040364,0,1,0.0,2020-07-06 15:08:47,K_硬盘分区_计算机科学与技术,管好文件--用好文件测试01,关于文件硬链接和源文件的关系，下面哪些描述是正确的？,"{'A': '文件硬链接和源文件实际上共用一份文件内容数据', 'B': '源文件删除对文件硬链接没有影响', 'C': '一个硬盘分区上文件的硬链接可以位于另外一个分区上', 'D': '对于文件硬链接内容的改动不会影响到源文件'}","[""A"", ""B""]",2.0,2.0,多选题,2.1,"[6197129, 6197130, 6197133, 6197135, 6197137, 6197138]",Ex_116892,Chinese,C_680747,Ex_116892,Linux系统管理
29040364_146624,Pm_146624,U_29040364,0,1,0.0,2020-07-06 15:09:04,K_符号链接_计算机科学与技术,管好文件--用好文件测试01,关于符号链接，下面哪些描述是正确的？,"{'A': '可以通过符号链接文件来读、写和执行源文件。', 'B': '符号链接文件和源文件实际上是同一个文件。', 'C': '删除源文件，符号链接文件将变得不可用', 'D': '不能为符号链接文件再创建符号链接'}","[""A"", ""C""]",2.0,2.0,多选题,2.1,"[6197129, 6197130, 6197133, 6197135, 6197137, 6197138]",Ex_116892,Chinese,C_680747,Ex_116892,Linux系统管理
29040364_146624,Pm_146624,U_29040364,0,1,0.0,2020-07-06 15:09:04,K_符号链接_计算机科学与技术,管好文件--用好文件测试01,关于符号链接，下面哪些描述是正确的？,"{'A': '可以通过符号链接文件来读、写和执行源文件。', 'B': '符号链接文件和源文件实际上是同一个文件。', 'C': '删除源文件，符号链接文件将变得不可用', 'D': '不能为符号链接文件再创建符号链接'}","[""A"", ""C""]",2.0,2.0,多选题,2.1,"[6197129, 6197130, 6197133, 6197135, 6197137, 6197138]",Ex_116892,Chinese,C_680747,Ex_116892,Linux系统管理
29040364_146624,Pm_146624,U_29040364,0,1,0.0,2020-07-06 15:09:04,K_符号链接_计算机科学与技术,管好文件--用好文件测试01,关于符号链接，下面哪些描述是正确的？,"{'A': '可以通过符号链接文件来读、写和执行源文件。', 'B': '符号链接文件和源文件实际上是同一个文件。', 'C': '删除源文件，符号链接文件将变得不可用', 'D': '不能为符号链接文件再创建符号链接'}","[""A"", ""C""]",2.0,2.0,多选题,2.1,"[6197129, 6197130, 6197133, 6197135, 6197137, 6197138]",Ex_116892,Chinese,C_680747,Ex_116892,Linux系统管理
29040364_146627,Pm_146627,U_29040364,1,1,2.0,2020-07-07 08:42:29,K_文件压缩_计算机科学与技术,管好文件--用好文件测试02,关于文件压缩，下面哪些描述是正确的?,"{'A': 'Linux中压缩文件有很多工具可以利用。', 'B': '用gzip命令压缩文件后，默认会删除源文件', 'C': 'gzip命令可以调节文件压缩的比例。', 'D': 'gzip 压缩文件的默认后缀名是.gz', 'E': 'gzip解压文件时默认会删除压缩文件'}","[""A"", ""B"", ""C"", ""D"", ""E""]",2.0,2.0,多选题,2.12,"[6197129, 6197130, 6197133, 6197135, 6197137, 6197138]",Ex_116893,Chinese,C_680747,Ex_116893,Linux系统管理
29040364_146630,Pm_146630,U_29040364,1,1,2.0,2020-07-07 08:43:34,K_文件大小_计算机科学与技术,管好文件--用好文件测试02,关于文件打包（归档），下面哪些描述是正确的?,"{'A': 'tar可以打包整个目录', 'B': 'tar打包多个文件后的打包文件大小，比原文件大小之和要稍小', 'C': 'tar 打包文件必须要有一个.tar的后缀名', 'D': '可以用tar命令来合并两个打包文件', 'E': '可以用tar命令来查看打包文件中的文件'}","[""A"", ""D"", ""E""]",2.0,2.0,多选题,2.12,"[6197129, 6197130, 6197133, 6197135, 6197137, 6197138]",Ex_116893,Chinese,C_680747,Ex_116893,Linux系统管理
29040364_146630,Pm_146630,U_29040364,1,1,2.0,2020-07-07 08:43:34,K_文件打包_计算机科学与技术,管好文件--用好文件测试02,关于文件打包（归档），下面哪些描述是正确的?,"{'A': 'tar可以打包整个目录', 'B': 'tar打包多个文件后的打包文件大小，比原文件大小之和要稍小', 'C': 'tar 打包文件必须要有一个.tar的后缀名', 'D': '可以用tar命令来合并两个打包文件', 'E': '可以用tar命令来查看打包文件中的文件'}","[""A"", ""D"", ""E""]",2.0,2.0,多选题,2.12,"[6197129, 6197130, 6197133, 6197135, 6197137, 6197138]",Ex_116893,Chinese,C_680747,Ex_116893,Linux系统管理
29040364_146632,Pm_146632,U_29040364,0,1,0.0,2020-07-07 08:46:00,K_Shell脚本_计算机科学与技术,管好文件--用好文件测试02,现在需要在根目录下找所有的名字为temp的文件，然后删除，删除时不需要提示，请问可如何实现。,"{'A': 'find / -name temp rm *', 'B': '编一个SHELL脚本实现', 'C': 'find / -name temp –exec rm {}  ;', 'D': 'find / -name temp –exec rm'}","[""C""]",1.0,1.0,单选题,2.12,"[6197129, 6197130, 6197133, 6197135, 6197137, 6197138]",Ex_116893,Chinese,C_680747,Ex_116893,Linux系统管理
29040364_146633,Pm_146633,U_29040364,1,1,2.0,2020-07-07 08:46:22,K_删除文件_计算机科学与技术,管好文件--用好文件测试02,关locate命令，下面哪些描述是正确的？,"{'A': 'locate命令能够快速查找文件', 'B': '如不指定查找的目录范围，locate将以当前工作目录作为查找范围', 'C': 'locate查找速度更快是因为它采用了更加有效率的查找算法', 'D': 'locate有时会发生新建文件无法查找到的问题', 'E': 'locate有时会发生查找到已删除文件的问题'}","[""A"", ""D"", ""E""]",2.0,2.0,多选题,2.12,"[6197129, 6197130, 6197133, 6197135, 6197137, 6197138]",Ex_116893,Chinese,C_680747,Ex_116893,Linux系统管理
29040364_146635,Pm_146635,U_29040364,1,1,2.0,2020-07-07 08:48:28,K_通配符_计算机科学与技术,管好文件--用好文件测试02,关Linux中的通配符，下面哪些描述是正确的？,"{'A': '通配符可以用于对批量文件进行操作', 'B': '* 可以匹配任意单个字符', 'C': '[0-9] 可以匹配0到9之间的任意单个字符', 'D': '[!A-Z] 可以匹配除了大写A到Z之间的任意单个字符'}","[""A"", ""C"", ""D""]",2.0,2.0,多选题,2.12,"[6197129, 6197130, 6197133, 6197135, 6197137, 6197138]",Ex_116893,Chinese,C_680747,Ex_116893,Linux系统管理
29040364_146635,Pm_146635,U_29040364,1,1,2.0,2020-07-07 08:48:28,K_通配符_计算机科学与技术,管好文件--用好文件测试02,关Linux中的通配符，下面哪些描述是正确的？,"{'A': '通配符可以用于对批量文件进行操作', 'B': '* 可以匹配任意单个字符', 'C': '[0-9] 可以匹配0到9之间的任意单个字符', 'D': '[!A-Z] 可以匹配除了大写A到Z之间的任意单个字符'}","[""A"", ""C"", ""D""]",2.0,2.0,多选题,2.12,"[6197129, 6197130, 6197133, 6197135, 6197137, 6197138]",Ex_116893,Chinese,C_680747,Ex_116893,Linux系统管理
29040364_146637,Pm_146637,U_29040364,1,1,2.0,2020-07-07 08:51:18,K_显示文件_计算机科学与技术,管好文件--用好文件测试02,关于tail和head命令，下面哪些描述是正确的。,"{'A': 'head默认情况下显示文件的头5行', 'B': 'tail只能同时查看一个文本文件', 'C': '这一对命令经常被用来查看日志文件', 'D': '可以用 -n 选项（n为一个自然数）来指定tail和head要显示的行数'}","[""C"", ""D""]",2.0,2.0,多选题,2.12,"[6197129, 6197130, 6197133, 6197135, 6197137, 6197138]",Ex_116893,Chinese,C_680747,Ex_116893,Linux系统管理
29040364_146643,Pm_146643,U_29040364,1,1,2.0,2020-07-08 09:57:46,K_标准输入流_计算机科学与技术,用好重定向和管道--用好重定向和管道测试,关Linux中的输入输出重定向，下面哪些描述是正确的?,"{'A': '标准输出流（stdout），显示来自命令的输出，文件描述符是 0', 'B': '标准输入流（stdin），向命令提供输入，文件描述符是 1', 'C': '对于任何一条linux 命令,其结果都是通过stdout输出到输出设备上；', 'D': 'Linux中使用> 和>> 操作符来重定向标准输出', 'E': '标准输入重定向是让命令从指定文件中获取输入而非从stdin中获取输入。'}","[""D"", ""E""]",2.0,2.0,多选题,3.4,"[6197148, 6197150]",Ex_116896,Chinese,C_680747,Ex_116896,Linux系统管理
29040364_146644,Pm_146644,U_29040364,1,1,2.0,2020-07-08 09:58:22,K_追加_计算机科学与技术,用好重定向和管道--用好重定向和管道测试,"关于命令echo -e ""1 applen2 pearn3 banana""&gt;&gt;fruit.txt，下面哪些描述是错误的。","{'A': '这个命令将echo的输出重定向到了fruit.txt文件中。', 'B': 'fruit.txt文件中如果原有内容将被覆盖', 'C': 'echo的输出重定向将追加到fruit.txt文件最后', 'D': '如果fruit文件不存在，命令将出错'}","[""B"", ""D""]",2.0,2.0,多选题,3.4,"[6197148, 6197150]",Ex_116896,Chinese,C_680747,Ex_116896,Linux系统管理
29040364_146660,Pm_146660,U_29040364,1,1,1.0,2020-07-13 10:14:17,K_虚拟用户_计算机科学与技术,管好用户--管好用户测试,在CentOS中，默认情况下，虚拟用户的UID范围是:,"{'A': '1-499', 'B': '0-499', 'C': '0-500', 'D': '500以后'}","[""A""]",1.0,1.0,单选题,5.9,"[6197161, 6197163, 6197165, 6197167, 6197168]",Ex_116907,Chinese,C_680747,Ex_116907,Linux系统管理
29040364_146661,Pm_146661,U_29040364,0,1,0.0,2020-07-13 10:14:46,K_虚拟用户_计算机科学与技术,管好用户--管好用户测试,关于CentOS中的用户，描述错误的是：,"{'A': '虚拟用户是给系统的访客使用的', 'B': '根用户的UID是固定的', 'C': '虚拟用户使用的默认Shell是BASH', 'D': 'Linux是通过用户名来识别用户的身份的', 'E': '普通用户对系统有只有有限的权限'}","[""A"", ""C""]",2.0,2.0,多选题,5.9,"[6197161, 6197163, 6197165, 6197167, 6197168]",Ex_116907,Chinese,C_680747,Ex_116907,Linux系统管理
29040364_146661,Pm_146661,U_29040364,0,1,0.0,2020-07-13 10:14:46,K_虚拟用户_计算机科学与技术,管好用户--管好用户测试,关于CentOS中的用户，描述错误的是：,"{'A': '虚拟用户是给系统的访客使用的', 'B': '根用户的UID是固定的', 'C': '虚拟用户使用的默认Shell是BASH', 'D': 'Linux是通过用户名来识别用户的身份的', 'E': '普通用户对系统有只有有限的权限'}","[""A"", ""C""]",2.0,2.0,多选题,5.9,"[6197161, 6197163, 6197165, 6197167, 6197168]",Ex_116907,Chinese,C_680747,Ex_116907,Linux系统管理
29040364_146662,Pm_146662,U_29040364,0,1,0.0,2020-07-13 10:31:07,K_用户组_计算机科学与技术,管好用户--管好用户测试,关于Linux中的用户组，描述错误的是：,"{'A': '用户组的身份标识叫做GID', 'B': '一个用户只能从属于一个用户组', 'C': '一个用户组能够包含多个用户', 'D': '在同一时刻，一个用户的主用户组只能有一个', 'E': '每个用户都必定从属于一个与用户同名的独立的私有用户组'}","[""B"", ""E""]",2.0,2.0,多选题,5.9,"[6197161, 6197163, 6197165, 6197167, 6197168]",Ex_116907,Chinese,C_680747,Ex_116907,Linux系统管理
29040364_146662,Pm_146662,U_29040364,0,1,0.0,2020-07-13 10:31:07,K_用户组_计算机科学与技术,管好用户--管好用户测试,关于Linux中的用户组，描述错误的是：,"{'A': '用户组的身份标识叫做GID', 'B': '一个用户只能从属于一个用户组', 'C': '一个用户组能够包含多个用户', 'D': '在同一时刻，一个用户的主用户组只能有一个', 'E': '每个用户都必定从属于一个与用户同名的独立的私有用户组'}","[""B"", ""E""]",2.0,2.0,多选题,5.9,"[6197161, 6197163, 6197165, 6197167, 6197168]",Ex_116907,Chinese,C_680747,Ex_116907,Linux系统管理
29040364_146662,Pm_146662,U_29040364,0,1,0.0,2020-07-13 10:31:07,K_用户组_计算机科学与技术,管好用户--管好用户测试,关于Linux中的用户组，描述错误的是：,"{'A': '用户组的身份标识叫做GID', 'B': '一个用户只能从属于一个用户组', 'C': '一个用户组能够包含多个用户', 'D': '在同一时刻，一个用户的主用户组只能有一个', 'E': '每个用户都必定从属于一个与用户同名的独立的私有用户组'}","[""B"", ""E""]",2.0,2.0,多选题,5.9,"[6197161, 6197163, 6197165, 6197167, 6197168]",Ex_116907,Chinese,C_680747,Ex_116907,Linux系统管理
29040364_146662,Pm_146662,U_29040364,0,1,0.0,2020-07-13 10:31:07,K_用户组_计算机科学与技术,管好用户--管好用户测试,关于Linux中的用户组，描述错误的是：,"{'A': '用户组的身份标识叫做GID', 'B': '一个用户只能从属于一个用户组', 'C': '一个用户组能够包含多个用户', 'D': '在同一时刻，一个用户的主用户组只能有一个', 'E': '每个用户都必定从属于一个与用户同名的独立的私有用户组'}","[""B"", ""E""]",2.0,2.0,多选题,5.9,"[6197161, 6197163, 6197165, 6197167, 6197168]",Ex_116907,Chinese,C_680747,Ex_116907,Linux系统管理
29040364_146663,Pm_146663,U_29040364,1,1,2.0,2020-07-13 10:32:01,K_文件属性_计算机科学与技术,管好用户--管好用户测试,用户的主用户组属性将影响到：,"{'A': '用户创建的文件属性', 'B': '用户对于文件的访问权限', 'C': '用户是否为虚拟用户', 'D': '用户能否被删除'}","[""A"", ""B""]",2.0,2.0,多选题,5.9,"[6197161, 6197163, 6197165, 6197167, 6197168]",Ex_116907,Chinese,C_680747,Ex_116907,Linux系统管理
29040364_146663,Pm_146663,U_29040364,1,1,2.0,2020-07-13 10:32:01,K_虚拟用户_计算机科学与技术,管好用户--管好用户测试,用户的主用户组属性将影响到：,"{'A': '用户创建的文件属性', 'B': '用户对于文件的访问权限', 'C': '用户是否为虚拟用户', 'D': '用户能否被删除'}","[""A"", ""B""]",2.0,2.0,多选题,5.9,"[6197161, 6197163, 6197165, 6197167, 6197168]",Ex_116907,Chinese,C_680747,Ex_116907,Linux系统管理
29040364_146664,Pm_146664,U_29040364,0,1,0.0,2020-07-13 10:32:10,K_用户组_计算机科学与技术,管好用户--管好用户测试,id命令能够查看的用户信息有：,"{'A': '用户的创建时间', 'B': '用户的主用户组', 'C': '用户从属的用户组名', 'D': '用户家目录'}","[""B"", ""C""]",2.0,2.0,多选题,5.9,"[6197161, 6197163, 6197165, 6197167, 6197168]",Ex_116907,Chinese,C_680747,Ex_116907,Linux系统管理
29040364_146666,Pm_146666,U_29040364,0,1,0.0,2020-07-13 10:33:23,K_登录_计算机科学与技术,管好用户--管好用户测试,假设目前我们以nboocer用户登录系统，处在nboocer用户的家目录下，现在要切换到root用户，下面描述正确的是：,"{'A': '使用 su root 切换，需要输入root用户密码，切换后处在root用户家目录中。', 'B': '使用 su - root 切换，需要输入root用户密码，切换后处在root用户家目录中', 'C': '使用 su -l root 切换，需要输入root用户密码，切换后处在root用户家目录中', 'D': '使用 su root 切换，需要输入nboocer用户密码，切换后处在nboocer家目录中', 'E': '使用 su - root 切换，需要输入nboocer用户密码，切换后处在root用户家目录中'}","[""B"", ""C""]",2.0,2.0,多选题,5.9,"[6197161, 6197163, 6197165, 6197167, 6197168]",Ex_116907,Chinese,C_680747,Ex_116907,Linux系统管理
29040364_146667,Pm_146667,U_29040364,1,1,2.0,2020-07-13 10:34:03,K_虚拟用户_计算机科学与技术,管好用户--管好用户测试,关于切换用户命令su，下面描述正确的是：,"{'A': '由根用户切换普通用户时需要输入用户密码', 'B': '由普通用户切换根用户时需要输入用户密码', 'C': '由普通用户之间相互切换时需要输入用户密码', 'D': '由根用户切换为虚拟用户时需要输入用户密码', 'E': '切换用户身份后，对系统的访问权限也随之改变'}","[""B"", ""C"", ""E""]",2.0,2.0,多选题,5.9,"[6197161, 6197163, 6197165, 6197167, 6197168]",Ex_116907,Chinese,C_680747,Ex_116907,Linux系统管理
29040364_146667,Pm_146667,U_29040364,1,1,2.0,2020-07-13 10:34:03,K_切换用户_计算机科学与技术,管好用户--管好用户测试,关于切换用户命令su，下面描述正确的是：,"{'A': '由根用户切换普通用户时需要输入用户密码', 'B': '由普通用户切换根用户时需要输入用户密码', 'C': '由普通用户之间相互切换时需要输入用户密码', 'D': '由根用户切换为虚拟用户时需要输入用户密码', 'E': '切换用户身份后，对系统的访问权限也随之改变'}","[""B"", ""C"", ""E""]",2.0,2.0,多选题,5.9,"[6197161, 6197163, 6197165, 6197167, 6197168]",Ex_116907,Chinese,C_680747,Ex_116907,Linux系统管理
29040364_146667,Pm_146667,U_29040364,1,1,2.0,2020-07-13 10:34:03,K_切换用户_计算机科学与技术,管好用户--管好用户测试,关于切换用户命令su，下面描述正确的是：,"{'A': '由根用户切换普通用户时需要输入用户密码', 'B': '由普通用户切换根用户时需要输入用户密码', 'C': '由普通用户之间相互切换时需要输入用户密码', 'D': '由根用户切换为虚拟用户时需要输入用户密码', 'E': '切换用户身份后，对系统的访问权限也随之改变'}","[""B"", ""C"", ""E""]",2.0,2.0,多选题,5.9,"[6197161, 6197163, 6197165, 6197167, 6197168]",Ex_116907,Chinese,C_680747,Ex_116907,Linux系统管理
29040364_146668,Pm_146668,U_29040364,1,1,2.0,2020-07-13 10:34:30,K_登录_计算机科学与技术,管好用户--管好用户测试,关于CentOS中的usermod命令，下面描述正确的是：,"{'A': '用-u选项修改用户的UID时，必须确保这个UID未曾被别人使用', 'B': '用–G来修改用户的从属用户组的时候，如果用户组不存在，Linux会自动创建这个用户组', 'C': '在用户已经登录系统的情况下，无法修改用户的UID', 'D': '在用户已经登录系统的情况下，可以用-l选项修改用户的用户名', 'E': '用-d选项修改用户的家目录时，必须确保要指定的目录已经存在'}","[""A"", ""C"", ""E""]",2.0,2.0,多选题,5.9,"[6197161, 6197163, 6197165, 6197167, 6197168]",Ex_116907,Chinese,C_680747,Ex_116907,Linux系统管理
29040364_146668,Pm_146668,U_29040364,1,1,2.0,2020-07-13 10:34:30,K_登录_计算机科学与技术,管好用户--管好用户测试,关于CentOS中的usermod命令，下面描述正确的是：,"{'A': '用-u选项修改用户的UID时，必须确保这个UID未曾被别人使用', 'B': '用–G来修改用户的从属用户组的时候，如果用户组不存在，Linux会自动创建这个用户组', 'C': '在用户已经登录系统的情况下，无法修改用户的UID', 'D': '在用户已经登录系统的情况下，可以用-l选项修改用户的用户名', 'E': '用-d选项修改用户的家目录时，必须确保要指定的目录已经存在'}","[""A"", ""C"", ""E""]",2.0,2.0,多选题,5.9,"[6197161, 6197163, 6197165, 6197167, 6197168]",Ex_116907,Chinese,C_680747,Ex_116907,Linux系统管理
29040364_146668,Pm_146668,U_29040364,1,1,2.0,2020-07-13 10:34:30,K_用户组_计算机科学与技术,管好用户--管好用户测试,关于CentOS中的usermod命令，下面描述正确的是：,"{'A': '用-u选项修改用户的UID时，必须确保这个UID未曾被别人使用', 'B': '用–G来修改用户的从属用户组的时候，如果用户组不存在，Linux会自动创建这个用户组', 'C': '在用户已经登录系统的情况下，无法修改用户的UID', 'D': '在用户已经登录系统的情况下，可以用-l选项修改用户的用户名', 'E': '用-d选项修改用户的家目录时，必须确保要指定的目录已经存在'}","[""A"", ""C"", ""E""]",2.0,2.0,多选题,5.9,"[6197161, 6197163, 6197165, 6197167, 6197168]",Ex_116907,Chinese,C_680747,Ex_116907,Linux系统管理
29040364_146670,Pm_146670,U_29040364,0,1,0.0,2020-07-13 10:36:13,K_登录_计算机科学与技术,管好用户--管好用户测试,关于CentOS中的修改用户组命令groupmod，下面描述正确的是：,"{'A': '随意更改用户组的 GID可能会造成系统混乱', 'B': '带选项–n可以修改用户组名', 'C': '更改用户组名可能会造成系统混乱', 'D': '如果有用户将某用户组作为其主用户组，那么在用户已经登录系统的情况下，无法修改这个用户组名'}","[""A"", ""B""]",2.0,2.0,多选题,5.9,"[6197161, 6197163, 6197165, 6197167, 6197168]",Ex_116907,Chinese,C_680747,Ex_116907,Linux系统管理
29040364_146671,Pm_146671,U_29040364,1,1,2.0,2020-07-13 10:37:05,K_系统管理员_计算机科学与技术,管好用户--管好用户测试,下面关于Linux系统用户管理的说法，哪些是错误的？,"{'A': '作为掌握根用户口令系统管理员，理论上最好只有一个', 'B': '要执行一个根用户才有权限执行的命令，必须先切换为根用户身份', 'C': '可以通过某种方法分配给普通用户一些合理的根用户“权力”', 'D': '系统中的根用户只能有一个', 'E': '要与其他人共享根用户权限，就需要告诉他根用户密码'}","[""B"", ""E""]",2.0,2.0,多选题,5.9,"[6197161, 6197163, 6197165, 6197167, 6197168]",Ex_116907,Chinese,C_680747,Ex_116907,Linux系统管理
29040364_146671,Pm_146671,U_29040364,1,1,2.0,2020-07-13 10:37:05,K_用户权限_计算机科学与技术,管好用户--管好用户测试,下面关于Linux系统用户管理的说法，哪些是错误的？,"{'A': '作为掌握根用户口令系统管理员，理论上最好只有一个', 'B': '要执行一个根用户才有权限执行的命令，必须先切换为根用户身份', 'C': '可以通过某种方法分配给普通用户一些合理的根用户“权力”', 'D': '系统中的根用户只能有一个', 'E': '要与其他人共享根用户权限，就需要告诉他根用户密码'}","[""B"", ""E""]",2.0,2.0,多选题,5.9,"[6197161, 6197163, 6197165, 6197167, 6197168]",Ex_116907,Chinese,C_680747,Ex_116907,Linux系统管理
29040364_146671,Pm_146671,U_29040364,1,1,2.0,2020-07-13 10:37:05,K_权力_计算机科学与技术,管好用户--管好用户测试,下面关于Linux系统用户管理的说法，哪些是错误的？,"{'A': '作为掌握根用户口令系统管理员，理论上最好只有一个', 'B': '要执行一个根用户才有权限执行的命令，必须先切换为根用户身份', 'C': '可以通过某种方法分配给普通用户一些合理的根用户“权力”', 'D': '系统中的根用户只能有一个', 'E': '要与其他人共享根用户权限，就需要告诉他根用户密码'}","[""B"", ""E""]",2.0,2.0,多选题,5.9,"[6197161, 6197163, 6197165, 6197167, 6197168]",Ex_116907,Chinese,C_680747,Ex_116907,Linux系统管理
29040364_146674,Pm_146674,U_29040364,0,1,0.0,2020-07-13 10:38:55,K_用户配置文件_计算机科学与技术,管好用户--管好用户测试,关于Linux中用的用户配置文件，下面描述正确的是：,"{'A': '/etc/passwd中存放着用户加密后的密码', 'B': '/etc/passwd中存放着用户的主用户组信息', 'C': '如果用户密码为空，/etc/passwd的第二个字段将出现叹号！或者星号 *', 'D': '/etc/shadow 中第三个字段表示的密码最后一次修改时间', 'E': '可以通过修改passwd 和 shadow文件的内容来修改用户属性'}","[""B"", ""D"", ""E""]",2.0,2.0,多选题,5.9,"[6197161, 6197163, 6197165, 6197167, 6197168]",Ex_116907,Chinese,C_680747,Ex_116907,Linux系统管理
29040364_146677,Pm_146677,U_29040364,1,1,1.0,2020-07-19 11:35:33,K_分区表_计算机科学与技术,管好硬盘--管好硬盘测试,fdisk命令中将分区写入分区表的指令是：,"{'A': 'w', 'B': 's', 'C': 'r', 'D': 'ctrl+s'}","[""A""]",1.0,1.0,单选题,6.6,"[6197171, 6197172, 6197173]",Ex_116912,Chinese,C_680747,Ex_116912,Linux系统管理
29040364_146680,Pm_146680,U_29040364,0,1,0.0,2020-07-19 11:38:18,K_逻辑分区_计算机科学与技术,管好硬盘--管好硬盘测试,将主机的第二块SCSI接口硬盘上的第2个格式化为ext4文件系统的逻辑分区以只读方式挂载到/tmp_disk目录上的命令是:,"{'A': 'mount -t ext4 -o rw /dev/sdb6 /tmp_disk', 'B': 'mount -t ext4 -o ro /dev/sdb2 /tmp_disk', 'C': 'mount -t ext4 -o ro /dev/sdb6 /tmp_disk', 'D': 'mount -t ext4 -o rw /dev/sdb6 /tmp_disk'}","[""C""]",1.0,1.0,单选题,6.6,"[6197171, 6197172, 6197173]",Ex_116912,Chinese,C_680747,Ex_116912,Linux系统管理
29040364_146681,Pm_146681,U_29040364,1,1,2.0,2020-07-19 11:39:23,K_设备名_计算机科学与技术,管好硬盘--管好硬盘测试,关于Linux中开机自动挂载分区配置文件/etc/fstab，下面描述正确的是:,"{'A': '第一个字段可以填入要开机挂载的设备名', 'B': '第一个字段可以填入要开机挂载的设备标签', 'C': '第一个字段可以填入要开机挂载的设备UUID', 'D': '第一个字段可以填入要开机挂载的设备别名'}","[""A"", ""B"", ""C""]",2.0,2.0,多选题,6.6,"[6197171, 6197172, 6197173]",Ex_116912,Chinese,C_680747,Ex_116912,Linux系统管理
29040364_146685,Pm_146685,U_29040364,0,1,0.0,2020-07-19 11:42:43,K_系统目录_计算机科学与技术,管好硬盘--管好硬盘测试,关于Linux中挂载分区，下面描述正确的是：,"{'A': '划分并格式化好的分区要挂载到系统目录树中的某个目录上才能被访问', 'B': '分区只能够挂载在空目录上', 'C': '分区的挂载目录被称为挂载点', 'D': '所有类型的分区都能被挂载', 'E': '分区可以被同时挂载在不同的目录上'}","[""A"", ""C"", ""E""]",2.0,2.0,多选题,6.6,"[6197171, 6197172, 6197173]",Ex_116912,Chinese,C_680747,Ex_116912,Linux系统管理
29040364_146685,Pm_146685,U_29040364,0,1,0.0,2020-07-19 11:42:43,K_挂载点_计算机科学与技术,管好硬盘--管好硬盘测试,关于Linux中挂载分区，下面描述正确的是：,"{'A': '划分并格式化好的分区要挂载到系统目录树中的某个目录上才能被访问', 'B': '分区只能够挂载在空目录上', 'C': '分区的挂载目录被称为挂载点', 'D': '所有类型的分区都能被挂载', 'E': '分区可以被同时挂载在不同的目录上'}","[""A"", ""C"", ""E""]",2.0,2.0,多选题,6.6,"[6197171, 6197172, 6197173]",Ex_116912,Chinese,C_680747,Ex_116912,Linux系统管理
29040364_146686,Pm_146686,U_29040364,1,1,2.0,2020-07-19 11:43:07,K_设备名_计算机科学与技术,管好硬盘--管好硬盘测试,关于Linux中卸载分区，下面描述正确的是：,"{'A': '可以用设备名来卸载分区', 'B': '如果分区中文件正在被访问，分区不可卸载', 'C': '可以用挂载点来卸载分区', 'D': '如果分区挂载在一个原本有文件存放着的目录上，分区卸载后，这些文件仍旧可访问'}","[""A"", ""B"", ""C"", ""D""]",2.0,2.0,多选题,6.6,"[6197171, 6197172, 6197173]",Ex_116912,Chinese,C_680747,Ex_116912,Linux系统管理
29040364_146686,Pm_146686,U_29040364,1,1,2.0,2020-07-19 11:43:07,K_挂载点_计算机科学与技术,管好硬盘--管好硬盘测试,关于Linux中卸载分区，下面描述正确的是：,"{'A': '可以用设备名来卸载分区', 'B': '如果分区中文件正在被访问，分区不可卸载', 'C': '可以用挂载点来卸载分区', 'D': '如果分区挂载在一个原本有文件存放着的目录上，分区卸载后，这些文件仍旧可访问'}","[""A"", ""B"", ""C"", ""D""]",2.0,2.0,多选题,6.6,"[6197171, 6197172, 6197173]",Ex_116912,Chinese,C_680747,Ex_116912,Linux系统管理
29040364_146687,Pm_146687,U_29040364,1,1,1.0,2020-07-19 11:43:19,K_逻辑分区_计算机科学与技术,管好硬盘--管好硬盘测试,主机上第三块SCSI接口的硬盘中第一个逻辑分区的设备文件名字是,"{'A': 'sdc1', 'B': 'sda1', 'C': 'sdc4', 'D': 'sda4', 'E': 'sdc5'}","[""E""]",1.0,1.0,单选题,6.6,"[6197171, 6197172, 6197173]",Ex_116912,Chinese,C_680747,Ex_116912,Linux系统管理
29040364_146689,Pm_146689,U_29040364,1,1,1.0,2020-07-21 12:58:28,K_ipconfig_计算机科学与技术,管好网络--管好网络测试,可以用哪个命令测试两台主机之间网络的连通性。,"{'A': 'ping', 'B': 'ifconfig', 'C': 'ipconfig', 'D': 'route'}","[""A""]",1.0,1.0,单选题,7.4,"[6197175, 6197176]",Ex_116915,Chinese,C_680747,Ex_116915,Linux系统管理
29040364_146694,Pm_146694,U_29040364,1,1,1.0,2020-07-21 13:00:19,K_调试_计算机科学与技术,管好网络--管好网络测试,回环接口为系统提供一个单机网络环境，一般用于网络程序的调试。,"{'true': '正确', 'false': '错误'}","[""true""]",1.0,6.0,判断题,7.4,"[6197175, 6197176]",Ex_116915,Chinese,C_680747,Ex_116915,Linux系统管理
29040364_146697,Pm_146697,U_29040364,0,1,0.0,2020-07-21 13:02:32,K_主机名_计算机科学与技术,管好网络--管好网络测试,关于修改主机名，下面那些说法是正确的：,"{'A': '需要修改/etc/sysconfig/network文件', 'B': '需要修改/etc/hosts文件', 'C': '需要修改/etc/sysconfig/network-scripts/ifcfg-eth0文件', 'D': '一般需要重启系统，让修改生效'}","[""A"", ""B"", ""D""]",2.0,2.0,多选题,7.4,"[6197175, 6197176]",Ex_116915,Chinese,C_680747,Ex_116915,Linux系统管理
29040364_146699,Pm_146699,U_29040364,1,1,2.0,2020-07-21 13:03:52,K_主机名_计算机科学与技术,管好网络--管好网络测试,关于为网络接口配置DHCP，下面那些说法是正确的：,"{'A': 'DHCP很方便，但是更容易发生配置错误', 'B': 'DHCP服务器可以指定接口的IP地址、子网掩码和网关', 'C': '默认情况下，CentOS使用DHCP协议配置接口网络参数', 'D': 'DHCP服务器还可以指定主机名'}","[""B"", ""C"", ""D""]",2.0,2.0,多选题,7.4,"[6197175, 6197176]",Ex_116915,Chinese,C_680747,Ex_116915,Linux系统管理
29040364_146703,Pm_146703,U_29040364,0,1,0.0,2020-07-27 10:35:23,K_软件资源_计算机科学与技术,管好软件包--管好软件包测试,关于Linux中的软件管理，下面那些选项是正确的？,"{'A': '在某个Linux发行版下开发和编译的程序，直接放到另外一个Linux发行版下有可能性无法运行', 'B': '早期的Linux的软件都是通过源码来分发', 'C': 'RPM是所有Linux发现版本上的通用的软件包管理器', 'D': 'RPM是Linux下软件资源最丰富的软件包类型'}","[""A"", ""B"", ""D""]",2.0,2.0,多选题,8.5,"[6197179, 6197180, 6197181]",Ex_116919,Chinese,C_680747,Ex_116919,Linux系统管理
29040364_146703,Pm_146703,U_29040364,0,1,0.0,2020-07-27 10:35:23,K_软件管理_计算机科学与技术,管好软件包--管好软件包测试,关于Linux中的软件管理，下面那些选项是正确的？,"{'A': '在某个Linux发行版下开发和编译的程序，直接放到另外一个Linux发行版下有可能性无法运行', 'B': '早期的Linux的软件都是通过源码来分发', 'C': 'RPM是所有Linux发现版本上的通用的软件包管理器', 'D': 'RPM是Linux下软件资源最丰富的软件包类型'}","[""A"", ""B"", ""D""]",2.0,2.0,多选题,8.5,"[6197179, 6197180, 6197181]",Ex_116919,Chinese,C_680747,Ex_116919,Linux系统管理
29040364_146704,Pm_146704,U_29040364,1,1,2.0,2020-07-27 10:35:34,K_全名_计算机科学与技术,管好软件包--管好软件包测试,关于用rpm卸载软件，下面哪些说法是正确的：,"{'A': '使用-r选项', 'B': '使用-e选项', 'C': '卸载软件需要知道软件安装后包括版本号在内的全名', 'D': '卸载软件只需要知道软件名即可', 'E': '卸载一个软件可能会导致系统中别的软件无法使用'}","[""B"", ""C"", ""E""]",2.0,2.0,多选题,8.5,"[6197179, 6197180, 6197181]",Ex_116919,Chinese,C_680747,Ex_116919,Linux系统管理
29040364_146705,Pm_146705,U_29040364,0,1,0.0,2020-07-27 10:36:01,K_软件管理器_计算机科学与技术,管好软件包--管好软件包测试,下面关于yum的说法那些是错误的？,"{'A': 'yum目的就是为了解决RPM管理软件包时的依赖关系难题', 'B': 'yum是一种区别于RPM软件封装模式', 'C': 'yum是红帽系列Linux中的默认软件管理器', 'D': 'yum客户端在安装软件时无需了解该软件包的依赖关系信息'}","[""B"", ""C""]",2.0,2.0,多选题,8.5,"[6197179, 6197180, 6197181]",Ex_116919,Chinese,C_680747,Ex_116919,Linux系统管理
