c1,c2,ground_truth,text_predict,graph_predict
K_操作命令_计算机科学与技术,K_重新启动_计算机科学与技术,1,"[0.015044071711599827, 0.984955906867981]","[0.00342249171808362, 0.9965775012969971]"
K_辅助存储器_计算机科学与技术,K_文件管理_计算机科学与技术,1,"[0.021725013852119446, 0.9782750010490417]","[0.006573379971086979, 0.9934266209602356]"
K_二进制数字_计算机科学与技术,K_并行编译_计算机科学与技术,1,"[0.14969924092292786, 0.8503007292747498]","[0.019302276894450188, 0.980697751045227]"
K_中断信号_计算机科学与技术,K_软中断_计算机科学与技术,1,"[0.006793443113565445, 0.9932065606117249]","[0.003391414415091276, 0.996608555316925]"
K_储存空间_计算机科学与技术,K_文件分配_计算机科学与技术,1,"[0.0168029572814703, 0.9831970930099487]","[0.004277931526303291, 0.9957220554351807]"
K_程序状态_计算机科学与技术,K_重新启动_计算机科学与技术,1,"[0.08542672544717789, 0.9145731925964355]","[0.026332104578614235, 0.9736679196357727]"
K_中断服务程序_计算机科学与技术,K_先来先服务_计算机科学与技术,1,"[0.23865211009979248, 0.7613478899002075]","[0.14704394340515137, 0.8529560565948486]"
K_存储分配_计算机科学与技术,K_缓存_计算机科学与技术,1,"[0.045331526547670364, 0.9546685218811035]","[0.10876528918743134, 0.8912346959114075]"
K_冲突检测_计算机科学与技术,K_载波侦听_计算机科学与技术,1,"[0.04557023569941521, 0.9544298052787781]","[0.038595326244831085, 0.9614046216011047]"
K_互连网络_计算机科学与技术,K_广播网络_计算机科学与技术,1,"[0.05107405409216881, 0.9489259719848633]","[0.09181739389896393, 0.9081826210021973]"
K_连接请求_计算机科学与技术,K_链路状态分组_计算机科学与技术,1,"[0.078203484416008, 0.9217965006828308]","[0.07557719200849533, 0.9244228601455688]"
K_高速缓存_计算机科学与技术,K_写访问_计算机科学与技术,1,"[0.06241630017757416, 0.9375836849212646]","[0.0969286859035492, 0.9030713438987732]"
K_段表_计算机科学与技术,K_中断机制_计算机科学与技术,1,"[0.010071179829537868, 0.9899287819862366]","[0.01348515972495079, 0.9865148663520813]"
K_程序指令_计算机科学与技术,K_指令流_计算机科学与技术,1,"[0.028972961008548737, 0.9710270762443542]","[0.0048080142587423325, 0.9951919317245483]"
K_进程切换_计算机科学与技术,K_通用操作系统_计算机科学与技术,1,"[0.08555309474468231, 0.9144469499588013]","[0.04960934817790985, 0.9503906965255737]"
K_互联网协议_计算机科学与技术,K_互联网电视_计算机科学与技术,1,"[0.05592265725135803, 0.9440773725509644]","[0.014588844031095505, 0.9854111671447754]"
K_指令功能_计算机科学与技术,K_通用操作系统_计算机科学与技术,1,"[0.014720432460308075, 0.9852795600891113]","[0.0031585379038006067, 0.9968414306640625]"
K_执行状态_计算机科学与技术,K_重新启动_计算机科学与技术,1,"[0.10305874049663544, 0.8969412446022034]","[0.07164132595062256, 0.9283586740493774]"
K_数字信息_计算机科学与技术,K_磁盘镜像_计算机科学与技术,1,"[0.008700830861926079, 0.9912991523742676]","[0.001211638911627233, 0.9987883567810059]"
K_执行开销_计算机科学与技术,K_并行编译_计算机科学与技术,1,"[0.04710030555725098, 0.952899694442749]","[0.021189743652939796, 0.9788103103637695]"
K_操作语义_计算机科学与技术,K_分布式操作系统_计算机科学与技术,1,"[0.018442265689373016, 0.9815577268600464]","[0.006370066665112972, 0.9936299324035645]"
K_控制线_计算机科学与技术,K_进程切换_计算机科学与技术,1,"[0.01588170789182186, 0.9841183423995972]","[0.010087479837238789, 0.9899125099182129]"
K_中断控制_计算机科学与技术,K_禁止中断_计算机科学与技术,1,"[0.01823180727660656, 0.9817681908607483]","[0.010397346690297127, 0.9896026849746704]"
K_命令接口_计算机科学与技术,K_第二代计算机_计算机科学与技术,1,"[0.03322605788707733, 0.9667738676071167]","[0.011084873229265213, 0.9889151453971863]"
K_段表_计算机科学与技术,K_指令缓存_计算机科学与技术,1,"[0.011691948398947716, 0.9883080720901489]","[0.007233841810375452, 0.9927662014961243]"
K_叶节点_计算机科学与技术,K_B树_计算机科学与技术,1,"[0.9728237390518188, 0.02717624604701996]","[0.9982635974884033, 0.0017363358056172729]"
K_方波信号_计算机科学与技术,K_多媒体通信_计算机科学与技术,1,"[0.03365673869848251, 0.9663432836532593]","[0.006280870176851749, 0.9937191605567932]"
K_中断控制_计算机科学与技术,K_子程序调用指令_计算机科学与技术,1,"[0.02531318925321102, 0.9746867418289185]","[0.0023777757305651903, 0.9976221919059753]"
K_二进制信号_计算机科学与技术,K_主存储器_计算机科学与技术,1,"[0.05053642764687538, 0.9494634866714478]","[0.09528543055057526, 0.9047145843505859]"
K_段表_计算机科学与技术,K_特权指令_计算机科学与技术,1,"[0.01249974500387907, 0.9875001907348633]","[0.009406756609678268, 0.9905932545661926]"
K_分时系统_计算机科学与技术,K_虚拟机管理器_计算机科学与技术,1,"[0.0923611968755722, 0.9076387882232666]","[0.07899575680494308, 0.9210042357444763]"
K_中断服务程序_计算机科学与技术,K_伙伴系统_计算机科学与技术,1,"[0.051067791879177094, 0.9489321708679199]","[0.030195768922567368, 0.9698042273521423]"
K_内部中断_计算机科学与技术,K_禁止中断_计算机科学与技术,1,"[0.012076609767973423, 0.9879233837127686]","[0.004882721696048975, 0.9951173067092896]"
K_控制总线_计算机科学与技术,K_开中断_计算机科学与技术,1,"[0.023005858063697815, 0.9769941568374634]","[0.0065771955996751785, 0.9934228658676147]"
K_中断控制器_计算机科学与技术,K_多进程_计算机科学与技术,1,"[0.023302901536226273, 0.9766970872879028]","[0.025082189589738846, 0.9749178290367126]"
K_指令译码器_计算机科学与技术,K_中断优先级_计算机科学与技术,1,"[0.021965142339468002, 0.9780348539352417]","[0.005112536251544952, 0.9948874711990356]"
K_机器周期_计算机科学与技术,K_执行系统_计算机科学与技术,1,"[0.028860880061984062, 0.9711390733718872]","[0.006052557844668627, 0.993947446346283]"
K_控制总线_计算机科学与技术,K_中断控制_计算机科学与技术,1,"[0.018377047032117844, 0.9816229343414307]","[0.002077343873679638, 0.9979226589202881]"
K_处理流程_计算机科学与技术,K_处理器调度_计算机科学与技术,1,"[0.10202251374721527, 0.8979774713516235]","[0.14420655369758606, 0.8557934761047363]"
K_允许中断_计算机科学与技术,K_进程调度_计算机科学与技术,1,"[0.01724277436733246, 0.9827572107315063]","[0.013641545549035072, 0.9863584637641907]"
K_储存空间_计算机科学与技术,K_虚拟内存_计算机科学与技术,1,"[0.011330705136060715, 0.9886692762374878]","[0.001693299738690257, 0.9983067512512207]"
K_二进制数字_计算机科学与技术,K_载波侦听_计算机科学与技术,1,"[0.18405331671237946, 0.815946638584137]","[0.05244234576821327, 0.9475576877593994]"
K_文件子系统_计算机科学与技术,K_系统启动_计算机科学与技术,1,"[0.15212202072143555, 0.8478779792785645]","[0.263830304145813, 0.736169695854187]"
K_面向连接的协议_计算机科学与技术,K_互连网络_计算机科学与技术,1,"[0.04501316323876381, 0.9549868106842041]","[0.015765324234962463, 0.9842346906661987]"
K_进制转换_计算机科学与技术,K_虚拟内存_计算机科学与技术,1,"[0.03857620805501938, 0.9614237546920776]","[0.028293190523982048, 0.9717068076133728]"
K_标号_计算机科学与技术,K_变址寄存器_计算机科学与技术,1,"[0.5208926200866699, 0.4791073799133301]","[0.4014427065849304, 0.5985572934150696]"
K_活动分区_计算机科学与技术,K_子程序调用指令_计算机科学与技术,1,"[0.04633481428027153, 0.9536652565002441]","[0.008254896849393845, 0.991745114326477]"
K_允许中断_计算机科学与技术,K_缓存_计算机科学与技术,1,"[0.036726392805576324, 0.9632736444473267]","[0.14333947002887726, 0.8566604852676392]"
K_网络延时_计算机科学与技术,K_广播网络_计算机科学与技术,1,"[0.04453644901514053, 0.9554635286331177]","[0.08719903975725174, 0.9128010272979736]"
K_缓存_计算机科学与技术,K_文件管理_计算机科学与技术,1,"[0.017961498349905014, 0.9820384979248047]","[0.21128731966018677, 0.7887126803398132]"
K_开始符号_计算机科学与技术,K_发送信号_计算机科学与技术,1,"[0.5209556818008423, 0.4790443778038025]","[0.7252757549285889, 0.27472418546676636]"
K_保护位_计算机科学与技术,K_允许中断_计算机科学与技术,1,"[0.04608190432190895, 0.9539180994033813]","[0.035392459481954575, 0.9646075963973999]"
K_程序指令_计算机科学与技术,K_段表_计算机科学与技术,1,"[0.040437448769807816, 0.9595625400543213]","[0.010394051671028137, 0.9896059632301331]"
K_互连网络_计算机科学与技术,K_远程系统_计算机科学与技术,1,"[0.04035127907991409, 0.9596487283706665]","[0.010455160401761532, 0.9895448684692383]"
K_多用户系统_计算机科学与技术,K_视窗操作系统_计算机科学与技术,1,"[0.09906013309955597, 0.9009398818016052]","[0.13643909990787506, 0.8635608553886414]"
K_储存空间_计算机科学与技术,K_数据流分析_计算机科学与技术,1,"[0.018202077597379684, 0.9817979335784912]","[0.0018230475252494216, 0.9981769919395447]"
K_方波信号_计算机科学与技术,K_解调器_计算机科学与技术,1,"[0.022574905306100845, 0.9774250984191895]","[0.0065202126279473305, 0.9934797883033752]"
K_虚拟机管理器_计算机科学与技术,K_管理子系统_计算机科学与技术,1,"[0.09639063477516174, 0.9036093354225159]","[0.07800374925136566, 0.9219962358474731]"
K_机器周期_计算机科学与技术,K_中断控制器_计算机科学与技术,1,"[0.04133438691496849, 0.9586656093597412]","[0.00742743955925107, 0.9925726056098938]"
K_中断控制_计算机科学与技术,K_中断控制器_计算机科学与技术,1,"[0.019378824159502983, 0.9806210994720459]","[0.0021947340574115515, 0.9978052973747253]"
K_程序状态字_计算机科学与技术,K_动态分配内存_计算机科学与技术,1,"[0.06819579750299454, 0.9318042397499084]","[0.055039796978235245, 0.9449601769447327]"
K_分治_计算机科学与技术,K_快速排序_计算机科学与技术,1,"[0.5189962983131409, 0.48100364208221436]","[0.6489158272743225, 0.3510841727256775]"
K_宏指令_计算机科学与技术,K_编译系统_计算机科学与技术,1,"[0.00787549838423729, 0.9921245574951172]","[0.0008851586608216166, 0.9991148710250854]"
K_指令译码器_计算机科学与技术,K_发送信号_计算机科学与技术,1,"[0.08720776438713074, 0.9127922654151917]","[0.06522555649280548, 0.9347743988037109]"
K_阻塞接收_计算机科学与技术,K_连接建立_计算机科学与技术,1,"[0.028006670996546745, 0.9719933271408081]","[0.028150539845228195, 0.9718494415283203]"
K_系统配置_计算机科学与技术,K_文件管理_计算机科学与技术,1,"[0.02197827212512493, 0.9780217409133911]","[0.006253398954868317, 0.9937466382980347]"
K_系统内核_计算机科学与技术,K_动态管理_计算机科学与技术,1,"[0.02616523951292038, 0.973834753036499]","[0.013922681100666523, 0.9860773086547852]"
K_操作命令_计算机科学与技术,K_控制流分析_计算机科学与技术,1,"[0.02730417251586914, 0.9726958274841309]","[0.005749326664954424, 0.9942506551742554]"
K_逻辑地址空间_计算机科学与技术,K_高速缓存_计算机科学与技术,1,"[0.022241413593292236, 0.977758526802063]","[0.07490935921669006, 0.9250906109809875]"
K_内部中断_计算机科学与技术,K_中断控制_计算机科学与技术,1,"[0.010869927704334259, 0.9891301393508911]","[0.0004816856817342341, 0.9995182752609253]"
K_逻辑地址空间_计算机科学与技术,K_随机存储器_计算机科学与技术,1,"[0.07298246771097183, 0.9270175099372864]","[0.19292205572128296, 0.807077944278717]"
K_用户进程_计算机科学与技术,K_调度策略_计算机科学与技术,1,"[0.05276381969451904, 0.947236180305481]","[0.10854752361774445, 0.8914524912834167]"
K_指令指针寄存器_计算机科学与技术,K_中断服务程序_计算机科学与技术,1,"[0.005566810257732868, 0.9944331645965576]","[0.0010069669224321842, 0.9989929795265198]"
K_主引导记录_计算机科学与技术,K_设备驱动程序_计算机科学与技术,1,"[0.16890849173069, 0.8310915231704712]","[0.0872337818145752, 0.9127662181854248]"
K_输出通道_计算机科学与技术,K_指令缓存_计算机科学与技术,1,"[0.05573945492506027, 0.9442605972290039]","[0.02379787713289261, 0.976202130317688]"
K_中断控制_计算机科学与技术,K_系统中断_计算机科学与技术,1,"[0.015711583197116852, 0.9842884540557861]","[0.002112258691340685, 0.9978877305984497]"
K_二进制信号_计算机科学与技术,K_顺序存储器_计算机科学与技术,1,"[0.08237498998641968, 0.9176249504089355]","[0.09711569547653198, 0.902884304523468]"
K_文件分配_计算机科学与技术,K_预分配_计算机科学与技术,1,"[0.12312290072441101, 0.8768770694732666]","[0.24388718605041504, 0.756112813949585]"
K_进程状态_计算机科学与技术,K_允许中断_计算机科学与技术,1,"[0.05609723925590515, 0.9439027309417725]","[0.1286868005990982, 0.8713131546974182]"
K_互联网协议_计算机科学与技术,K_网络打印机_计算机科学与技术,1,"[0.09903636574745178, 0.9009636044502258]","[0.019698984920978546, 0.9803009629249573]"
K_系统中断_计算机科学与技术,K_程序状态_计算机科学与技术,1,"[0.054225530475378036, 0.945774495601654]","[0.020750869065523148, 0.9792490601539612]"
K_有线网络_计算机科学与技术,K_广播网络_计算机科学与技术,1,"[0.02687533013522625, 0.9731247425079346]","[0.08455026894807816, 0.9154496788978577]"
K_中断控制_计算机科学与技术,K_缺页_计算机科学与技术,1,"[0.07961248606443405, 0.9203875064849854]","[0.03743245080113411, 0.9625675678253174]"
K_系统调用表_计算机科学与技术,K_中断服务程序_计算机科学与技术,1,"[0.03174668550491333, 0.9682533740997314]","[0.006113492883741856, 0.9938864707946777]"
K_系统启动_计算机科学与技术,K_完全恢复_计算机科学与技术,1,"[0.25561559200286865, 0.7443844079971313]","[0.17161953449249268, 0.8283804655075073]"
K_中断信号_计算机科学与技术,K_先来先服务_计算机科学与技术,1,"[0.053890012204647064, 0.9461100101470947]","[0.018345143646001816, 0.9816548824310303]"
K_虚拟化技术_计算机科学与技术,K_文件分配_计算机科学与技术,1,"[0.14324337244033813, 0.8567566871643066]","[0.2803552746772766, 0.7196447253227234]"
K_重新启动_计算机科学与技术,K_循环执行_计算机科学与技术,1,"[0.1328195333480835, 0.8671804666519165]","[0.1945975422859192, 0.8054025173187256]"
K_内部中断_计算机科学与技术,K_死锁预防_计算机科学与技术,1,"[0.07023736834526062, 0.929762601852417]","[0.018448062241077423, 0.9815519452095032]"
K_缺页中断_计算机科学与技术,K_多核处理器_计算机科学与技术,1,"[0.026237601414322853, 0.9737623929977417]","[0.02877243608236313, 0.9712275266647339]"
K_文件维护_计算机科学与技术,K_控制块_计算机科学与技术,1,"[0.11535195261240005, 0.8846480846405029]","[0.1781095713376999, 0.8218904137611389]"
K_大容量存储器_计算机科学与技术,K_虚拟存储管理_计算机科学与技术,1,"[0.013045689091086388, 0.9869543313980103]","[0.003627926344051957, 0.9963721036911011]"
K_动态分配内存_计算机科学与技术,K_动态管理_计算机科学与技术,1,"[0.043860696256160736, 0.956139326095581]","[0.030416565015912056, 0.9695833921432495]"
K_错误代码_计算机科学与技术,K_通用操作系统_计算机科学与技术,1,"[0.029964687302708626, 0.9700353145599365]","[0.011785370297729969, 0.9882145524024963]"
K_缺页中断_计算机科学与技术,K_中断服务程序_计算机科学与技术,1,"[0.01184016466140747, 0.9881598353385925]","[0.006615054793655872, 0.9933849573135376]"
K_外部中断_计算机科学与技术,K_纠错_计算机科学与技术,1,"[0.3979682922363281, 0.6020317077636719]","[0.674241304397583, 0.3257587254047394]"
K_调用程序_计算机科学与技术,K_测试驱动程序_计算机科学与技术,1,"[0.10785181075334549, 0.8921481966972351]","[0.19377286732196808, 0.8062271475791931]"
K_管理子系统_计算机科学与技术,K_实时系统_计算机科学与技术,1,"[0.12450076639652252, 0.8754992485046387]","[0.1126636415719986, 0.8873363733291626]"
K_功能块_计算机科学与技术,K_软中断_计算机科学与技术,1,"[0.32123076915740967, 0.6787692308425903]","[0.23628565669059753, 0.7637143731117249]"
K_虚拟地址空间_计算机科学与技术,K_网络打印机_计算机科学与技术,1,"[0.033455125987529755, 0.9665448665618896]","[0.01326649822294712, 0.9867334961891174]"
K_广播网络_计算机科学与技术,K_通信子网_计算机科学与技术,1,"[0.14417622983455658, 0.8558237552642822]","[0.28453582525253296, 0.7154642343521118]"
K_链路状态分组_计算机科学与技术,K_快速以太网_计算机科学与技术,1,"[0.4132236838340759, 0.5867762565612793]","[0.229620099067688, 0.770379900932312]"
K_指令流_计算机科学与技术,K_软中断_计算机科学与技术,1,"[0.007724398281425238, 0.992275595664978]","[0.0018092845566570759, 0.9981906414031982]"
K_操作命令_计算机科学与技术,K_特权指令_计算机科学与技术,1,"[0.011566953733563423, 0.9884330034255981]","[0.0033712084405124187, 0.9966287612915039]"
K_进程创建_计算机科学与技术,K_互操作_计算机科学与技术,1,"[0.13214954733848572, 0.8678504228591919]","[0.1110323965549469, 0.8889676332473755]"
K_阻塞接收_计算机科学与技术,K_网络延时_计算机科学与技术,1,"[0.05391667038202286, 0.9460833072662354]","[0.0486484169960022, 0.9513515830039978]"
K_系统中断_计算机科学与技术,K_调度程序_计算机科学与技术,1,"[0.02268112823367119, 0.9773188829421997]","[0.009483352303504944, 0.9905166625976562]"
K_互联网协议_计算机科学与技术,K_点到点连接_计算机科学与技术,1,"[0.16940101981163025, 0.8305990099906921]","[0.13860903680324554, 0.8613909482955933]"
K_中断机制_计算机科学与技术,K_用户进程_计算机科学与技术,1,"[0.02802012674510479, 0.9719798564910889]","[0.05682581663131714, 0.9431741833686829]"
K_内部中断_计算机科学与技术,K_优先级调度_计算机科学与技术,1,"[0.018308116123080254, 0.981691837310791]","[0.002416600938886404, 0.9975833892822266]"
K_内核服务_计算机科学与技术,K_文件组织_计算机科学与技术,1,"[0.059658899903297424, 0.9403411149978638]","[0.03498973697423935, 0.9650102853775024]"
K_控制线_计算机科学与技术,K_控制总线_计算机科学与技术,1,"[0.030346248298883438, 0.9696537256240845]","[0.006809882819652557, 0.9931901097297668]"
K_储存空间_计算机科学与技术,K_辅助存储器_计算机科学与技术,1,"[0.03422932326793671, 0.9657706618309021]","[0.007655956782400608, 0.9923440217971802]"
K_发送信号_计算机科学与技术,K_控制线_计算机科学与技术,1,"[0.01316935382783413, 0.9868306517601013]","[0.0011507334420457482, 0.9988493323326111]"
K_内部程序_计算机科学与技术,K_设备驱动程序_计算机科学与技术,1,"[0.08657459914684296, 0.9134253263473511]","[0.10665495693683624, 0.893345057964325]"
K_段式存储管理_计算机科学与技术,K_虚拟机管理器_计算机科学与技术,1,"[0.03533899411559105, 0.9646610021591187]","[0.029865752905607224, 0.9701341986656189]"
K_嵌入式控制器_计算机科学与技术,K_实时系统_计算机科学与技术,1,"[0.07838679105043411, 0.9216132164001465]","[0.037283122539520264, 0.9627168774604797]"
K_拓扑关系_计算机科学与技术,K_后集_计算机科学与技术,1,"[0.9399036765098572, 0.06009633094072342]","[0.9178226590156555, 0.0821773111820221]"
K_内部中断_计算机科学与技术,K_纠错_计算机科学与技术,1,"[0.4197600483894348, 0.5802399516105652]","[0.26777899265289307, 0.7322210669517517]"
K_程序指令_计算机科学与技术,K_宏指令_计算机科学与技术,1,"[0.03592553734779358, 0.964074432849884]","[0.0171232707798481, 0.982876718044281]"
K_外存储器_计算机科学与技术,K_存储分配_计算机科学与技术,1,"[0.017778044566512108, 0.9822219610214233]","[0.006337552797049284, 0.993662416934967]"
K_命令接口_计算机科学与技术,K_管理子系统_计算机科学与技术,1,"[0.006741567514836788, 0.9932584166526794]","[0.000911588198505342, 0.99908846616745]"
K_有线网络_计算机科学与技术,K_内部网关协议_计算机科学与技术,1,"[0.06826154887676239, 0.9317384958267212]","[0.14142253994941711, 0.8585774302482605]"
K_段表_计算机科学与技术,K_下一个头_计算机科学与技术,1,"[0.35810601711273193, 0.6418939828872681]","[0.25579071044921875, 0.7442092895507812]"
K_多核处理器_计算机科学与技术,K_调度策略_计算机科学与技术,1,"[0.28264984488487244, 0.7173501253128052]","[0.5666605234146118, 0.4333394169807434]"
K_广播网络_计算机科学与技术,K_快速以太网_计算机科学与技术,1,"[0.05797264724969864, 0.9420273900032043]","[0.04253675416111946, 0.957463264465332]"
K_有线网络_计算机科学与技术,K_多媒体通信_计算机科学与技术,1,"[0.15225908160209656, 0.847740888595581]","[0.06814175844192505, 0.9318583011627197]"
K_指令译码器_计算机科学与技术,K_调用程序_计算机科学与技术,1,"[0.016124527901411057, 0.9838755130767822]","[0.0025244695134460926, 0.9974755644798279]"
K_缺页_计算机科学与技术,K_中断系统_计算机科学与技术,1,"[0.030781812965869904, 0.9692181348800659]","[0.031123507767915726, 0.9688764810562134]"
K_程序状态字寄存器_计算机科学与技术,K_进程创建_计算机科学与技术,1,"[0.017203308641910553, 0.9827966690063477]","[0.02247409150004387, 0.9775259494781494]"
K_电路逻辑_计算机科学与技术,K_指令缓存_计算机科学与技术,1,"[0.03882542625069618, 0.9611745476722717]","[0.028993945568799973, 0.9710060954093933]"
K_高速总线_计算机科学与技术,K_网络打印机_计算机科学与技术,1,"[0.03640482947230339, 0.9635951519012451]","[0.013923355378210545, 0.9860765933990479]"
K_中断机制_计算机科学与技术,K_执行系统_计算机科学与技术,1,"[0.009092905558645725, 0.9909071326255798]","[0.007512042764574289, 0.9924879670143127]"
K_虚拟地址空间_计算机科学与技术,K_互操作_计算机科学与技术,1,"[0.038785383105278015, 0.9612146615982056]","[0.019213519990444183, 0.9807864427566528]"
K_线程控制块_计算机科学与技术,K_指令流_计算机科学与技术,1,"[0.07593943178653717, 0.924060583114624]","[0.08502289652824402, 0.9149771332740784]"
K_宕机_计算机科学与技术,K_互连网络_计算机科学与技术,1,"[0.034757401794195175, 0.9652426242828369]","[0.009784258902072906, 0.9902157783508301]"
K_启动程序_计算机科学与技术,K_中断机制_计算机科学与技术,1,"[0.06870964169502258, 0.9312903881072998]","[0.15279489755630493, 0.8472051620483398]"
K_占用空间_计算机科学与技术,K_内核空间_计算机科学与技术,1,"[0.2274775505065918, 0.772522509098053]","[0.07114852219820023, 0.9288514852523804]"
K_写访问_计算机科学与技术,K_特权指令_计算机科学与技术,1,"[0.07925887405872345, 0.920741081237793]","[0.04389093443751335, 0.9561091065406799]"
K_优先级控制_计算机科学与技术,K_多处理器调度_计算机科学与技术,1,"[0.03191229701042175, 0.9680877327919006]","[0.006609753705561161, 0.9933902621269226]"
K_写访问_计算机科学与技术,K_动态分配内存_计算机科学与技术,1,"[0.09354685246944427, 0.9064531326293945]","[0.0692497193813324, 0.9307502508163452]"
K_变址寄存器_计算机科学与技术,K_进程切换_计算机科学与技术,1,"[0.008717311546206474, 0.9912827014923096]","[0.0038809312973171473, 0.9961190223693848]"
K_系统配置_计算机科学与技术,K_中断系统_计算机科学与技术,1,"[0.010704416781663895, 0.9892956018447876]","[0.00190407270565629, 0.9980959892272949]"
K_指令功能_计算机科学与技术,K_处理器调度_计算机科学与技术,1,"[0.02146180346608162, 0.9785382151603699]","[0.017892830073833466, 0.9821071624755859]"
K_面向对象编程_计算机科学与技术,K_测试驱动程序_计算机科学与技术,1,"[0.10040145367383957, 0.8995985388755798]","[0.06407920271158218, 0.9359208345413208]"
K_代码优化_计算机科学与技术,K_算法正确性_计算机科学与技术,1,"[0.7911303043365479, 0.20886971056461334]","[0.7703099846839905, 0.22969003021717072]"
K_存储分配_计算机科学与技术,K_指令缓存_计算机科学与技术,1,"[0.03249361738562584, 0.9675062894821167]","[0.011157449334859848, 0.9888425469398499]"
K_指令指针寄存器_计算机科学与技术,K_进程复制_计算机科学与技术,1,"[0.008027030155062675, 0.9919729232788086]","[0.004826684948056936, 0.9951732754707336]"
K_逻辑分区_计算机科学与技术,K_命令接口_计算机科学与技术,1,"[0.042994193732738495, 0.9570057988166809]","[0.02060859464108944, 0.9793913960456848]"
K_中断控制器_计算机科学与技术,K_中断系统_计算机科学与技术,1,"[0.011164670810103416, 0.988835334777832]","[0.0032718973234295845, 0.9967280626296997]"
K_高速总线_计算机科学与技术,K_接口分析_计算机科学与技术,1,"[0.4005158245563507, 0.5994841456413269]","[0.21287529170513153, 0.787124752998352]"
K_控制总线_计算机科学与技术,K_系统启动_计算机科学与技术,1,"[0.022100325673818588, 0.9778996706008911]","[0.008134067989885807, 0.9918659329414368]"
K_中断控制器_计算机科学与技术,K_中断服务程序_计算机科学与技术,1,"[0.0162736177444458, 0.9837263822555542]","[0.0018987779039889574, 0.9981012344360352]"
K_系统内核_计算机科学与技术,K_设备驱动程序_计算机科学与技术,1,"[0.03085053153336048, 0.9691494703292847]","[0.011794445104897022, 0.9882055521011353]"
K_访问冲突_计算机科学与技术,K_服务系统_计算机科学与技术,1,"[0.030276216566562653, 0.9697238206863403]","[0.004439278040081263, 0.9955607652664185]"
K_内部网关协议_计算机科学与技术,K_互连网络_计算机科学与技术,1,"[0.05424384027719498, 0.945756196975708]","[0.09755641222000122, 0.902443528175354]"
K_操作命令_计算机科学与技术,K_同步控制_计算机科学与技术,1,"[0.007275225594639778, 0.9927247762680054]","[0.0026270002126693726, 0.9973729848861694]"
K_优先级控制_计算机科学与技术,K_访问策略_计算机科学与技术,1,"[0.049201853573322296, 0.9507981538772583]","[0.011442184448242188, 0.9885578155517578]"
K_控制总线_计算机科学与技术,K_程序状态字寄存器_计算机科学与技术,1,"[0.05990103632211685, 0.9400990009307861]","[0.017006738111376762, 0.9829932451248169]"
K_内部中断_计算机科学与技术,K_中断控制器_计算机科学与技术,1,"[0.013219287618994713, 0.9867807626724243]","[0.0010416599689051509, 0.9989582300186157]"
K_逻辑地址空间_计算机科学与技术,K_网络文件系统_计算机科学与技术,1,"[0.009002100676298141, 0.9909979104995728]","[0.012826702557504177, 0.987173318862915]"
K_编译技术_计算机科学与技术,K_多进程_计算机科学与技术,1,"[0.08502112329006195, 0.9149788618087769]","[0.19864831864833832, 0.8013517260551453]"
K_储存空间_计算机科学与技术,K_文件子系统_计算机科学与技术,1,"[0.011777626350522041, 0.9882223606109619]","[0.0016844643978402019, 0.9983155131340027]"
K_系统调用表_计算机科学与技术,K_程序状态_计算机科学与技术,1,"[0.08477805554866791, 0.9152219295501709]","[0.06933557987213135, 0.9306644201278687]"
K_内部中断_计算机科学与技术,K_内核服务_计算机科学与技术,1,"[0.014681555330753326, 0.9853184223175049]","[0.0018004062585532665, 0.9981995820999146]"
K_储存空间_计算机科学与技术,K_FAT文件系统_计算机科学与技术,1,"[0.009470383636653423, 0.9905296564102173]","[0.0009631003485992551, 0.9990369081497192]"
K_子程序调用指令_计算机科学与技术,K_中断服务程序_计算机科学与技术,1,"[0.021219715476036072, 0.9787802696228027]","[0.003195198718458414, 0.9968047738075256]"
K_控制总线_计算机科学与技术,K_多进程_计算机科学与技术,1,"[0.017705189064145088, 0.9822947978973389]","[0.021243080496788025, 0.9787569046020508]"
K_数据文件_计算机科学与技术,K_视窗操作系统_计算机科学与技术,1,"[0.058593809604644775, 0.9414061307907104]","[0.10461031645536423, 0.8953896164894104]"
K_内核栈_计算机科学与技术,K_服务系统_计算机科学与技术,1,"[0.01130459364503622, 0.9886954426765442]","[0.0008740507182665169, 0.9991258978843689]"
K_管理文件_计算机科学与技术,K_多用户系统_计算机科学与技术,1,"[0.06378938257694244, 0.9362106323242188]","[0.03549913689494133, 0.9645008444786072]"
K_优先级调度_计算机科学与技术,K_调度程序_计算机科学与技术,1,"[0.06284916400909424, 0.9371508359909058]","[0.03331930935382843, 0.9666807651519775]"
K_中断控制_计算机科学与技术,K_先来先服务_计算机科学与技术,1,"[0.12246354669332504, 0.877536416053772]","[0.01888933777809143, 0.981110692024231]"
K_发送信号_计算机科学与技术,K_阻塞接收_计算机科学与技术,1,"[0.06619790196418762, 0.9338021278381348]","[0.006584473419934511, 0.9934155344963074]"
K_系统中断_计算机科学与技术,K_中断控制器_计算机科学与技术,1,"[0.0276755690574646, 0.9723244905471802]","[0.00467481417581439, 0.9953251481056213]"
K_数字信息_计算机科学与技术,K_电话系统_计算机科学与技术,1,"[0.0033530988730490208, 0.9966468811035156]","[0.0011021628743037581, 0.9988978505134583]"
K_线程管理_计算机科学与技术,K_执行系统_计算机科学与技术,1,"[0.039187826216220856, 0.9608122110366821]","[0.01629439741373062, 0.9837055802345276]"
K_随机存储器_计算机科学与技术,K_存储芯片_计算机科学与技术,1,"[0.11440148949623108, 0.8855984807014465]","[0.34993183612823486, 0.6500681638717651]"
K_管理子系统_计算机科学与技术,K_服务系统_计算机科学与技术,1,"[0.04637596756219864, 0.9536240100860596]","[0.018605239689350128, 0.9813947677612305]"
K_系统内核_计算机科学与技术,K_视窗操作系统_计算机科学与技术,1,"[0.014254916459321976, 0.9857450723648071]","[0.005616881884634495, 0.9943830966949463]"
K_虚拟存储管理_计算机科学与技术,K_处理器调度_计算机科学与技术,1,"[0.06721308827400208, 0.9327869415283203]","[0.08032619208097458, 0.9196737408638]"
K_非终结符_计算机科学与技术,K_控制总线_计算机科学与技术,1,"[0.34473875164985657, 0.6552612781524658]","[0.20284928381443024, 0.797150731086731]"
K_高速总线_计算机科学与技术,K_介质访问控制_计算机科学与技术,1,"[0.016694791615009308, 0.9833052158355713]","[0.019777460023760796, 0.9802225828170776]"
K_互操作_计算机科学与技术,K_分布式操作系统_计算机科学与技术,1,"[0.0792383998632431, 0.9207615852355957]","[0.020290028303861618, 0.9797099828720093]"
K_二进制编码_计算机科学与技术,K_点到点连接_计算机科学与技术,1,"[0.08540081977844238, 0.9145991802215576]","[0.027235371991991997, 0.9727646112442017]"
K_分区表_计算机科学与技术,K_实时系统_计算机科学与技术,1,"[0.013390297070145607, 0.9866097569465637]","[0.0029494669288396835, 0.9970505237579346]"
K_入度_计算机科学与技术,K_无向图_计算机科学与技术,1,"[0.9728078842163086, 0.027192067354917526]","[0.9945998191833496, 0.00540020689368248]"
K_处理器调度_计算机科学与技术,K_即插即用_计算机科学与技术,1,"[0.5623868107795715, 0.43761318922042847]","[0.5113393068313599, 0.4886607229709625]"
K_互联网协议_计算机科学与技术,K_局域网络_计算机科学与技术,1,"[0.05967603623867035, 0.9403239488601685]","[0.02920452691614628, 0.9707953929901123]"
K_动态分配内存_计算机科学与技术,K_指令流_计算机科学与技术,1,"[0.08837640285491943, 0.9116235971450806]","[0.028977595269680023, 0.971022367477417]"
K_中断控制_计算机科学与技术,K_进程切换_计算机科学与技术,1,"[0.02001267299056053, 0.9799873232841492]","[0.012843307107686996, 0.9871566891670227]"
K_可预测性_计算机科学与技术,K_编译技术_计算机科学与技术,1,"[0.009351687505841255, 0.9906483292579651]","[0.0005696816369891167, 0.9994302988052368]"
K_中断机制_计算机科学与技术,K_连接请求_计算机科学与技术,1,"[0.062318772077560425, 0.9376813173294067]","[0.12341581284999847, 0.8765841722488403]"
K_文件管理_计算机科学与技术,K_数据文件_计算机科学与技术,1,"[0.19621270895004272, 0.8037872910499573]","[0.21196818351745605, 0.788031816482544]"
K_高速总线_计算机科学与技术,K_加载程序_计算机科学与技术,1,"[0.024621807038784027, 0.975378155708313]","[0.018398571759462357, 0.9816014170646667]"
K_电路逻辑_计算机科学与技术,K_辅助存储器_计算机科学与技术,1,"[0.1797652244567871, 0.8202347755432129]","[0.1833115965127945, 0.8166883587837219]"
K_内存管理单元_计算机科学与技术,K_内核模块_计算机科学与技术,1,"[0.12177028506994247, 0.8782297372817993]","[0.16702845692634583, 0.8329715132713318]"
K_动态管理_计算机科学与技术,K_路由选择信息协议_计算机科学与技术,1,"[0.36345401406288147, 0.6365459561347961]","[0.5337232947349548, 0.46627670526504517]"
K_系统内核_计算机科学与技术,K_互操作_计算机科学与技术,1,"[0.061233337968587875, 0.9387667179107666]","[0.01736055687069893, 0.9826394319534302]"
K_局域网络_计算机科学与技术,K_互联网电视_计算机科学与技术,1,"[0.049638401716947556, 0.9503616094589233]","[0.018833698704838753, 0.9811662435531616]"
K_内部中断_计算机科学与技术,K_缺页_计算机科学与技术,1,"[0.04792109876871109, 0.9520789384841919]","[0.015578812919557095, 0.9844211339950562]"
K_变址寄存器_计算机科学与技术,K_系统中断_计算机科学与技术,1,"[0.006845063529908657, 0.9931549429893494]","[0.0007076797191984951, 0.9992923140525818]"
K_通信工程_计算机科学与技术,K_载波侦听_计算机科学与技术,1,"[0.15409401059150696, 0.8459059596061707]","[0.15241235494613647, 0.8475876450538635]"
K_软中断_计算机科学与技术,K_程序状态_计算机科学与技术,1,"[0.04518037289381027, 0.9548196792602539]","[0.0217813141644001, 0.978218674659729]"
K_储存空间_计算机科学与技术,K_外存储器_计算机科学与技术,1,"[0.05056116729974747, 0.9494388103485107]","[0.016773562878370285, 0.9832264184951782]"
K_虚拟地址空间_计算机科学与技术,K_内核模块_计算机科学与技术,1,"[0.03411657363176346, 0.9658833742141724]","[0.060172148048877716, 0.9398278594017029]"
K_动态分配内存_计算机科学与技术,K_文件子系统_计算机科学与技术,1,"[0.05585411936044693, 0.944145917892456]","[0.0207371786236763, 0.9792628288269043]"
K_宏指令_计算机科学与技术,K_指令流_计算机科学与技术,1,"[0.030093859881162643, 0.9699061512947083]","[0.004970620386302471, 0.9950293302536011]"
K_变址寄存器_计算机科学与技术,K_高速缓存_计算机科学与技术,1,"[0.014825848862528801, 0.9851741194725037]","[0.00343222520314157, 0.9965677857398987]"
K_中断系统_计算机科学与技术,K_虚页_计算机科学与技术,1,"[0.4808368682861328, 0.5191631317138672]","[0.6002891063690186, 0.39971086382865906]"
K_段表_计算机科学与技术,K_进程创建_计算机科学与技术,1,"[0.0091297198086977, 0.9908703565597534]","[0.018048904836177826, 0.981951117515564]"
K_面向对象编程_计算机科学与技术,K_程序检测_计算机科学与技术,1,"[0.07074061036109924, 0.9292594194412231]","[0.03434693068265915, 0.965653121471405]"
K_高速缓存_计算机科学与技术,K_存储芯片_计算机科学与技术,1,"[0.07134129106998444, 0.9286587238311768]","[0.21370714902877808, 0.7862928509712219]"
K_嵌入式操作系统_计算机科学与技术,K_分布式操作系统_计算机科学与技术,1,"[0.11370477080345154, 0.8862951993942261]","[0.018099753186106682, 0.9819002151489258]"
K_介质访问控制_计算机科学与技术,K_电话系统_计算机科学与技术,1,"[0.033285267651081085, 0.9667147397994995]","[0.10843749344348907, 0.8915624618530273]"
K_文件锁_计算机科学与技术,K_同步控制_计算机科学与技术,1,"[0.11951212584972382, 0.880487859249115]","[0.19550678133964539, 0.8044931888580322]"
K_数据文件_计算机科学与技术,K_网络文件系统_计算机科学与技术,1,"[0.0643438920378685, 0.9356560707092285]","[0.05651827156543732, 0.9434818029403687]"
K_指令缓存_计算机科学与技术,K_重新执行_计算机科学与技术,1,"[0.019346075132489204, 0.9806538820266724]","[0.00674815010279417, 0.9932518601417542]"
K_数字信息_计算机科学与技术,K_人工智能语言_计算机科学与技术,1,"[0.0328768789768219, 0.9671231508255005]","[0.00870609562844038, 0.9912939071655273]"
K_中断机制_计算机科学与技术,K_缺页中断_计算机科学与技术,1,"[0.028531789779663086, 0.9714682102203369]","[0.05238582193851471, 0.9476141333580017]"
K_冲突检测_计算机科学与技术,K_同步控制_计算机科学与技术,1,"[0.03017600253224373, 0.969823956489563]","[0.039265621453523636, 0.9607343673706055]"
K_调度程序_计算机科学与技术,K_网络打印机_计算机科学与技术,1,"[0.16557297110557556, 0.8344270586967468]","[0.19605016708374023, 0.8039498329162598]"
K_分区表_计算机科学与技术,K_管理文件_计算机科学与技术,1,"[0.010688308626413345, 0.989311695098877]","[0.003104373812675476, 0.9968956708908081]"
K_编译系统_计算机科学与技术,K_执行系统_计算机科学与技术,1,"[0.0455864816904068, 0.9544135332107544]","[0.025901732966303825, 0.9740983247756958]"
K_控制线_计算机科学与技术,K_外部中断_计算机科学与技术,1,"[0.024351168423891068, 0.9756488800048828]","[0.007069820072501898, 0.9929301738739014]"
K_单步_计算机科学与技术,K_中断信号_计算机科学与技术,1,"[0.5393173694610596, 0.46068263053894043]","[0.38784265518188477, 0.6121573448181152]"
K_编译技术_计算机科学与技术,K_重新执行_计算机科学与技术,1,"[0.12557673454284668, 0.8744232654571533]","[0.11523036658763885, 0.8847696185112]"
K_访问冲突_计算机科学与技术,K_并行编译_计算机科学与技术,1,"[0.03934235870838165, 0.9606576561927795]","[0.006618158891797066, 0.9933818578720093]"
K_分区表_计算机科学与技术,K_虚拟化技术_计算机科学与技术,1,"[0.010014956817030907, 0.9899849891662598]","[0.001598421367816627, 0.9984015822410583]"
K_调度策略_计算机科学与技术,K_线程管理_计算机科学与技术,1,"[0.03744283318519592, 0.9625571966171265]","[0.03234145790338516, 0.9676585793495178]"
K_操作命令_计算机科学与技术,K_扫描程序_计算机科学与技术,1,"[0.027541790157556534, 0.9724582433700562]","[0.027074050158262253, 0.9729259610176086]"
K_指令功能_计算机科学与技术,K_指令流_计算机科学与技术,1,"[0.03954391926527023, 0.9604560136795044]","[0.01800788938999176, 0.9819921255111694]"
K_就绪状态_计算机科学与技术,K_内部中断_计算机科学与技术,1,"[0.3170560896396637, 0.6829439401626587]","[0.10486245155334473, 0.8951375484466553]"
K_错误代码_计算机科学与技术,K_中断信号_计算机科学与技术,1,"[0.07001224905252457, 0.9299876689910889]","[0.036391183733940125, 0.9636088013648987]"
K_软中断_计算机科学与技术,K_介质访问控制_计算机科学与技术,1,"[0.02032019942998886, 0.9796797633171082]","[0.019179869443178177, 0.9808201193809509]"
K_远程访问_计算机科学与技术,K_网络文件系统_计算机科学与技术,1,"[0.07028926908969879, 0.9297107458114624]","[0.05852142721414566, 0.9414785504341125]"
K_顺序存储器_计算机科学与技术,K_外存储器_计算机科学与技术,1,"[0.18803822994232178, 0.8119617700576782]","[0.12196652591228485, 0.8780335187911987]"
K_数字信息_计算机科学与技术,K_外部输入_计算机科学与技术,1,"[0.13541220128536224, 0.8645877838134766]","[0.06938482075929642, 0.9306151866912842]"
K_系统配置_计算机科学与技术,K_配置文件_计算机科学与技术,1,"[0.04653008654713631, 0.9534698724746704]","[0.012693477794528008, 0.9873064756393433]"
K_控制线_计算机科学与技术,K_通信子网_计算机科学与技术,1,"[0.032263074070215225, 0.9677368998527527]","[0.015056829899549484, 0.9849432110786438]"
K_中断控制器_计算机科学与技术,K_进程调度_计算机科学与技术,1,"[0.02158038690686226, 0.9784196019172668]","[0.009233816526830196, 0.990766167640686]"
K_外存储器_计算机科学与技术,K_嵌入式操作系统_计算机科学与技术,1,"[0.015485785901546478, 0.9845141768455505]","[0.004744035191833973, 0.9952559471130371]"
K_禁止中断_计算机科学与技术,K_中断系统_计算机科学与技术,1,"[0.015166182070970535, 0.984833836555481]","[0.01495383307337761, 0.9850461483001709]"
K_操作语义_计算机科学与技术,K_禁止中断_计算机科学与技术,1,"[0.01959535852074623, 0.9804046154022217]","[0.0422925129532814, 0.9577074646949768]"
K_解调器_计算机科学与技术,K_非对称数字用户线_计算机科学与技术,1,"[0.4431052803993225, 0.5568947196006775]","[0.6451700925827026, 0.3548298478126526]"
K_存储分配_计算机科学与技术,K_活动分区_计算机科学与技术,1,"[0.1501588225364685, 0.8498411178588867]","[0.12838029861450195, 0.871619701385498]"
K_命令行接口_计算机科学与技术,K_并行编译_计算机科学与技术,1,"[0.010499265044927597, 0.9895007014274597]","[0.0018492875387892127, 0.9981507062911987]"
K_指令功能_计算机科学与技术,K_重新启动_计算机科学与技术,1,"[0.04211306571960449, 0.9578869938850403]","[0.010255392640829086, 0.9897446036338806]"
K_子程序调用指令_计算机科学与技术,K_服务系统_计算机科学与技术,1,"[0.017899729311466217, 0.982100248336792]","[0.0030298526398837566, 0.9969701766967773]"
K_优先级调度_计算机科学与技术,K_中断控制器_计算机科学与技术,1,"[0.055634334683418274, 0.9443656206130981]","[0.017826151102781296, 0.9821738600730896]"
K_系统配置_计算机科学与技术,K_存储分配_计算机科学与技术,1,"[0.03322882577776909, 0.9667711853981018]","[0.010449294000864029, 0.9895507097244263]"
K_段式存储管理_计算机科学与技术,K_线程管理_计算机科学与技术,1,"[0.026352128013968468, 0.9736478328704834]","[0.02668922021985054, 0.9733107089996338]"
K_程序指令_计算机科学与技术,K_写访问_计算机科学与技术,1,"[0.05556954815983772, 0.944430410861969]","[0.01012570783495903, 0.9898743033409119]"
K_重新启动_计算机科学与技术,K_系统启动_计算机科学与技术,1,"[0.12874336540699005, 0.8712565898895264]","[0.10145048797130585, 0.8985495567321777]"
K_中断机制_计算机科学与技术,K_中断系统_计算机科学与技术,1,"[0.008570208214223385, 0.9914298057556152]","[0.006373468786478043, 0.9936265349388123]"
K_段长度_计算机科学与技术,K_操作命令_计算机科学与技术,1,"[0.04660851135849953, 0.953391432762146]","[0.011697974056005478, 0.9883020520210266]"
K_优先级调度_计算机科学与技术,K_多处理器调度_计算机科学与技术,1,"[0.0764417052268982, 0.9235582947731018]","[0.022934528067708015, 0.9770655035972595]"
K_输出通道_计算机科学与技术,K_指令译码器_计算机科学与技术,1,"[0.09685865044593811, 0.9031413793563843]","[0.05002986639738083, 0.9499701261520386]"
K_控制线_计算机科学与技术,K_引导记录_计算机科学与技术,1,"[0.2020004391670227, 0.7979996204376221]","[0.1220472902059555, 0.8779527544975281]"
K_操作命令_计算机科学与技术,K_执行状态_计算机科学与技术,1,"[0.015721825882792473, 0.9842782020568848]","[0.005238591693341732, 0.9947614073753357]"
K_段表_计算机科学与技术,K_设备驱动程序_计算机科学与技术,1,"[0.010207461193203926, 0.9897925853729248]","[0.012466300278902054, 0.987533688545227]"
K_处理器调度_计算机科学与技术,K_命令行接口_计算机科学与技术,1,"[0.10797160863876343, 0.8920283913612366]","[0.07664476335048676, 0.923355221748352]"
K_顺序查找_计算机科学与技术,K_平均查找长度_计算机科学与技术,1,"[0.9317996501922607, 0.06820029765367508]","[0.9521069526672363, 0.047893088310956955]"
K_计算复杂度_计算机科学与技术,K_程序指令_计算机科学与技术,1,"[0.6298178434371948, 0.3701821565628052]","[0.8537288904190063, 0.14627109467983246]"
K_中断控制_计算机科学与技术,K_中断系统_计算机科学与技术,1,"[0.009710379876196384, 0.990289568901062]","[0.0014953368809074163, 0.9985046982765198]"
K_二进制信号_计算机科学与技术,K_文件控制块_计算机科学与技术,1,"[0.009462152607738972, 0.9905378818511963]","[0.01632339507341385, 0.9836766719818115]"
K_内核空间_计算机科学与技术,K_访问周期_计算机科学与技术,1,"[0.05403779447078705, 0.9459621906280518]","[0.07958214730024338, 0.920417845249176]"
K_程序检测_计算机科学与技术,K_批处理系统_计算机科学与技术,1,"[0.018799537792801857, 0.9812004566192627]","[0.007705839816480875, 0.992294192314148]"
K_用户进程_计算机科学与技术,K_中断服务程序_计算机科学与技术,1,"[0.03257482498884201, 0.9674252271652222]","[0.01204508263617754, 0.9879549145698547]"
K_随机存储器_计算机科学与技术,K_段表_计算机科学与技术,1,"[0.11904829740524292, 0.8809516429901123]","[0.22270847856998444, 0.7772915363311768]"
K_中断优先级_计算机科学与技术,K_缺页中断_计算机科学与技术,1,"[0.047216709703207016, 0.9527832269668579]","[0.02428343892097473, 0.9757164716720581]"
K_调度程序_计算机科学与技术,K_内核服务_计算机科学与技术,1,"[0.11632785946130753, 0.8836721181869507]","[0.14271943271160126, 0.8572806119918823]"
K_内核空间_计算机科学与技术,K_嵌入式操作系统_计算机科学与技术,1,"[0.019876765087246895, 0.9801232218742371]","[0.018319522961974144, 0.9816805720329285]"
K_虚拟内存_计算机科学与技术,K_段式存储管理_计算机科学与技术,1,"[0.033133771270513535, 0.9668661952018738]","[0.03304964676499367, 0.9669503569602966]"
K_分区表_计算机科学与技术,K_重新启动_计算机科学与技术,1,"[0.015150696039199829, 0.9848492741584778]","[0.0032181870192289352, 0.9967818260192871]"
K_局域网络_计算机科学与技术,K_远程系统_计算机科学与技术,1,"[0.024577373638749123, 0.9754226207733154]","[0.0048047336749732494, 0.9951952695846558]"
K_段表_计算机科学与技术,K_进程复制_计算机科学与技术,1,"[0.007830650545656681, 0.9921693205833435]","[0.00960640050470829, 0.9903935790061951]"
K_远程访问_计算机科学与技术,K_内部网关协议_计算机科学与技术,1,"[0.2496572881937027, 0.7503426671028137]","[0.48772528767585754, 0.5122746229171753]"
K_线程控制块_计算机科学与技术,K_嵌入式操作系统_计算机科学与技术,1,"[0.04558683931827545, 0.9544131755828857]","[0.07542747259140015, 0.9245725274085999]"
K_中断控制器_计算机科学与技术,K_同步控制_计算机科学与技术,1,"[0.02087169885635376, 0.9791283011436462]","[0.007853835821151733, 0.9921461343765259]"
K_执行开销_计算机科学与技术,K_执行系统_计算机科学与技术,1,"[0.03262244910001755, 0.9673775434494019]","[0.030387630686163902, 0.9696123600006104]"
K_面向对象编程_计算机科学与技术,K_线程管理_计算机科学与技术,1,"[0.04451847821474075, 0.9554815292358398]","[0.015181087888777256, 0.9848189353942871]"
K_阻塞接收_计算机科学与技术,K_介质访问控制_计算机科学与技术,1,"[0.015699129551649094, 0.9843008518218994]","[0.018683522939682007, 0.9813164472579956]"
K_可预测性_计算机科学与技术,K_计数排序_计算机科学与技术,1,"[0.09110189974308014, 0.908898115158081]","[0.014553028158843517, 0.9854469895362854]"
K_冲突检测_计算机科学与技术,K_批处理系统_计算机科学与技术,1,"[0.01677742786705494, 0.9832226037979126]","[0.009803482331335545, 0.9901965856552124]"
K_系统内核_计算机科学与技术,K_调度程序_计算机科学与技术,1,"[0.021400731056928635, 0.9785993099212646]","[0.008146164938807487, 0.9918538928031921]"
K_路由选择信息协议_计算机科学与技术,K_协议数据单元_计算机科学与技术,1,"[0.18006445467472076, 0.8199355602264404]","[0.27653950452804565, 0.7234604358673096]"
K_内核服务_计算机科学与技术,K_文件子系统_计算机科学与技术,1,"[0.043995629996061325, 0.9560043811798096]","[0.022209370508790016, 0.9777905941009521]"
K_动态分配内存_计算机科学与技术,K_进程调度_计算机科学与技术,1,"[0.040265653282403946, 0.959734320640564]","[0.01641145534813404, 0.9835885763168335]"
K_储存空间_计算机科学与技术,K_虚拟存储管理_计算机科学与技术,1,"[0.006318881642073393, 0.9936811327934265]","[0.0015519601292908192, 0.9984480142593384]"
K_文件子系统_计算机科学与技术,K_多用户系统_计算机科学与技术,1,"[0.1113419234752655, 0.8886581063270569]","[0.11656595021486282, 0.8834340572357178]"
K_二进制编码_计算机科学与技术,K_二进制信号_计算机科学与技术,1,"[0.1137305498123169, 0.8862693905830383]","[0.05142303556203842, 0.9485769271850586]"
K_程序指令_计算机科学与技术,K_协调机制_计算机科学与技术,1,"[0.017909884452819824, 0.9820901155471802]","[0.002585504436865449, 0.9974145293235779]"
K_有线网络_计算机科学与技术,K_阻塞接收_计算机科学与技术,1,"[0.3419997990131378, 0.6580002307891846]","[0.4480336904525757, 0.5519662499427795]"
K_记录结构_计算机科学与技术,K_内存管理单元_计算机科学与技术,1,"[0.031190555542707443, 0.9688093662261963]","[0.013079579919576645, 0.9869204759597778]"
K_指令缓存_计算机科学与技术,K_嵌入式操作系统_计算机科学与技术,1,"[0.016185961663722992, 0.983814001083374]","[0.007108952850103378, 0.9928910136222839]"
K_逻辑分区_计算机科学与技术,K_线程管理_计算机科学与技术,1,"[0.019522227346897125, 0.9804778099060059]","[0.004156519193202257, 0.9958434700965881]"
K_输出通道_计算机科学与技术,K_程序检测_计算机科学与技术,1,"[0.04781857505440712, 0.9521814584732056]","[0.02187531068921089, 0.9781246781349182]"
K_存储分配_计算机科学与技术,K_虚拟存储管理_计算机科学与技术,1,"[0.018217766657471657, 0.9817822575569153]","[0.012614944949746132, 0.9873850345611572]"
K_程序指令_计算机科学与技术,K_软中断_计算机科学与技术,1,"[0.011900557205080986, 0.9880994558334351]","[0.0018597305752336979, 0.9981402158737183]"
K_顺序存储器_计算机科学与技术,K_指令指针寄存器_计算机科学与技术,1,"[0.08004158735275269, 0.9199584722518921]","[0.020768146961927414, 0.9792318940162659]"
K_控制总线_计算机科学与技术,K_控制流分析_计算机科学与技术,1,"[0.03198319673538208, 0.9680168032646179]","[0.018226739019155502, 0.9817732572555542]"
K_协调机制_计算机科学与技术,K_中断系统_计算机科学与技术,1,"[0.021110475063323975, 0.9788895845413208]","[0.012567106634378433, 0.9874329566955566]"
K_访问冲突_计算机科学与技术,K_冲突检测_计算机科学与技术,1,"[0.13734638690948486, 0.8626536130905151]","[0.16979745030403137, 0.830202579498291]"
K_中断信号_计算机科学与技术,K_中断控制器_计算机科学与技术,1,"[0.007254238240420818, 0.9927457571029663]","[0.002719252835959196, 0.9972807168960571]"
K_线程管理_计算机科学与技术,K_并行编译_计算机科学与技术,1,"[0.057112012058496475, 0.9428880214691162]","[0.011109089478850365, 0.9888908863067627]"
K_互联网协议_计算机科学与技术,K_有线网络_计算机科学与技术,1,"[0.0879015401005745, 0.9120984673500061]","[0.20459401607513428, 0.7954059839248657]"
K_分区表_计算机科学与技术,K_内存管理单元_计算机科学与技术,1,"[0.008438576012849808, 0.9915614128112793]","[0.0021404018625617027, 0.9978596568107605]"
K_连接请求_计算机科学与技术,K_有线网络_计算机科学与技术,1,"[0.019695959985256195, 0.9803040623664856]","[0.06929299980401993, 0.9307070374488831]"
K_子程序调用指令_计算机科学与技术,K_扫描程序_计算机科学与技术,1,"[0.10481499880552292, 0.8951849937438965]","[0.19256478548049927, 0.8074352145195007]"
K_系统内核_计算机科学与技术,K_中断服务程序_计算机科学与技术,1,"[0.019794125109910965, 0.9802058935165405]","[0.0015716475900262594, 0.9984283447265625]"
K_程序状态字寄存器_计算机科学与技术,K_进程调度_计算机科学与技术,1,"[0.014393892139196396, 0.9856060743331909]","[0.010344836860895157, 0.9896551370620728]"
K_虚拟地址空间_计算机科学与技术,K_虚拟存储管理_计算机科学与技术,1,"[0.011850300244987011, 0.9881497025489807]","[0.009389893151819706, 0.9906101226806641]"
K_控制块_计算机科学与技术,K_远程访问_计算机科学与技术,1,"[0.013147194869816303, 0.986852765083313]","[0.008424700237810612, 0.9915752410888672]"
K_协调机制_计算机科学与技术,K_分布式操作系统_计算机科学与技术,1,"[0.04477069526910782, 0.9552293419837952]","[0.011327959597110748, 0.9886720776557922]"
K_相对地址_计算机科学与技术,K_多用户系统_计算机科学与技术,1,"[0.02812594547867775, 0.9718740582466125]","[0.005894788540899754, 0.9941052198410034]"
K_分页_计算机科学与技术,K_中断机制_计算机科学与技术,1,"[0.07763782888650894, 0.922362208366394]","[0.10085555911064148, 0.8991444110870361]"
K_分区表_计算机科学与技术,K_存储分配_计算机科学与技术,1,"[0.01168624497950077, 0.9883137345314026]","[0.004594428930431604, 0.9954055547714233]"
K_内核空间_计算机科学与技术,K_进程调度_计算机科学与技术,1,"[0.01573178358376026, 0.9842681884765625]","[0.011172045953571796, 0.9888279438018799]"
K_内存管理单元_计算机科学与技术,K_缺页中断_计算机科学与技术,1,"[0.09069844335317612, 0.9093015789985657]","[0.0695093423128128, 0.9304906725883484]"
K_内部程序_计算机科学与技术,K_命令行接口_计算机科学与技术,1,"[0.09180900454521179, 0.9081910252571106]","[0.0709746778011322, 0.9290252923965454]"
K_点到点连接_计算机科学与技术,K_快速以太网_计算机科学与技术,1,"[0.22695499658584595, 0.773045003414154]","[0.2605219781398773, 0.7394780516624451]"
K_非对称数字用户线_计算机科学与技术,K_连接请求_计算机科学与技术,1,"[0.12784552574157715, 0.8721544742584229]","[0.3537454605102539, 0.6462545394897461]"
K_逻辑地址空间_计算机科学与技术,K_分布式操作系统_计算机科学与技术,1,"[0.012680424377322197, 0.9873195886611938]","[0.01155676506459713, 0.9884432554244995]"
K_程序状态字寄存器_计算机科学与技术,K_内部中断_计算机科学与技术,1,"[0.014623478055000305, 0.9853765368461609]","[0.005395924672484398, 0.9946041107177734]"
K_局域网络_计算机科学与技术,K_网络文件系统_计算机科学与技术,1,"[0.028349410742521286, 0.9716506004333496]","[0.006872509140521288, 0.9931274652481079]"
K_路由协议_计算机科学与技术,K_互连网络_计算机科学与技术,1,"[0.02949918806552887, 0.9705008268356323]","[0.038924675434827805, 0.9610753059387207]"
K_调用程序_计算机科学与技术,K_交叉编译_计算机科学与技术,1,"[0.08165237307548523, 0.9183475971221924]","[0.1281055510044098, 0.8718944787979126]"
K_辅助存储器_计算机科学与技术,K_缓存_计算机科学与技术,1,"[0.03586855158209801, 0.9641314744949341]","[0.059745341539382935, 0.9402546286582947]"
K_时间约束_计算机科学与技术,K_系统中断_计算机科学与技术,1,"[0.061236098408699036, 0.9387639760971069]","[0.06353804469108582, 0.9364619851112366]"
K_访问策略_计算机科学与技术,K_远程访问_计算机科学与技术,1,"[0.04029226303100586, 0.9597077369689941]","[0.022085990756750107, 0.977914035320282]"
K_子程序调用指令_计算机科学与技术,K_加载程序_计算机科学与技术,1,"[0.06154787540435791, 0.9384521245956421]","[0.032791223376989365, 0.967208743095398]"
K_指令缓存_计算机科学与技术,K_编译系统_计算机科学与技术,1,"[0.00695857685059309, 0.9930413961410522]","[0.001079769222997129, 0.998920202255249]"
K_二进制编码_计算机科学与技术,K_交换过程_计算机科学与技术,1,"[0.14141494035720825, 0.858585000038147]","[0.04847678169608116, 0.9515231847763062]"
K_虚拟化技术_计算机科学与技术,K_线程管理_计算机科学与技术,1,"[0.047217242419719696, 0.9527827501296997]","[0.024033205583691597, 0.97596675157547]"
K_多级反馈队列_计算机科学与技术,K_服务系统_计算机科学与技术,1,"[0.6145116090774536, 0.3854883909225464]","[0.17225486040115356, 0.8277450799942017]"
K_中断信号_计算机科学与技术,K_允许中断_计算机科学与技术,1,"[0.006936489604413509, 0.9930634498596191]","[0.008738242089748383, 0.9912617802619934]"
K_准入控制_计算机科学与技术,K_本地终端_计算机科学与技术,1,"[0.057435810565948486, 0.9425641298294067]","[0.02931244671344757, 0.9706875085830688]"
K_系统调用表_计算机科学与技术,K_动态管理_计算机科学与技术,1,"[0.04342760890722275, 0.956572413444519]","[0.05801882594823837, 0.9419812560081482]"
K_存储分配_计算机科学与技术,K_文件管理_计算机科学与技术,1,"[0.026486268267035484, 0.9735137224197388]","[0.015399801544845104, 0.9846001863479614]"
K_逻辑地址空间_计算机科学与技术,K_编译系统_计算机科学与技术,1,"[0.007356501184403896, 0.9926435351371765]","[0.009015819989144802, 0.9909841418266296]"
K_高速缓存_计算机科学与技术,K_内核服务_计算机科学与技术,1,"[0.026364168152213097, 0.9736358523368835]","[0.029443155974149704, 0.9705568552017212]"
K_连接请求_计算机科学与技术,K_互连网络_计算机科学与技术,1,"[0.007917515933513641, 0.9920825362205505]","[0.00552726723253727, 0.9944727420806885]"
K_操作命令_计算机科学与技术,K_命令接口_计算机科学与技术,1,"[0.0168940220028162, 0.9831059575080872]","[0.005210816860198975, 0.994789183139801]"
K_动态调度_计算机科学与技术,K_并行编译_计算机科学与技术,1,"[0.05883122980594635, 0.9411687850952148]","[0.028102144598960876, 0.9718978404998779]"
K_互连网络_计算机科学与技术,K_多媒体通信_计算机科学与技术,1,"[0.23015044629573822, 0.7698495388031006]","[0.07322385907173157, 0.926776111125946]"
K_特权指令_计算机科学与技术,K_嵌入式操作系统_计算机科学与技术,1,"[0.02201840654015541, 0.977981686592102]","[0.01988639123737812, 0.9801135659217834]"
K_并行编译_计算机科学与技术,K_多处理器调度_计算机科学与技术,1,"[0.07170102745294571, 0.9282990097999573]","[0.05692583695054054, 0.9430741667747498]"
K_协议数据单元_计算机科学与技术,K_路由协议_计算机科学与技术,1,"[0.5418596863746643, 0.4581403136253357]","[0.48982149362564087, 0.5101785063743591]"
K_二进制编码_计算机科学与技术,K_密码_计算机科学与技术,1,"[0.08545968681573868, 0.9145402908325195]","[0.02113053947687149, 0.9788694381713867]"
K_中断信号_计算机科学与技术,K_连接建立_计算机科学与技术,1,"[0.02043141797184944, 0.979568600654602]","[0.01541479118168354, 0.984585165977478]"
K_内部中断_计算机科学与技术,K_多处理器调度_计算机科学与技术,1,"[0.011968507431447506, 0.9880315065383911]","[0.0016242081765085459, 0.9983757734298706]"
K_虚拟内存_计算机科学与技术,K_虚拟化技术_计算机科学与技术,1,"[0.03964449092745781, 0.9603555202484131]","[0.013260824605822563, 0.9867391586303711]"
K_执行状态_计算机科学与技术,K_中断服务程序_计算机科学与技术,1,"[0.04842691868543625, 0.9515731334686279]","[0.016612689942121506, 0.983387291431427]"
K_逻辑分区_计算机科学与技术,K_虚拟内存_计算机科学与技术,1,"[0.032097309827804565, 0.967902660369873]","[0.01501929946243763, 0.9849807024002075]"
K_指令流_计算机科学与技术,K_重新执行_计算机科学与技术,1,"[0.01728983409702778, 0.9827102422714233]","[0.0044469041749835014, 0.9955531358718872]"
K_段长度_计算机科学与技术,K_编译系统_计算机科学与技术,1,"[0.016229333356022835, 0.9837707281112671]","[0.003329058177769184, 0.9966709017753601]"
K_允许中断_计算机科学与技术,K_中断服务程序_计算机科学与技术,1,"[0.012845925986766815, 0.9871541261672974]","[0.002962252823635936, 0.9970377683639526]"
K_中断机制_计算机科学与技术,K_内部中断_计算机科学与技术,1,"[0.01740127243101597, 0.9825987219810486]","[0.009126816876232624, 0.9908732175827026]"
K_准入控制_计算机科学与技术,K_虚拟化技术_计算机科学与技术,1,"[0.02822345681488514, 0.9717764854431152]","[0.007231954485177994, 0.9927680492401123]"
K_存储芯片_计算机科学与技术,K_嵌入式操作系统_计算机科学与技术,1,"[0.019105903804302216, 0.9808940887451172]","[0.007521548308432102, 0.9924784302711487]"
K_段表_计算机科学与技术,K_进程调度_计算机科学与技术,1,"[0.007508859038352966, 0.9924911856651306]","[0.008516778238117695, 0.991483211517334]"
K_中断机制_计算机科学与技术,K_缺页_计算机科学与技术,1,"[0.07838038355112076, 0.9216196537017822]","[0.12581908702850342, 0.8741809129714966]"
K_二进制数字_计算机科学与技术,K_允许中断_计算机科学与技术,1,"[0.13406798243522644, 0.8659319877624512]","[0.09811027348041534, 0.9018898010253906]"
K_外部资源_计算机科学与技术,K_中间件_计算机科学与技术,1,"[0.6341598629951477, 0.3658401668071747]","[0.24174991250038147, 0.7582501173019409]"
K_缺页中断_计算机科学与技术,K_文件管理_计算机科学与技术,1,"[0.018094396218657494, 0.9819055795669556]","[0.03090752847492695, 0.9690924286842346]"
K_存储芯片_计算机科学与技术,K_FAT文件系统_计算机科学与技术,1,"[0.01684015803039074, 0.9831598997116089]","[0.0026080466341227293, 0.997391939163208]"
K_处理流程_计算机科学与技术,K_批处理系统_计算机科学与技术,1,"[0.048801206052303314, 0.9511988162994385]","[0.017952878028154373, 0.9820471405982971]"
K_外部中断_计算机科学与技术,K_缺页_计算机科学与技术,1,"[0.047743406146764755, 0.9522565603256226]","[0.08054754137992859, 0.919452428817749]"
K_处理器调度_计算机科学与技术,K_服务系统_计算机科学与技术,1,"[0.04616520553827286, 0.9538347721099854]","[0.01314848568290472, 0.9868515133857727]"
K_活动分区_计算机科学与技术,K_分布式操作系统_计算机科学与技术,1,"[0.03097599744796753, 0.9690240621566772]","[0.005046183243393898, 0.9949538111686707]"
K_存储分配_计算机科学与技术,K_段式存储管理_计算机科学与技术,1,"[0.024182569235563278, 0.9758174419403076]","[0.018344949930906296, 0.9816550612449646]"
K_系统中断_计算机科学与技术,K_中断系统_计算机科学与技术,1,"[0.013651492074131966, 0.9863485097885132]","[0.0030540681909769773, 0.9969459772109985]"
K_虚拟地址空间_计算机科学与技术,K_高速缓存_计算机科学与技术,1,"[0.02790902554988861, 0.9720909595489502]","[0.02463243156671524, 0.9753676056861877]"
K_输出通道_计算机科学与技术,K_数据流分析_计算机科学与技术,1,"[0.07822081446647644, 0.9217791557312012]","[0.03609585016965866, 0.9639041423797607]"
K_中断系统_计算机科学与技术,K_通用操作系统_计算机科学与技术,1,"[0.053821079432964325, 0.9461789131164551]","[0.015113810077309608, 0.9848861694335938]"
K_程序指令_计算机科学与技术,K_服务系统_计算机科学与技术,1,"[0.008124241605401039, 0.9918757677078247]","[0.000637599325273186, 0.9993623495101929]"
K_准入控制_计算机科学与技术,K_互操作_计算机科学与技术,1,"[0.063906729221344, 0.936093270778656]","[0.02426343970000744, 0.9757365584373474]"
K_执行状态_计算机科学与技术,K_死锁检测_计算机科学与技术,1,"[0.13290318846702576, 0.8670968413352966]","[0.1730004847049713, 0.8269995450973511]"
K_可预测性_计算机科学与技术,K_概率_计算机科学与技术,1,"[0.5975809097290039, 0.4024190902709961]","[0.1656152307987213, 0.8343847393989563]"
K_顺序存储器_计算机科学与技术,K_存储分配_计算机科学与技术,1,"[0.04487799108028412, 0.9551219940185547]","[0.01635778695344925, 0.9836422204971313]"
K_中断系统_计算机科学与技术,K_中断服务程序_计算机科学与技术,1,"[0.05713901296257973, 0.9428609609603882]","[0.008859069086611271, 0.9911408424377441]"
K_二进制信号_计算机科学与技术,K_伪码_计算机科学与技术,1,"[0.06917086243629456, 0.9308291673660278]","[0.11151036620140076, 0.8884896039962769]"
K_程序状态字_计算机科学与技术,K_通用操作系统_计算机科学与技术,1,"[0.028995664790272713, 0.9710043668746948]","[0.012594537809491158, 0.9874054789543152]"
K_外部中断_计算机科学与技术,K_调度策略_计算机科学与技术,1,"[0.013523018918931484, 0.9864770174026489]","[0.022773630917072296, 0.9772264361381531]"
K_硬件故障_计算机科学与技术,K_安全模式_计算机科学与技术,1,"[0.6068074107170105, 0.3931926190853119]","[0.47699663043022156, 0.5230034589767456]"
K_发送信号_计算机科学与技术,K_动态更新_计算机科学与技术,1,"[0.054880380630493164, 0.9451196193695068]","[0.014183370396494865, 0.9858165979385376]"
K_非法指令_计算机科学与技术,K_嵌入式控制器_计算机科学与技术,1,"[0.08692940324544907, 0.913070559501648]","[0.03130192309617996, 0.9686980843544006]"
K_大容量存储器_计算机科学与技术,K_存储分配_计算机科学与技术,1,"[0.02772952988743782, 0.9722704887390137]","[0.007525096647441387, 0.9924748539924622]"
K_载波侦听_计算机科学与技术,K_非对称数字用户线_计算机科学与技术,1,"[0.22215744853019714, 0.7778425216674805]","[0.09025996178388596, 0.9097400903701782]"
K_错误代码_计算机科学与技术,K_软中断_计算机科学与技术,1,"[0.031166862696409225, 0.9688331484794617]","[0.018684491515159607, 0.9813154935836792]"
K_硬件故障_计算机科学与技术,K_启动程序_计算机科学与技术,1,"[0.029699616134166718, 0.9703004360198975]","[0.011174228973686695, 0.988825798034668]"
K_逻辑地址空间_计算机科学与技术,K_内核服务_计算机科学与技术,1,"[0.01441105455160141, 0.9855889678001404]","[0.03004631958901882, 0.969953715801239]"
K_局域网络_计算机科学与技术,K_内部网关协议_计算机科学与技术,1,"[0.09347337484359741, 0.9065265655517578]","[0.0697886049747467, 0.9302113652229309]"
K_数字信息_计算机科学与技术,K_路由选择信息协议_计算机科学与技术,1,"[0.0339636355638504, 0.9660364389419556]","[0.009669250808656216, 0.990330696105957]"
K_禁止中断_计算机科学与技术,K_允许中断_计算机科学与技术,1,"[0.02603725902736187, 0.9739627242088318]","[0.06755203753709793, 0.9324479699134827]"
K_中断系统_计算机科学与技术,K_管理子系统_计算机科学与技术,1,"[0.05661429092288017, 0.9433857202529907]","[0.013567646965384483, 0.9864323139190674]"
K_面向连接的协议_计算机科学与技术,K_电话系统_计算机科学与技术,1,"[0.04211932420730591, 0.9578807353973389]","[0.026467910036444664, 0.9735320806503296]"
K_子程序调用指令_计算机科学与技术,K_系统调用表_计算机科学与技术,1,"[0.04489770531654358, 0.9551023244857788]","[0.021774649620056152, 0.9782253503799438]"
K_系统内核_计算机科学与技术,K_写访问_计算机科学与技术,1,"[0.06082539260387421, 0.9391746520996094]","[0.02662504091858864, 0.9733749628067017]"
K_开中断_计算机科学与技术,K_禁止中断_计算机科学与技术,1,"[0.01522744633257389, 0.9847725629806519]","[0.011321665719151497, 0.9886783361434937]"
K_操作命令_计算机科学与技术,K_错误代码_计算机科学与技术,1,"[0.019242551177740097, 0.980757474899292]","[0.006175075192004442, 0.9938249588012695]"
K_逻辑地址空间_计算机科学与技术,K_段式存储管理_计算机科学与技术,1,"[0.01243531797081232, 0.9875646829605103]","[0.044565923511981964, 0.9554340839385986]"
K_路由选择信息协议_计算机科学与技术,K_远程访问_计算机科学与技术,1,"[0.028660042211413383, 0.9713399410247803]","[0.022438470274209976, 0.9775615930557251]"
K_控制总线_计算机科学与技术,K_X86架构_计算机科学与技术,1,"[0.04750059172511101, 0.9524993896484375]","[0.014868323691189289, 0.9851316809654236]"
K_允许中断_计算机科学与技术,K_虚拟存储管理_计算机科学与技术,1,"[0.01415204256772995, 0.9858479499816895]","[0.013628030195832253, 0.9863719344139099]"
K_连接请求_计算机科学与技术,K_域名系统_计算机科学与技术,1,"[0.02807578258216381, 0.9719242453575134]","[0.03847213834524155, 0.9615278840065002]"
K_列地址_计算机科学与技术,K_变址寄存器_计算机科学与技术,1,"[0.12906086444854736, 0.8709391355514526]","[0.43123573064804077, 0.5687642693519592]"
K_中断服务程序_计算机科学与技术,K_处理器调度_计算机科学与技术,1,"[0.045991040766239166, 0.9540089964866638]","[0.056281331926584244, 0.943718671798706]"
K_系统中断_计算机科学与技术,K_嵌入式操作系统_计算机科学与技术,1,"[0.03298627957701683, 0.9670137166976929]","[0.015590513125061989, 0.9844094514846802]"
K_页帧_计算机科学与技术,K_系统中断_计算机科学与技术,1,"[0.06691920757293701, 0.933080792427063]","[0.023419957607984543, 0.976580023765564]"
K_中断机制_计算机科学与技术,K_死锁预防_计算机科学与技术,1,"[0.1020122766494751, 0.8979877233505249]","[0.14995411038398743, 0.850045919418335]"
K_目录结构_计算机科学与技术,K_中断系统_计算机科学与技术,1,"[0.021438907831907272, 0.9785610437393188]","[0.008203127421438694, 0.9917968511581421]"
K_互联网协议_计算机科学与技术,K_连接请求_计算机科学与技术,1,"[0.11702898889780045, 0.8829710483551025]","[0.11200772970914841, 0.887992262840271]"
K_数字信息_计算机科学与技术,K_共享文件_计算机科学与技术,1,"[0.1252497136592865, 0.8747502565383911]","[0.023136157542467117, 0.9768638610839844]"
K_中断控制_计算机科学与技术,K_数据流分析_计算机科学与技术,1,"[0.055330030620098114, 0.9446699619293213]","[0.005856716074049473, 0.9941433072090149]"
K_操作命令_计算机科学与技术,K_逻辑地址空间_计算机科学与技术,1,"[0.11047688871622086, 0.8895231485366821]","[0.06455757468938828, 0.9354423880577087]"
K_优先级控制_计算机科学与技术,K_嵌入式控制器_计算机科学与技术,1,"[0.06777005642652512, 0.9322299361228943]","[0.017330773174762726, 0.9826692342758179]"
K_允许中断_计算机科学与技术,K_协调机制_计算机科学与技术,1,"[0.02339937351644039, 0.9766006469726562]","[0.011914346367120743, 0.9880856275558472]"
K_外存储器_计算机科学与技术,K_虚拟盘_计算机科学与技术,1,"[0.01758098416030407, 0.9824190139770508]","[0.005478802137076855, 0.9945212006568909]"
K_储存空间_计算机科学与技术,K_随机存储器_计算机科学与技术,1,"[0.04442839324474335, 0.9555715322494507]","[0.008143527433276176, 0.9918564558029175]"
K_程序指令_计算机科学与技术,K_互操作_计算机科学与技术,1,"[0.03851557895541191, 0.961484432220459]","[0.006935722194612026, 0.993064284324646]"
K_活动分区_计算机科学与技术,K_测试驱动程序_计算机科学与技术,1,"[0.05100936442613602, 0.9489906430244446]","[0.017366882413625717, 0.982633113861084]"
K_二进制信号_计算机科学与技术,K_程序状态字寄存器_计算机科学与技术,1,"[0.022216519340872765, 0.9777834415435791]","[0.017187081277370453, 0.9828129410743713]"
K_二进制信号_计算机科学与技术,K_非法指令_计算机科学与技术,1,"[0.021570945158600807, 0.9784290790557861]","[0.01756034791469574, 0.9824396371841431]"
K_外部中断_计算机科学与技术,K_中断机制_计算机科学与技术,1,"[0.013489875942468643, 0.9865100979804993]","[0.01717117615044117, 0.9828288555145264]"
K_外存储器_计算机科学与技术,K_中断信号_计算机科学与技术,1,"[0.028759099543094635, 0.9712408781051636]","[0.0035215290263295174, 0.9964784979820251]"
K_循环冗余校验_计算机科学与技术,K_广播网络_计算机科学与技术,1,"[0.06689123064279556, 0.9331088066101074]","[0.42740893363952637, 0.5725910663604736]"
K_主存储器_计算机科学与技术,K_虚拟化技术_计算机科学与技术,1,"[0.01302328146994114, 0.9869767427444458]","[0.0014408028218895197, 0.9985592365264893]"
K_程序指令_计算机科学与技术,K_系统启动_计算机科学与技术,1,"[0.017957821488380432, 0.9820421934127808]","[0.002756913658231497, 0.9972430467605591]"
K_分区表_计算机科学与技术,K_虚拟存储管理_计算机科学与技术,1,"[0.006485100835561752, 0.993514895439148]","[0.0026998070534318686, 0.9973002076148987]"
K_文件分配_计算机科学与技术,K_死锁预防_计算机科学与技术,1,"[0.3103296458721161, 0.6896703839302063]","[0.35797882080078125, 0.6420211791992188]"
K_中断信号_计算机科学与技术,K_服务系统_计算机科学与技术,1,"[0.004666016902774572, 0.9953340291976929]","[0.0011262986809015274, 0.9988737106323242]"
K_互联网协议_计算机科学与技术,K_远程访问_计算机科学与技术,1,"[0.03574839234352112, 0.9642516374588013]","[0.004279755055904388, 0.9957202672958374]"
K_指令流_计算机科学与技术,K_指令缓存_计算机科学与技术,1,"[0.012257086113095284, 0.9877429008483887]","[0.002159058814868331, 0.9978408813476562]"
K_用户进程_计算机科学与技术,K_进程切换_计算机科学与技术,1,"[0.0460231676697731, 0.9539768099784851]","[0.12754100561141968, 0.8724589943885803]"
K_进程调度_计算机科学与技术,K_设备驱动程序_计算机科学与技术,1,"[0.08838273584842682, 0.9116172194480896]","[0.08596150577068329, 0.9140384793281555]"
K_进程创建_计算机科学与技术,K_程序转换_计算机科学与技术,1,"[0.08906961977481842, 0.9109303951263428]","[0.13377808034420013, 0.8662219047546387]"
K_软中断_计算机科学与技术,K_用户进程_计算机科学与技术,1,"[0.03540702164173126, 0.9645929336547852]","[0.0348580926656723, 0.9651418924331665]"
K_配置文件_计算机科学与技术,K_远程访问_计算机科学与技术,1,"[0.037749871611595154, 0.9622501134872437]","[0.017331674695014954, 0.9826682806015015]"
K_程序状态字寄存器_计算机科学与技术,K_就绪状态_计算机科学与技术,1,"[0.3062087595462799, 0.6937912106513977]","[0.09731370955705643, 0.902686357498169]"
K_存储分配_计算机科学与技术,K_嵌入式操作系统_计算机科学与技术,1,"[0.029708031564950943, 0.9702919721603394]","[0.018923319876194, 0.9810766577720642]"
K_控制线_计算机科学与技术,K_结束标志_计算机科学与技术,1,"[0.22588732838630676, 0.7741127014160156]","[0.08771011233329773, 0.9122898578643799]"
K_指令指针寄存器_计算机科学与技术,K_程序状态字寄存器_计算机科学与技术,1,"[0.018876422196626663, 0.9811235666275024]","[0.008313911035656929, 0.9916861057281494]"
K_系统中断_计算机科学与技术,K_中断优先级_计算机科学与技术,1,"[0.04124993830919266, 0.9587501287460327]","[0.01152070052921772, 0.9884792566299438]"
K_分时系统_计算机科学与技术,K_电话系统_计算机科学与技术,1,"[0.07037948817014694, 0.9296205639839172]","[0.22617757320404053, 0.7738224864006042]"
K_模拟环境_计算机科学与技术,K_交叉编译_计算机科学与技术,1,"[0.1625843644142151, 0.8374156951904297]","[0.12128430604934692, 0.8787157535552979]"
K_内存管理单元_计算机科学与技术,K_多进程_计算机科学与技术,1,"[0.05398952215909958, 0.946010410785675]","[0.052038200199604034, 0.9479617476463318]"
K_系统中断_计算机科学与技术,K_优先级控制_计算机科学与技术,1,"[0.033165451139211655, 0.966834545135498]","[0.006355647929012775, 0.9936443567276001]"
K_操作命令_计算机科学与技术,K_线程管理_计算机科学与技术,1,"[0.005226450972259045, 0.9947735071182251]","[0.0011705118231475353, 0.9988294839859009]"
K_程序指令_计算机科学与技术,K_引导扇区_计算机科学与技术,1,"[0.07224413752555847, 0.9277559518814087]","[0.013549579307436943, 0.9864503741264343]"
K_内核模块_计算机科学与技术,K_多处理器调度_计算机科学与技术,1,"[0.020029444247484207, 0.9799705743789673]","[0.011289115995168686, 0.988710880279541]"
K_控制线_计算机科学与技术,K_并发进程_计算机科学与技术,1,"[0.017895959317684174, 0.9821040630340576]","[0.004902616608887911, 0.9950973391532898]"
K_多处理器调度_计算机科学与技术,K_通用操作系统_计算机科学与技术,1,"[0.10153115540742874, 0.8984688520431519]","[0.07205057889223099, 0.9279494285583496]"
K_内部中断_计算机科学与技术,K_接口分析_计算机科学与技术,1,"[0.30805838108062744, 0.6919416189193726]","[0.0683652013540268, 0.931634783744812]"
K_应用环境_计算机科学与技术,K_重新安装_计算机科学与技术,1,"[0.2529323399066925, 0.7470676302909851]","[0.3593614101409912, 0.6406385898590088]"
K_指令指针寄存器_计算机科学与技术,K_管理文件_计算机科学与技术,1,"[0.009408475831151009, 0.9905915260314941]","[0.005344743840396404, 0.9946552515029907]"
K_协议数据单元_计算机科学与技术,K_互连网络_计算机科学与技术,1,"[0.04972679167985916, 0.9502731561660767]","[0.030525844544172287, 0.969474196434021]"
K_引导扇区_计算机科学与技术,K_内核空间_计算机科学与技术,1,"[0.32677799463272095, 0.673222005367279]","[0.10345965623855591, 0.8965403437614441]"
K_虚拟地址空间_计算机科学与技术,K_嵌入式操作系统_计算机科学与技术,1,"[0.019055182114243507, 0.9809447526931763]","[0.013654163107275963, 0.9863458275794983]"
K_控制线_计算机科学与技术,K_中断系统_计算机科学与技术,1,"[0.008601635694503784, 0.9913983345031738]","[0.0013957289047539234, 0.9986042976379395]"
K_开中断_计算机科学与技术,K_中断服务程序_计算机科学与技术,1,"[0.012211743742227554, 0.9877883195877075]","[0.0010131450835615396, 0.9989868402481079]"
K_保护位_计算机科学与技术,K_快速以太网_计算机科学与技术,1,"[0.0407659187912941, 0.9592341184616089]","[0.011793235316872597, 0.9882067441940308]"
K_编译技术_计算机科学与技术,K_视窗操作系统_计算机科学与技术,1,"[0.04556377977132797, 0.9544362425804138]","[0.05655728280544281, 0.943442702293396]"
K_软中断_计算机科学与技术,K_管理文件_计算机科学与技术,1,"[0.027547936886548996, 0.9724521040916443]","[0.011611842550337315, 0.988388180732727]"
K_二进制编码_计算机科学与技术,K_外部中断_计算机科学与技术,1,"[0.022940989583730698, 0.977059006690979]","[0.007692650891840458, 0.9923074245452881]"
K_允许中断_计算机科学与技术,K_访问冲突_计算机科学与技术,1,"[0.06987103074789047, 0.9301289319992065]","[0.0640488862991333, 0.9359511137008667]"
K_中断机制_计算机科学与技术,K_调用程序_计算机科学与技术,1,"[0.01808789372444153, 0.9819121360778809]","[0.011195924133062363, 0.988804042339325]"
K_外存储器_计算机科学与技术,K_辅助存储器_计算机科学与技术,1,"[0.05400343984365463, 0.9459965229034424]","[0.022936878725886345, 0.9770631194114685]"
K_复位电路_计算机科学与技术,K_中断控制器_计算机科学与技术,1,"[0.013386156409978867, 0.9866138100624084]","[0.004448370076715946, 0.9955516457557678]"
K_多处理器调度_计算机科学与技术,K_分布式操作系统_计算机科学与技术,1,"[0.1376156508922577, 0.8623843789100647]","[0.07203185558319092, 0.9279681444168091]"
K_逻辑地址空间_计算机科学与技术,K_文件分配_计算机科学与技术,1,"[0.026364898309111595, 0.9736350774765015]","[0.08929920196533203, 0.910700798034668]"
K_可预测性_计算机科学与技术,K_几何分布_计算机科学与技术,1,"[0.21122346818447113, 0.7887765169143677]","[0.015579611994326115, 0.9844203591346741]"
K_选取_计算机科学与技术,K_计数排序_计算机科学与技术,1,"[0.9105421304702759, 0.08945788443088531]","[0.9330775737762451, 0.06692242622375488]"
K_允许中断_计算机科学与技术,K_内核服务_计算机科学与技术,1,"[0.022411763668060303, 0.9775882959365845]","[0.013401798903942108, 0.9865982532501221]"
K_调度策略_计算机科学与技术,K_分布式操作系统_计算机科学与技术,1,"[0.060631006956100464, 0.9393690228462219]","[0.03163465857505798, 0.9683653116226196]"
K_中断信号_计算机科学与技术,K_系统中断_计算机科学与技术,1,"[0.0064606256783008575, 0.9935393929481506]","[0.0025545519310981035, 0.9974454045295715]"
K_指令指针寄存器_计算机科学与技术,K_动态分配内存_计算机科学与技术,1,"[0.012990898452699184, 0.9870091080665588]","[0.00608488917350769, 0.9939150810241699]"
K_可预测性_计算机科学与技术,K_图搜索_计算机科学与技术,1,"[0.3187278211116791, 0.6812722086906433]","[0.14188000559806824, 0.8581199645996094]"
K_段式存储管理_计算机科学与技术,K_进程创建_计算机科学与技术,1,"[0.04975660890340805, 0.950243353843689]","[0.14749501645565033, 0.8525049686431885]"
K_变址寄存器_计算机科学与技术,K_虚拟内存_计算机科学与技术,1,"[0.010016338899731636, 0.9899836778640747]","[0.0015316454228013754, 0.9984683394432068]"
K_控制块_计算机科学与技术,K_动态分配内存_计算机科学与技术,1,"[0.03202960267663002, 0.9679703712463379]","[0.04999866336584091, 0.9500012993812561]"
K_文件控制块_计算机科学与技术,K_文件分配_计算机科学与技术,1,"[0.09933654963970184, 0.900663435459137]","[0.2907838225364685, 0.7092162370681763]"
K_系统内核_计算机科学与技术,K_访问权_计算机科学与技术,1,"[0.053388480097055435, 0.9466115236282349]","[0.0195007286965847, 0.980499267578125]"
K_管理文件_计算机科学与技术,K_FAT文件系统_计算机科学与技术,1,"[0.07394243776798248, 0.9260575771331787]","[0.03387223929166794, 0.9661277532577515]"
K_运行时间_计算机科学与技术,K_黑箱_计算机科学与技术,1,"[0.8187618851661682, 0.18123812973499298]","[0.9872635006904602, 0.012736442498862743]"
K_网络延时_计算机科学与技术,K_互连网络_计算机科学与技术,1,"[0.037508055567741394, 0.9624918699264526]","[0.03017900139093399, 0.9698209762573242]"
K_发送信号_计算机科学与技术,K_阻塞状态_计算机科学与技术,1,"[0.1344168782234192, 0.8655831217765808]","[0.01572336256504059, 0.9842766523361206]"
K_系统配置_计算机科学与技术,K_设备驱动程序_计算机科学与技术,1,"[0.027194973081350327, 0.9728050231933594]","[0.007340964861214161, 0.9926589727401733]"
K_处理流程_计算机科学与技术,K_软中断_计算机科学与技术,1,"[0.07780463993549347, 0.922195315361023]","[0.06424610316753387, 0.9357538819313049]"
K_冲突检测_计算机科学与技术,K_通用操作系统_计算机科学与技术,1,"[0.0239303857088089, 0.9760695695877075]","[0.01816805824637413, 0.981831967830658]"
K_段长度_计算机科学与技术,K_段表_计算机科学与技术,1,"[0.07159535586833954, 0.928404688835144]","[0.029584750533103943, 0.9704152941703796]"
K_进程创建_计算机科学与技术,K_并行编译_计算机科学与技术,1,"[0.03655440732836723, 0.9634455442428589]","[0.01764083281159401, 0.9823591709136963]"
K_内核空间_计算机科学与技术,K_静态分配_计算机科学与技术,1,"[0.024675531312823296, 0.9753245115280151]","[0.046121809631586075, 0.9538781642913818]"
K_中断系统_计算机科学与技术,K_优先级控制_计算机科学与技术,1,"[0.09575852751731873, 0.9042415022850037]","[0.04404710233211517, 0.9559529423713684]"
K_可预测性_计算机科学与技术,K_同步控制_计算机科学与技术,1,"[0.006984822917729616, 0.9930151700973511]","[0.0008005164563655853, 0.9991995096206665]"
K_控制块_计算机科学与技术,K_系统配置_计算机科学与技术,1,"[0.02804458886384964, 0.971955418586731]","[0.049743425101041794, 0.9502565264701843]"
K_编译技术_计算机科学与技术,K_并行编译_计算机科学与技术,1,"[0.05724482983350754, 0.9427551627159119]","[0.022110555320978165, 0.9778894186019897]"
K_时间效率_计算机科学与技术,K_允许中断_计算机科学与技术,1,"[0.09294144064188004, 0.9070585370063782]","[0.4072891175746918, 0.5927108526229858]"
K_系统配置_计算机科学与技术,K_文件子系统_计算机科学与技术,1,"[0.027777783572673798, 0.9722222685813904]","[0.0059875608421862125, 0.9940124154090881]"
K_段表_计算机科学与技术,K_编译技术_计算机科学与技术,1,"[0.009266447275876999, 0.9907335042953491]","[0.005707611329853535, 0.9942924380302429]"
K_储存空间_计算机科学与技术,K_文件控制块_计算机科学与技术,1,"[0.010105445981025696, 0.9898945689201355]","[0.0028680390678346157, 0.9971319437026978]"
K_控制总线_计算机科学与技术,K_指令功能_计算机科学与技术,1,"[0.03874621540307999, 0.961253821849823]","[0.008030125871300697, 0.9919698238372803]"
K_子程序调用指令_计算机科学与技术,K_同步控制_计算机科学与技术,1,"[0.029985353350639343, 0.9700146317481995]","[0.015531787648797035, 0.9844682216644287]"
K_路由选择信息协议_计算机科学与技术,K_路由聚合_计算机科学与技术,1,"[0.443569540977478, 0.556430459022522]","[0.4745837450027466, 0.5254162549972534]"
K_段表_计算机科学与技术,K_开中断_计算机科学与技术,1,"[0.009172390215098858, 0.9908275604248047]","[0.007173446007072926, 0.9928265810012817]"
K_大容量存储器_计算机科学与技术,K_高速缓存_计算机科学与技术,1,"[0.030872849747538567, 0.9691271781921387]","[0.010172921232879162, 0.9898270964622498]"
K_中断机制_计算机科学与技术,K_线程控制块_计算机科学与技术,1,"[0.014759236015379429, 0.9852408170700073]","[0.018634233623743057, 0.9813657999038696]"
K_程序状态_计算机科学与技术,K_重新执行_计算机科学与技术,1,"[0.07654712349176407, 0.9234528541564941]","[0.03675534948706627, 0.9632446765899658]"
K_调度程序_计算机科学与技术,K_进程创建_计算机科学与技术,1,"[0.09898681938648224, 0.9010131359100342]","[0.25778892636299133, 0.742211103439331]"
K_变址寄存器_计算机科学与技术,K_程序状态字寄存器_计算机科学与技术,1,"[0.020971426740288734, 0.979028582572937]","[0.0023188672494143248, 0.9976811408996582]"
K_缓存_计算机科学与技术,K_调用程序_计算机科学与技术,1,"[0.018261244520545006, 0.981738805770874]","[0.13714563846588135, 0.8628543019294739]"
K_分时系统_计算机科学与技术,K_调度策略_计算机科学与技术,1,"[0.13265982270240784, 0.8673401474952698]","[0.37592291831970215, 0.6240771412849426]"
K_调用程序_计算机科学与技术,K_内部程序_计算机科学与技术,1,"[0.07687120139598846, 0.9231287240982056]","[0.2277478575706482, 0.772252082824707]"
K_虚拟内存_计算机科学与技术,K_嵌入式操作系统_计算机科学与技术,1,"[0.042419351637363434, 0.9575806856155396]","[0.03499818220734596, 0.9650018215179443]"
K_操作命令_计算机科学与技术,K_执行系统_计算机科学与技术,1,"[0.004427490755915642, 0.9955725073814392]","[0.0014451155439019203, 0.9985548853874207]"
K_内核模块_计算机科学与技术,K_禁止中断_计算机科学与技术,1,"[0.019830267876386642, 0.9801697731018066]","[0.035473477095365524, 0.9645265340805054]"
K_代码优化_计算机科学与技术,K_管理文件_计算机科学与技术,1,"[0.04704517871141434, 0.952954888343811]","[0.03791765868663788, 0.9620823264122009]"
K_访问矩阵_计算机科学与技术,K_分时系统_计算机科学与技术,1,"[0.11482429504394531, 0.8851757049560547]","[0.04697573930025101, 0.9530242681503296]"
K_方波信号_计算机科学与技术,K_编解码器_计算机科学与技术,1,"[0.05871756374835968, 0.9412824511528015]","[0.037333011627197266, 0.9626669883728027]"
K_分时系统_计算机科学与技术,K_中断服务程序_计算机科学与技术,1,"[0.0873132273554802, 0.912686824798584]","[0.04544690251350403, 0.9545530676841736]"
K_子程序调用指令_计算机科学与技术,K_测试驱动程序_计算机科学与技术,1,"[0.04829175025224686, 0.9517082571983337]","[0.019932996481657028, 0.9800670146942139]"
K_缺页_计算机科学与技术,K_软中断_计算机科学与技术,1,"[0.04901311919093132, 0.9509868621826172]","[0.05521506071090698, 0.944784939289093]"
K_冲突检测_计算机科学与技术,K_广播网络_计算机科学与技术,1,"[0.025019444525241852, 0.9749805927276611]","[0.0921378806233406, 0.9078621864318848]"
K_禁止中断_计算机科学与技术,K_程序状态_计算机科学与技术,1,"[0.059245072305202484, 0.9407549500465393]","[0.09266569465398788, 0.9073343276977539]"
K_指令指针寄存器_计算机科学与技术,K_访问冲突_计算机科学与技术,1,"[0.029697157442569733, 0.9703028202056885]","[0.01495145633816719, 0.9850485324859619]"
K_分区表_计算机科学与技术,K_文件组织_计算机科学与技术,1,"[0.01584419049322605, 0.9841558337211609]","[0.004685417748987675, 0.9953145980834961]"
K_解调器_计算机科学与技术,K_分时系统_计算机科学与技术,1,"[0.0755612850189209, 0.9244387149810791]","[0.033825308084487915, 0.9661746621131897]"
K_外部资源_计算机科学与技术,K_远程系统_计算机科学与技术,1,"[0.24688667058944702, 0.7531133890151978]","[0.01959562860429287, 0.9804043173789978]"
K_协议数据单元_计算机科学与技术,K_广播网络_计算机科学与技术,1,"[0.04847840964794159, 0.951521635055542]","[0.08955344557762146, 0.9104465842247009]"
K_分区表_计算机科学与技术,K_批处理系统_计算机科学与技术,1,"[0.004404796287417412, 0.9955952167510986]","[0.0007234774529933929, 0.9992765188217163]"
K_批处理系统_计算机科学与技术,K_实时系统_计算机科学与技术,1,"[0.1332288384437561, 0.8667712211608887]","[0.13525721430778503, 0.8647428154945374]"
K_中断机制_计算机科学与技术,K_中断服务程序_计算机科学与技术,1,"[0.012202942743897438, 0.9877970814704895]","[0.003886082675307989, 0.9961138963699341]"
K_广播网络_计算机科学与技术,K_域名系统_计算机科学与技术,1,"[0.1798934042453766, 0.8201066255569458]","[0.4298982620239258, 0.5701017379760742]"
K_内部中断_计算机科学与技术,K_引导记录_计算机科学与技术,1,"[0.18627429008483887, 0.8137257099151611]","[0.09132938086986542, 0.9086706042289734]"
K_操作命令_计算机科学与技术,K_交叉编译_计算机科学与技术,1,"[0.009425437077879906, 0.9905745387077332]","[0.002884084125980735, 0.9971158504486084]"
K_系统中断_计算机科学与技术,K_多用户系统_计算机科学与技术,1,"[0.02111257053911686, 0.9788874387741089]","[0.005212291143834591, 0.9947876930236816]"
K_控制总线_计算机科学与技术,K_操作命令_计算机科学与技术,1,"[0.038055893033742905, 0.9619441032409668]","[0.00900613609701395, 0.990993857383728]"
K_文件子系统_计算机科学与技术,K_批处理系统_计算机科学与技术,1,"[0.06364232301712036, 0.9363576173782349]","[0.04405707120895386, 0.9559429287910461]"
K_顺序存储器_计算机科学与技术,K_辅助存储器_计算机科学与技术,1,"[0.13682027161121368, 0.8631796836853027]","[0.05662005394697189, 0.9433798789978027]"
K_存储分配_计算机科学与技术,K_辅助存储器_计算机科学与技术,1,"[0.11892435699701309, 0.8810756206512451]","[0.082938052713871, 0.917061984539032]"
K_二路归并_计算机科学与技术,K_快速排序_计算机科学与技术,1,"[0.8043233752250671, 0.19567663967609406]","[0.8595362305641174, 0.14046379923820496]"
K_方波信号_计算机科学与技术,K_设备驱动程序_计算机科学与技术,1,"[0.014810658991336823, 0.9851893186569214]","[0.0035052893217653036, 0.9964946508407593]"
K_文件分配_计算机科学与技术,K_通用操作系统_计算机科学与技术,1,"[0.04622819647192955, 0.9537718296051025]","[0.01932946965098381, 0.9806705117225647]"
K_编译系统_计算机科学与技术,K_通用操作系统_计算机科学与技术,1,"[0.06539149582386017, 0.9346084594726562]","[0.021877242252230644, 0.9781227707862854]"
K_编解码器_计算机科学与技术,K_访问权_计算机科学与技术,1,"[0.06553364545106888, 0.9344663023948669]","[0.025811053812503815, 0.9741889238357544]"
K_指令译码器_计算机科学与技术,K_特权指令_计算机科学与技术,1,"[0.020408494397997856, 0.9795914888381958]","[0.004765996243804693, 0.9952340126037598]"
K_系统中断_计算机科学与技术,K_死锁避免_计算机科学与技术,1,"[0.1932520568370819, 0.8067479729652405]","[0.10026200115680695, 0.8997379541397095]"
K_非法指令_计算机科学与技术,K_禁止中断_计算机科学与技术,1,"[0.03714851289987564, 0.9628514647483826]","[0.031180400401353836, 0.9688196182250977]"
K_段表_计算机科学与技术,K_段式存储管理_计算机科学与技术,1,"[0.007996474392712116, 0.9920035004615784]","[0.012228108942508698, 0.9877718687057495]"
K_中断控制器_计算机科学与技术,K_恢复机制_计算机科学与技术,1,"[0.04917386919260025, 0.9508261680603027]","[0.017145095393061638, 0.9828548431396484]"
K_程序状态字寄存器_计算机科学与技术,K_开中断_计算机科学与技术,1,"[0.013848603703081608, 0.986151397228241]","[0.008399143815040588, 0.9916008710861206]"
K_记录结构_计算机科学与技术,K_内部程序_计算机科学与技术,1,"[0.03609973564743996, 0.9639003276824951]","[0.026282206177711487, 0.9737178087234497]"
K_非屏蔽双绞线_计算机科学与技术,K_局域网络_计算机科学与技术,1,"[0.262997567653656, 0.7370024919509888]","[0.05268452316522598, 0.9473154544830322]"
K_数字信息_计算机科学与技术,K_分区表_计算机科学与技术,1,"[0.040780581533908844, 0.9592194557189941]","[0.00534879369661212, 0.9946512579917908]"
K_中断控制_计算机科学与技术,K_X86架构_计算机科学与技术,1,"[0.048668935894966125, 0.9513310194015503]","[0.008264007046818733, 0.9917359948158264]"
K_中断控制_计算机科学与技术,K_中断服务程序_计算机科学与技术,1,"[0.014511644840240479, 0.9854882955551147]","[0.000843255256768316, 0.9991567134857178]"
K_程序指令_计算机科学与技术,K_系统中断_计算机科学与技术,1,"[0.011050165630877018, 0.9889498949050903]","[0.001485358690842986, 0.9985146522521973]"
K_设备驱动程序_计算机科学与技术,K_执行系统_计算机科学与技术,1,"[0.03709544986486435, 0.9629045724868774]","[0.043063171207904816, 0.956936776638031]"
K_同步控制_计算机科学与技术,K_代码优化_计算机科学与技术,1,"[0.07825098186731339, 0.9217489957809448]","[0.0888148695230484, 0.9111851453781128]"
K_线程控制块_计算机科学与技术,K_编译系统_计算机科学与技术,1,"[0.019500724971294403, 0.980499267578125]","[0.011285046115517616, 0.9887149333953857]"
K_操作命令_计算机科学与技术,K_接口分析_计算机科学与技术,1,"[0.20688602328300476, 0.7931139469146729]","[0.08563030511140823, 0.9143697023391724]"
K_面向对象编程_计算机科学与技术,K_代码优化_计算机科学与技术,1,"[0.12515586614608765, 0.8748440742492676]","[0.07637997716665268, 0.9236200451850891]"
K_指令流_计算机科学与技术,K_中断系统_计算机科学与技术,1,"[0.004828238859772682, 0.9951717853546143]","[0.0010613632621243596, 0.9989386200904846]"
K_伪码_计算机科学与技术,K_内部中断_计算机科学与技术,1,"[0.10462711751461029, 0.8953728675842285]","[0.06596622616052628, 0.9340338110923767]"
K_高速缓存_计算机科学与技术,K_启动程序_计算机科学与技术,1,"[0.035017192363739014, 0.9649828672409058]","[0.04926714301109314, 0.9507328271865845]"
K_变址寄存器_计算机科学与技术,K_功能块_计算机科学与技术,1,"[0.24978326261043549, 0.7502167224884033]","[0.09683497250080109, 0.9031649827957153]"
K_文件组织_计算机科学与技术,K_视窗操作系统_计算机科学与技术,1,"[0.11506115645170212, 0.8849388360977173]","[0.2866443395614624, 0.7133556604385376]"
K_指令译码器_计算机科学与技术,K_指令功能_计算机科学与技术,1,"[0.023832911625504494, 0.9761670231819153]","[0.004169262945652008, 0.9958308339118958]"
K_路由选择信息协议_计算机科学与技术,K_局域网络_计算机科学与技术,1,"[0.04719316586852074, 0.952806830406189]","[0.11775431036949158, 0.8822457194328308]"
K_变址寄存器_计算机科学与技术,K_段表_计算机科学与技术,1,"[0.024932894855737686, 0.9750670790672302]","[0.003839914919808507, 0.9961601495742798]"
K_内核空间_计算机科学与技术,K_编译技术_计算机科学与技术,1,"[0.021127205342054367, 0.9788728356361389]","[0.007974604144692421, 0.9920253753662109]"
K_命令接口_计算机科学与技术,K_BASIC语言_计算机科学与技术,1,"[0.3113473057746887, 0.6886526346206665]","[0.48449939489364624, 0.5155006051063538]"
K_阻塞接收_计算机科学与技术,K_快速以太网_计算机科学与技术,1,"[0.013260181993246078, 0.9867398142814636]","[0.005292202346026897, 0.9947078227996826]"
K_可预测性_计算机科学与技术,K_冲突检测_计算机科学与技术,1,"[0.020732661709189415, 0.9792673587799072]","[0.00413395743817091, 0.9958661198616028]"
K_发送信号_计算机科学与技术,K_节点对_计算机科学与技术,1,"[0.42906975746154785, 0.5709302425384521]","[0.45380136370658875, 0.5461986064910889]"
K_中断控制_计算机科学与技术,K_进程复制_计算机科学与技术,1,"[0.019675008952617645, 0.9803249835968018]","[0.004931545816361904, 0.9950684309005737]"
K_视窗操作系统_计算机科学与技术,K_应用环境_计算机科学与技术,1,"[0.29544034600257874, 0.7045596837997437]","[0.5337294340133667, 0.4662705659866333]"
K_中断控制_计算机科学与技术,K_即插即用_计算机科学与技术,1,"[0.26431503891944885, 0.7356849908828735]","[0.07230621576309204, 0.927693784236908]"
K_高速总线_计算机科学与技术,K_中断机制_计算机科学与技术,1,"[0.022155772894620895, 0.9778441786766052]","[0.015195934101939201, 0.9848040342330933]"
K_占用空间_计算机科学与技术,K_执行系统_计算机科学与技术,1,"[0.021660814061760902, 0.9783391952514648]","[0.007283128798007965, 0.992716908454895]"
K_执行状态_计算机科学与技术,K_处理器调度_计算机科学与技术,1,"[0.07014772295951843, 0.9298522472381592]","[0.10670773684978485, 0.8932921886444092]"
K_加载程序_计算机科学与技术,K_嵌入式控制器_计算机科学与技术,1,"[0.22468918561935425, 0.7753108739852905]","[0.22895783185958862, 0.7710421681404114]"
K_子程序调用指令_计算机科学与技术,K_特权指令_计算机科学与技术,1,"[0.04182729125022888, 0.9581727385520935]","[0.018786493688821793, 0.9812135100364685]"
K_无序列表_计算机科学与技术,K_中断控制器_计算机科学与技术,1,"[0.20174020528793335, 0.7982598543167114]","[0.13283827900886536, 0.867161750793457]"
K_循环执行_计算机科学与技术,K_面向对象编程_计算机科学与技术,1,"[0.0961892306804657, 0.9038107395172119]","[0.09623172879219055, 0.9037682414054871]"
K_栈溢出_计算机科学与技术,K_中断服务程序_计算机科学与技术,1,"[0.22497743368148804, 0.775022566318512]","[0.041079048067331314, 0.958920955657959]"
K_指令功能_计算机科学与技术,K_中断服务程序_计算机科学与技术,1,"[0.013400932773947716, 0.9865990281105042]","[0.001693472033366561, 0.9983065724372864]"
K_数字信息_计算机科学与技术,K_密码_计算机科学与技术,1,"[0.018788516521453857, 0.9812114834785461]","[0.0033762496896088123, 0.9966237545013428]"
K_变址寄存器_计算机科学与技术,K_进程调度_计算机科学与技术,1,"[0.007883008569478989, 0.9921169877052307]","[0.001394958235323429, 0.9986050128936768]"
K_二进制信号_计算机科学与技术,K_通信子网_计算机科学与技术,1,"[0.015522409230470657, 0.9844775199890137]","[0.03445342928171158, 0.9655465483665466]"
K_指令流_计算机科学与技术,K_拒绝_计算机科学与技术,1,"[0.08222036808729172, 0.9177796840667725]","[0.04317046329379082, 0.9568295478820801]"
K_中断服务程序_计算机科学与技术,K_服务系统_计算机科学与技术,1,"[0.02393333613872528, 0.9760666489601135]","[0.004929637536406517, 0.9950703978538513]"
K_宏指令_计算机科学与技术,K_交叉编译_计算机科学与技术,1,"[0.016820035874843597, 0.9831799268722534]","[0.0031924257054924965, 0.9968075752258301]"
K_索引值_计算机科学与技术,K_操作命令_计算机科学与技术,1,"[0.6445820331573486, 0.355417937040329]","[0.4798029065132141, 0.5201971530914307]"
K_内核空间_计算机科学与技术,K_内核模块_计算机科学与技术,1,"[0.035878151655197144, 0.9641218185424805]","[0.08040560781955719, 0.919594407081604]"
K_控制块_计算机科学与技术,K_内存管理单元_计算机科学与技术,1,"[0.01842566579580307, 0.981574296951294]","[0.025043904781341553, 0.9749561548233032]"
K_应用环境_计算机科学与技术,K_远程系统_计算机科学与技术,1,"[0.061643511056900024, 0.9383564591407776]","[0.05971124395728111, 0.9402887225151062]"
K_进制转换_计算机科学与技术,K_并行编译_计算机科学与技术,1,"[0.0228909719735384, 0.9771090149879456]","[0.007994016632437706, 0.9920059442520142]"
K_引导记录_计算机科学与技术,K_执行系统_计算机科学与技术,1,"[0.07166533172130585, 0.928334653377533]","[0.03731483593583107, 0.962685227394104]"
K_中断控制器_计算机科学与技术,K_分时系统_计算机科学与技术,1,"[0.019242065027356148, 0.9807579517364502]","[0.003065515775233507, 0.9969344735145569]"
K_中断控制器_计算机科学与技术,K_内核服务_计算机科学与技术,1,"[0.028194550424814224, 0.9718054533004761]","[0.008973611518740654, 0.9910264015197754]"
K_并行编译_计算机科学与技术,K_进程复制_计算机科学与技术,1,"[0.07653637230396271, 0.9234635829925537]","[0.10435984283685684, 0.8956401348114014]"
K_禁止中断_计算机科学与技术,K_中断控制器_计算机科学与技术,1,"[0.023689167574048042, 0.9763107895851135]","[0.02418651431798935, 0.9758135080337524]"
K_段表_计算机科学与技术,K_中断控制器_计算机科学与技术,1,"[0.008775166235864162, 0.9912247657775879]","[0.004810672253370285, 0.9951893091201782]"
K_动态管理_计算机科学与技术,K_虚拟机管理器_计算机科学与技术,1,"[0.048686638474464417, 0.9513133764266968]","[0.022529026493430138, 0.9774709939956665]"
K_中断服务程序_计算机科学与技术,K_X86架构_计算机科学与技术,1,"[0.10560527443885803, 0.8943946361541748]","[0.0615076944231987, 0.9384923577308655]"
K_通用操作系统_计算机科学与技术,K_网络文件系统_计算机科学与技术,1,"[0.09286616742610931, 0.9071338176727295]","[0.06800791621208191, 0.9319921135902405]"
K_连接请求_计算机科学与技术,K_网络文件系统_计算机科学与技术,1,"[0.007039452902972698, 0.9929605722427368]","[0.0027860195841640234, 0.9972139596939087]"
K_操作命令_计算机科学与技术,K_进程复制_计算机科学与技术,1,"[0.008459948003292084, 0.9915400743484497]","[0.0032864552922546864, 0.9967135190963745]"
K_管理子系统_计算机科学与技术,K_编译系统_计算机科学与技术,1,"[0.046610794961452484, 0.9533891677856445]","[0.027354996651411057, 0.9726449847221375]"
K_存储分配_计算机科学与技术,K_动态管理_计算机科学与技术,1,"[0.025045854970812798, 0.9749541282653809]","[0.02240781858563423, 0.9775921702384949]"
K_可预测性_计算机科学与技术,K_死锁预防_计算机科学与技术,1,"[0.03970515355467796, 0.9602948427200317]","[0.005235557444393635, 0.9947644472122192]"
K_内存管理单元_计算机科学与技术,K_X86架构_计算机科学与技术,1,"[0.1352783739566803, 0.8647216558456421]","[0.03783397004008293, 0.9621660113334656]"
K_动态路由选择_计算机科学与技术,K_互联网协议_计算机科学与技术,1,"[0.14261725544929504, 0.8573826551437378]","[0.06250792741775513, 0.9374920725822449]"
K_系统配置_计算机科学与技术,K_进程切换_计算机科学与技术,1,"[0.021379079669713974, 0.9786208868026733]","[0.014758305624127388, 0.9852416515350342]"
K_互连网络_计算机科学与技术,K_快速以太网_计算机科学与技术,1,"[0.056123651564121246, 0.9438763856887817]","[0.021550480276346207, 0.9784495234489441]"
K_准入控制_计算机科学与技术,K_互联网协议_计算机科学与技术,1,"[0.03555747866630554, 0.9644426107406616]","[0.008782674558460712, 0.991217315196991]"
K_文件分配_计算机科学与技术,K_静态分配_计算机科学与技术,1,"[0.09690983593463898, 0.9030901789665222]","[0.17966288328170776, 0.8203370571136475]"
K_中断信号_计算机科学与技术,K_中断控制_计算机科学与技术,1,"[0.0060586766339838505, 0.9939413070678711]","[0.0013515943428501487, 0.9986484050750732]"
K_段表_计算机科学与技术,K_测试驱动程序_计算机科学与技术,1,"[0.010780982673168182, 0.9892189502716064]","[0.01084674708545208, 0.9891532063484192]"
K_可预测性_计算机科学与技术,K_内核服务_计算机科学与技术,1,"[0.008758791722357273, 0.9912412166595459]","[0.0007451006677001715, 0.9992548823356628]"
K_储存空间_计算机科学与技术,K_存储分配_计算机科学与技术,1,"[0.013891849666833878, 0.9861081838607788]","[0.002713662339374423, 0.997286319732666]"
K_储存空间_计算机科学与技术,K_逻辑地址空间_计算机科学与技术,1,"[0.08157071471214294, 0.9184292554855347]","[0.026337042450904846, 0.9736630320549011]"
K_主引导记录_计算机科学与技术,K_中断系统_计算机科学与技术,1,"[0.057687751948833466, 0.9423122406005859]","[0.024257294833660126, 0.975742757320404]"
K_分区表_计算机科学与技术,K_文件分配_计算机科学与技术,1,"[0.016471993178129196, 0.9835280179977417]","[0.006757367867976427, 0.993242621421814]"
K_配置文件_计算机科学与技术,K_批处理系统_计算机科学与技术,1,"[0.026389220729470253, 0.9736107587814331]","[0.011511912569403648, 0.9884880781173706]"
K_内核服务_计算机科学与技术,K_进程复制_计算机科学与技术,1,"[0.034504443407058716, 0.9654955863952637]","[0.019402578473091125, 0.9805974364280701]"
K_发送信号_计算机科学与技术,K_路由选择信息协议_计算机科学与技术,1,"[0.03408069163560867, 0.9659193158149719]","[0.009128604084253311, 0.9908714294433594]"
K_子任务_计算机科学与技术,K_中断控制器_计算机科学与技术,1,"[0.7387417554855347, 0.26125821471214294]","[0.7697896957397461, 0.23021025955677032]"
K_路由协议_计算机科学与技术,K_互联网电视_计算机科学与技术,1,"[0.04647345095872879, 0.953526496887207]","[0.05720683932304382, 0.9427931904792786]"
K_二进制信号_计算机科学与技术,K_编译技术_计算机科学与技术,1,"[0.01020435243844986, 0.9897956848144531]","[0.00609029782935977, 0.9939097166061401]"
K_接口标准_计算机科学与技术,K_嵌入式操作系统_计算机科学与技术,1,"[0.04729558527469635, 0.9527044296264648]","[0.08190778642892838, 0.9180921912193298]"
K_图的遍历_计算机科学与技术,K_深度优先搜索_计算机科学与技术,1,"[0.6714687347412109, 0.32853126525878906]","[0.9489845037460327, 0.05101551488041878]"
K_优先级控制_计算机科学与技术,K_并发进程_计算机科学与技术,1,"[0.03681471571326256, 0.9631853103637695]","[0.012904391624033451, 0.9870955944061279]"
K_机器周期_计算机科学与技术,K_中断机制_计算机科学与技术,1,"[0.04608341306447983, 0.9539165496826172]","[0.021927643567323685, 0.9780723452568054]"
K_访问冲突_计算机科学与技术,K_多进程_计算机科学与技术,1,"[0.054174184799194336, 0.9458258152008057]","[0.052991192787885666, 0.9470088481903076]"
K_面向对象编程_计算机科学与技术,K_编辑程序_计算机科学与技术,1,"[0.07110109180212021, 0.9288989305496216]","[0.04378572106361389, 0.9562142491340637]"
K_发送信号_计算机科学与技术,K_拒绝_计算机科学与技术,1,"[0.03888321667909622, 0.9611167907714844]","[0.007447655312716961, 0.9925523996353149]"
K_存储分配_计算机科学与技术,K_高速缓存_计算机科学与技术,1,"[0.044205568730831146, 0.9557944536209106]","[0.03383811563253403, 0.966161847114563]"
K_高速总线_计算机科学与技术,K_外部中断_计算机科学与技术,1,"[0.023759163916110992, 0.9762408137321472]","[0.01849551498889923, 0.9815044403076172]"
K_执行开销_计算机科学与技术,K_代码优化_计算机科学与技术,1,"[0.10288253426551819, 0.8971174955368042]","[0.11256913840770721, 0.8874308466911316]"
K_指令功能_计算机科学与技术,K_指令缓存_计算机科学与技术,1,"[0.02507365122437477, 0.9749262928962708]","[0.008916128426790237, 0.9910839200019836]"
K_二进制信号_计算机科学与技术,K_指令译码器_计算机科学与技术,1,"[0.02023533172905445, 0.9797645807266235]","[0.01670173741877079, 0.9832983016967773]"
K_高速缓存_计算机科学与技术,K_动态分配内存_计算机科学与技术,1,"[0.04641975462436676, 0.9535802602767944]","[0.05320317670702934, 0.9467968344688416]"
K_逻辑地址空间_计算机科学与技术,K_主存储器_计算机科学与技术,1,"[0.08123917877674103, 0.9187607765197754]","[0.36646220088005066, 0.633537769317627]"
K_命令接口_计算机科学与技术,K_命令行接口_计算机科学与技术,1,"[0.012411588802933693, 0.9875884056091309]","[0.0031222461257129908, 0.9968777298927307]"
K_二进制信号_计算机科学与技术,K_点到点连接_计算机科学与技术,1,"[0.029983563348650932, 0.9700164198875427]","[0.06493774801492691, 0.9350622892379761]"
K_多核处理器_计算机科学与技术,K_并行编译_计算机科学与技术,1,"[0.19175106287002563, 0.8082489967346191]","[0.10103574395179749, 0.8989641666412354]"
K_线程管理_计算机科学与技术,K_网络爬虫_计算机科学与技术,1,"[0.2169061154127121, 0.7830938696861267]","[0.15951205790042877, 0.8404879570007324]"
K_中断系统_计算机科学与技术,K_分布式操作系统_计算机科学与技术,1,"[0.06839610636234283, 0.9316039085388184]","[0.01405983604490757, 0.9859402179718018]"
K_控制总线_计算机科学与技术,K_中断信号_计算机科学与技术,1,"[0.055385444313287735, 0.944614589214325]","[0.009485958144068718, 0.9905140399932861]"
K_子程序调用指令_计算机科学与技术,K_并发进程_计算机科学与技术,1,"[0.03708641976118088, 0.9629136323928833]","[0.02409801445901394, 0.9759019613265991]"
K_数字信息_计算机科学与技术,K_通信子网_计算机科学与技术,1,"[0.009437995962798595, 0.9905620217323303]","[0.00241876021027565, 0.9975812435150146]"
K_操作命令_计算机科学与技术,K_动态分配内存_计算机科学与技术,1,"[0.014250027015805244, 0.9857499599456787]","[0.00420764833688736, 0.9957923889160156]"
K_指令流_计算机科学与技术,K_命令行接口_计算机科学与技术,1,"[0.013362986966967583, 0.9866370558738708]","[0.0031036725267767906, 0.9968962669372559]"
K_内存管理单元_计算机科学与技术,K_线程控制块_计算机科学与技术,1,"[0.0472722202539444, 0.9527277946472168]","[0.02282818779349327, 0.9771718382835388]"
K_程序指令_计算机科学与技术,K_执行状态_计算机科学与技术,1,"[0.027712294831871986, 0.972287654876709]","[0.005751864053308964, 0.9942481517791748]"
K_逻辑地址空间_计算机科学与技术,K_线程控制块_计算机科学与技术,1,"[0.01102500967681408, 0.9889750480651855]","[0.03284749016165733, 0.9671525359153748]"
K_数字信息_计算机科学与技术,K_多媒体通信_计算机科学与技术,1,"[0.02004248835146427, 0.9799574613571167]","[0.0017311093397438526, 0.9982688426971436]"
K_内核服务_计算机科学与技术,K_多进程_计算机科学与技术,1,"[0.03311828523874283, 0.9668817520141602]","[0.04392002522945404, 0.9560799598693848]"
K_控制总线_计算机科学与技术,K_执行系统_计算机科学与技术,1,"[0.01017118152230978, 0.9898288249969482]","[0.0037126296665519476, 0.9962873458862305]"
K_操作命令_计算机科学与技术,K_远程系统_计算机科学与技术,1,"[0.004515203181654215, 0.9954848289489746]","[0.0008664897177368402, 0.9991334676742554]"
K_内核服务_计算机科学与技术,K_内部程序_计算机科学与技术,1,"[0.03770719841122627, 0.9622927904129028]","[0.029614105820655823, 0.9703859686851501]"
K_连接请求_计算机科学与技术,K_面向连接的协议_计算机科学与技术,1,"[0.0481315553188324, 0.9518684148788452]","[0.05992162227630615, 0.9400783777236938]"
K_操作命令_计算机科学与技术,K_段表_计算机科学与技术,1,"[0.024149253964424133, 0.9758508205413818]","[0.00955896731466055, 0.9904409646987915]"
K_指令指针寄存器_计算机科学与技术,K_中断机制_计算机科学与技术,1,"[0.00787481851875782, 0.9921252131462097]","[0.006851778831332922, 0.9931482076644897]"
K_进制转换_计算机科学与技术,K_二进制编码_计算机科学与技术,1,"[0.214149609208107, 0.7858503460884094]","[0.1909845471382141, 0.8090154528617859]"
K_管理子系统_计算机科学与技术,K_通用操作系统_计算机科学与技术,1,"[0.06112805753946304, 0.9388719797134399]","[0.039490267634391785, 0.960509717464447]"
K_数字信息_计算机科学与技术,K_接口标准_计算机科学与技术,1,"[0.01764100044965744, 0.982358992099762]","[0.002354890573769808, 0.9976451396942139]"
K_程序指令_计算机科学与技术,K_操作命令_计算机科学与技术,1,"[0.020855534821748734, 0.9791444540023804]","[0.0033503645099699497, 0.9966496229171753]"
K_大容量存储器_计算机科学与技术,K_视窗操作系统_计算机科学与技术,1,"[0.01084258034825325, 0.9891574382781982]","[0.0028658988885581493, 0.9971340894699097]"
K_处理单元_计算机科学与技术,K_程序状态字寄存器_计算机科学与技术,1,"[0.17209264636039734, 0.827907383441925]","[0.16006332635879517, 0.8399366736412048]"
K_路由协议_计算机科学与技术,K_点到点连接_计算机科学与技术,1,"[0.13326187431812286, 0.8667381405830383]","[0.3285399079322815, 0.6714601516723633]"
K_系统调用表_计算机科学与技术,K_嵌入式操作系统_计算机科学与技术,1,"[0.048871561884880066, 0.9511284828186035]","[0.05387015640735626, 0.9461298584938049]"
K_指令指针寄存器_计算机科学与技术,K_指令流_计算机科学与技术,1,"[0.015429692342877388, 0.9845702648162842]","[0.0067646317183971405, 0.9932353496551514]"
K_控制块_计算机科学与技术,K_中断控制_计算机科学与技术,1,"[0.014362068846821785, 0.9856380224227905]","[0.007569828536361456, 0.9924302101135254]"
K_载波侦听_计算机科学与技术,K_互联网协议_计算机科学与技术,1,"[0.042273908853530884, 0.9577261209487915]","[0.004287951625883579, 0.9957120418548584]"
K_进程调度_计算机科学与技术,K_内核服务_计算机科学与技术,1,"[0.08485535532236099, 0.915144681930542]","[0.05246393010020256, 0.947536051273346]"
K_引导记录_计算机科学与技术,K_设备驱动程序_计算机科学与技术,1,"[0.18366605043411255, 0.8163339495658875]","[0.1183268278837204, 0.8816730976104736]"
K_非法指令_计算机科学与技术,K_虚拟机管理器_计算机科学与技术,1,"[0.034754976630210876, 0.9652450084686279]","[0.004499311093240976, 0.9955006837844849]"
K_逻辑地址空间_计算机科学与技术,K_多核处理器_计算机科学与技术,1,"[0.023160148411989212, 0.9768398404121399]","[0.031374093145132065, 0.9686259031295776]"
K_顺序存储器_计算机科学与技术,K_文件维护_计算机科学与技术,1,"[0.10257162153720856, 0.8974283933639526]","[0.038605425506830215, 0.9613945484161377]"
K_虚拟地址空间_计算机科学与技术,K_存储分配_计算机科学与技术,1,"[0.024417022243142128, 0.975583016872406]","[0.019643593579530716, 0.9803563952445984]"
K_特权指令_计算机科学与技术,K_分布式操作系统_计算机科学与技术,1,"[0.01717095822095871, 0.9828290939331055]","[0.004503003321588039, 0.9954970479011536]"
K_中断机制_计算机科学与技术,K_优先级控制_计算机科学与技术,1,"[0.021608974784612656, 0.9783910512924194]","[0.012633176520466805, 0.987366795539856]"
K_虚拟地址空间_计算机科学与技术,K_随机存储器_计算机科学与技术,1,"[0.08362163603305817, 0.916378378868103]","[0.06440290063619614, 0.9355970621109009]"
K_逻辑地址空间_计算机科学与技术,K_进程调度_计算机科学与技术,1,"[0.012955868616700172, 0.987044095993042]","[0.030205372720956802, 0.9697946310043335]"
K_程序状态字_计算机科学与技术,K_特权指令_计算机科学与技术,1,"[0.056769851595163345, 0.943230152130127]","[0.03443913161754608, 0.9655609130859375]"
K_面向连接的协议_计算机科学与技术,K_路由协议_计算机科学与技术,1,"[0.427692174911499, 0.572307825088501]","[0.3085824251174927, 0.6914175748825073]"
K_启动程序_计算机科学与技术,K_程序转换_计算机科学与技术,1,"[0.12484186142683029, 0.8751581907272339]","[0.14965899288654327, 0.8503410220146179]"
K_中断信号_计算机科学与技术,K_内核模块_计算机科学与技术,1,"[0.016419105231761932, 0.9835808277130127]","[0.02621641382575035, 0.973783552646637]"
K_访问周期_计算机科学与技术,K_调用程序_计算机科学与技术,1,"[0.07275380939245224, 0.9272462129592896]","[0.056604329496622086, 0.9433956742286682]"
K_系统中断_计算机科学与技术,K_并发性_计算机科学与技术,1,"[0.07943941652774811, 0.9205605387687683]","[0.04077254980802536, 0.959227442741394]"
K_路由算法_计算机科学与技术,K_广播网络_计算机科学与技术,1,"[0.44971761107444763, 0.55028235912323]","[0.6759673953056335, 0.32403260469436646]"
K_硬件故障_计算机科学与技术,K_中断信号_计算机科学与技术,1,"[0.03831346333026886, 0.9616865515708923]","[0.008830040693283081, 0.9911699891090393]"
K_储存空间_计算机科学与技术,K_内核服务_计算机科学与技术,1,"[0.009529504925012589, 0.9904705286026001]","[0.0012617635075002909, 0.9987382292747498]"
K_二进制编码_计算机科学与技术,K_指令指针寄存器_计算机科学与技术,1,"[0.05192451551556587, 0.948075532913208]","[0.009048002772033215, 0.9909518957138062]"
K_设备驱动程序_计算机科学与技术,K_虚拟盘_计算机科学与技术,1,"[0.10194007307291031, 0.8980599045753479]","[0.22860053181648254, 0.7713994979858398]"
K_内部中断_计算机科学与技术,K_进程创建_计算机科学与技术,1,"[0.014298820868134499, 0.9857012033462524]","[0.004954316653311253, 0.9950456619262695]"
K_顺序存储器_计算机科学与技术,K_内存管理单元_计算机科学与技术,1,"[0.03286079317331314, 0.9671392440795898]","[0.007154625840485096, 0.992845356464386]"
K_并发进程_计算机科学与技术,K_死锁检测_计算机科学与技术,1,"[0.0789940133690834, 0.9210060238838196]","[0.05970076471567154, 0.9402992129325867]"
K_虚拟地址空间_计算机科学与技术,K_段表_计算机科学与技术,1,"[0.04425463080406189, 0.9557453393936157]","[0.03194686025381088, 0.9680531024932861]"
K_局域网络_计算机科学与技术,K_广播网络_计算机科学与技术,1,"[0.03245086222887039, 0.967549204826355]","[0.03965815156698227, 0.9603418111801147]"
K_编译系统_计算机科学与技术,K_批处理系统_计算机科学与技术,1,"[0.04462198168039322, 0.9553780555725098]","[0.011613831855356693, 0.9883861541748047]"
K_中断优先级_计算机科学与技术,K_优先级调度_计算机科学与技术,1,"[0.04675260931253433, 0.9532474279403687]","[0.008658446371555328, 0.9913415312767029]"
K_宏指令_计算机科学与技术,K_进程调度_计算机科学与技术,1,"[0.01326490007340908, 0.9867351055145264]","[0.0032162091229110956, 0.9967837333679199]"
K_指令流_计算机科学与技术,K_执行系统_计算机科学与技术,1,"[0.005027311854064465, 0.9949727058410645]","[0.0013437466695904732, 0.9986562728881836]"
K_并发进程_计算机科学与技术,K_多用户系统_计算机科学与技术,1,"[0.034287817776203156, 0.9657121896743774]","[0.013027027249336243, 0.9869729280471802]"
K_分区表_计算机科学与技术,K_活动分区_计算机科学与技术,1,"[0.05167881399393082, 0.9483212232589722]","[0.020387277007102966, 0.9796127080917358]"
K_嵌入式控制器_计算机科学与技术,K_虚拟机管理器_计算机科学与技术,1,"[0.04332026094198227, 0.9566797018051147]","[0.013781262561678886, 0.9862186908721924]"
K_虚拟地址空间_计算机科学与技术,K_用户进程_计算机科学与技术,1,"[0.024752795696258545, 0.9752472639083862]","[0.031200118362903595, 0.968799889087677]"
K_程序指令_计算机科学与技术,K_特权指令_计算机科学与技术,1,"[0.018665160983800888, 0.9813348054885864]","[0.0033567610662430525, 0.9966432452201843]"
K_访问周期_计算机科学与技术,K_线程控制块_计算机科学与技术,1,"[0.05797382816672325, 0.9420261979103088]","[0.07916314154863358, 0.9208368062973022]"
K_软中断_计算机科学与技术,K_进程调度_计算机科学与技术,1,"[0.020988088101148605, 0.9790118932723999]","[0.009160492569208145, 0.9908395409584045]"
K_方波信号_计算机科学与技术,K_指令译码器_计算机科学与技术,1,"[0.0214652419090271, 0.9785346984863281]","[0.004314372316002846, 0.9956856966018677]"
K_方波信号_计算机科学与技术,K_数字信息_计算机科学与技术,1,"[0.05908083915710449, 0.9409191608428955]","[0.027122488245368004, 0.9728775024414062]"
K_操作效率_计算机科学与技术,K_介质访问控制_计算机科学与技术,1,"[0.05719996243715286, 0.942799985408783]","[0.13647016882896423, 0.8635298013687134]"
K_面向连接的协议_计算机科学与技术,K_快速以太网_计算机科学与技术,1,"[0.05209716409444809, 0.9479028582572937]","[0.010460201650857925, 0.9895398020744324]"
K_非屏蔽双绞线_计算机科学与技术,K_互联网电视_计算机科学与技术,1,"[0.2621240019798279, 0.7378759384155273]","[0.037775859236717224, 0.9622241854667664]"
K_储存空间_计算机科学与技术,K_高速缓存_计算机科学与技术,1,"[0.01503375917673111, 0.9849661588668823]","[0.0038376697339117527, 0.9961622953414917]"
K_控制块_计算机科学与技术,K_分时系统_计算机科学与技术,1,"[0.015091989189386368, 0.9849079847335815]","[0.009167937561869621, 0.9908320307731628]"
K_外存储器_计算机科学与技术,K_虚拟化技术_计算机科学与技术,1,"[0.014510614797472954, 0.9854893684387207]","[0.001973068807274103, 0.9980269074440002]"
K_同步控制_计算机科学与技术,K_优先级控制_计算机科学与技术,1,"[0.05681075155735016, 0.943189263343811]","[0.04307117685675621, 0.9569288492202759]"
K_宕机_计算机科学与技术,K_广播网络_计算机科学与技术,1,"[0.03707995265722275, 0.962920069694519]","[0.03249938786029816, 0.9675005674362183]"
