content,option,answer,is_correct,concept_id,course_name,knowledge_chain,explanation
不同VLAN 间数据通信，需通过（ ）进行转发。,"{'A': 'HUB', 'B': '二层交换机', 'C': '路由器', 'D': '中继器'}","[""C""]",0,K_二层交换机_计算机科学与技术,网络综合布线,K_二层交换机_计算机科学与技术,"The question asks what device is needed for communication between different VLANs. The correct answer is 'C: 路由器' (Router) because routers can handle data transfer across different VLANs by routing traffic between them. The student answered incorrectly, possibly because they selected a different option such as a switch, which generally only handles intra-VLAN communication at Layer 2 unless equipped with additional routing capabilities (Layer 3 switch). It’s important to understand that to facilitate inter-VLAN communication, a device capable of routing, such as a router or a Layer 3 switch, is required."
虚拟局域网VLAN可根据以下哪些方式划分（）,"{'A': '根据端口划分VLAN', 'B': '根据MAC地址划分VLAN', 'C': '根据网络层（IP地址）划分VLAN', 'D': 'IP组播作为VLAN'}","[""A"", ""B"", ""C"", ""D""]",0,K_IP地址_信息与通信工程,网络综合布线,K_IP地址_信息与通信工程,"The student's answer includes options A, B, C, and D, but not all these options are correct for VLAN classification. VLANs can indeed be classified based on ports (option A), MAC addresses (option B), and network layer information such as IP addresses (option C). However, IP multicast (option D) is not typically used as a method for defining VLANs. Therefore, selecting option D is incorrect, which is why the student did not get the question right."
为保证从分布式存储系统中读取的数据正确，需要采用哪种数据处理方式（  ）,"{'A': '压缩', 'B': '多份存储', 'C': 'Erasure coding编码', 'D': 'Checksum数据校验'}","[""D""]",1,K_分布式存储系统_计算机科学与技术,大数据平台核心技术,K_分布式存储系统_计算机科学与技术,"The student correctly chose option 'D' for the question regarding ensuring data correctness in a distributed storage system. 'Checksum' is a method of data validation that verifies data integrity by using algorithms to generate a unique checksum for data. This checksum can be used to detect errors in data after storage or transmission, ensuring the data read is correct. Therefore, 'Checksum数据校验' is the appropriate method to ensure the correctness of data in distributed systems."
对于数据复制中的两种技术Replication和Rebalance的异同点描述不正确的是（  ）,"{'A': 'Repication的主要目的是为了保证数据可靠，防止数据丢失', 'B': 'Rebalance的主要目的是为了清理系统中的多余数据，提高空间利用率', 'C': 'Replication和Rebalance都需要考虑到数据在数据中心中的存放位置，提高由于硬件失效带来的数据不可用', 'D': 'Replication和Rebalance需要有优先级控制，防止数据复制不及时造成数据丢失'}","[""B""]",1,K_级控_计算机科学与技术,大数据平台核心技术,K_级控_计算机科学与技术,"The student correctly identified option 'B' as the incorrect statement about the differences between Replication and Rebalance. Replication is primarily aimed at ensuring data reliability and preventing data loss, while Rebalance is not specifically about cleaning up excess data to improve space utilization. The student demonstrated an understanding of the primary purposes of Replication and Rebalance."
下面对于分布式存储系统中如何选取存储介质的描述错误的是（  ）,"{'A': '为了让程序实现简单高效，存储系统中应该选用单一的存储介质', 'B': '为了节省存储成本，通常在一个分布式存储系统中会使用多种存储介质来实现高性能和大容量的目的', 'C': '不同的使用场景下，应该采用灵活的混合存储方式来满足需求', 'D': '所有存储介质的存储寿命都是一样的，所以寿命不在选取介质类型的考虑范围内'}","[""A"", ""D""]",1,K_存储介质_计算机科学与技术,大数据平台核心技术,K_存储介质_计算机科学与技术,"The student correctly identified the descriptions 'A' and 'D' as incorrect about choosing storage media in a distributed storage system. Option 'A' is incorrect because using a single storage medium is not optimal for performance and efficiency, as distributed systems often need multiple types of media to handle different workloads. Option 'D' is incorrect because different storage media have different lifespans, and the lifespan is an essential factor to consider when selecting the type of storage media. Thus, the student's answers reflect a correct understanding of the considerations for selecting storage media in distributed systems."
下面对分布式调度需要解决问题的说法正确的是？(  ),"{'A': '分布式调度主要解决任务调度的问题', 'B': '分布式调度主要解决资源如何分配的问题', 'C': '分布式调度既要解决任务调度也需要解决资源调度的问题', 'D': '以上说法都不对'}","[""C""]",1,K_任务调度_计算机科学与技术,大数据平台核心技术,K_任务调度_计算机科学与技术,"The student correctly answered the question by selecting option 'C'. This option accurately captures the essence of distributed scheduling, which involves addressing both task scheduling and resource allocation challenges. Distributed systems need to coordinate multiple tasks with limited resources, hence both aspects are critical and need to be solved in unison."
伏羲分布式调度系统中负责资源调度的角色是？(  ),"{'A': 'FuxiMaster', 'B': 'Tubo', 'C': 'AppMaster', 'D': 'AppWorker'}","[""A""]",1,K_资源调度_计算机科学与技术,大数据平台核心技术,K_资源调度_计算机科学与技术,"The student correctly identified 'A: FuxiMaster' as the component responsible for resource scheduling in the Fuxi distributed scheduling system. This indicates their understanding that FuxiMaster acts as the central authority for managing resources across different nodes in the system, consistent with its design and purpose within the larger infrastructure of the big data platform."
下列关于伏羲资源调度优先级策略的说法错误的是？(  ),"{'A': '每个job在提交时会带一个priority值，一个整数值，越大优先级越高', 'B': '相同优先级按提交时间，先提交的优先级高', 'C': '资源优先分配给高优先级的job，剩余的资源继续分配给次高优先级job', 'D': '允许有高优先级的紧急任务加入'}","[""A""]",1,K_高优先级_计算机科学与技术,大数据平台核心技术,K_高优先级_计算机科学与技术,"The student answered the question correctly. The content asks to identify the incorrect statement about the priority strategy in Fuxi resource scheduling. Option 'A' states that each job comes with a priority value, where a larger value denotes a higher priority. However, this is incorrect because generally in priority systems, a lower numeric priority value is often associated with higher priority tasks. The student correctly identified 'A' as the false statement."
伏羲资源调度支持抢占，下面说法错误的是？(  ),"{'A': 'FuxiMaster会从当前正在运行的任务中，从最低优先级任务开始强制收回资源', 'B': '最低优先级任务被抢占后，抢占过程即终止', 'C': '抢占会一直递归进行', 'D': '不能抢比自己优先级高的任务'}","[""B""]",1,K_资源调度_计算机科学与技术,大数据平台核心技术,K_资源调度_计算机科学与技术,"The student correctly identified option B as the wrong statement. In a preemptive scheduling system like 伏羲 (Fuxi), once a low-priority task is preempted, the preemption process doesn't just stop automatically. It typically involves monitoring and possibly continuing to preempt other tasks if necessary, depending on resource availability and task priority. So, the notion that preemption stops immediately after the lowest priority task is preempted (as stated in option B) is incorrect."
阿里云伏羲分布式调度系统与社区Hadoop MR最大的区别是？(  ),"{'A': 'Hadoop是一层架构集中资源和任务调度，而伏羲是两层架构独立的资源和任务调度', 'B': 'Hadoop存在规模瓶颈，而伏羲规模横向扩展性更好', 'C': 'Hadoop与伏羲的调度策略不同', 'D': 'Hadoop jobtracker没有failover，伏羲有完善的failover功能'}","[""A"", ""B"", ""D""]",1,K_调度策略_计算机科学与技术,大数据平台核心技术,K_计算复杂度_计算机科学与技术-K_程序指令_计算机科学与技术-K_段表_计算机科学与技术-K_中断机制_计算机科学与技术-K_用户进程_计算机科学与技术-K_调度策略_计算机科学与技术,"The student's answer is correct because they correctly identified the major distinctions between the Aliyun Fuxi distributed scheduling system and the community Hadoop MR. Option 'A' highlights the difference in the architectural design where Hadoop uses a single-layer centralized scheduling for resources and tasks, while Fuxi employs a dual-layer approach with separate resource and task scheduling. Option 'B' accurately points out that Hadoop has scalability limitations, whereas Fuxi provides better horizontal scalability. Finally, Option 'D' is correct as it notes that Hadoop's jobtracker lacks failover capabilities, while Fuxi has robust failover functionalities, making it more reliable in handling failures. Therefore, each selected option effectively distinguishes Fuxi from Hadoop MR, validating the correctness of the student's answer."
伏羲资源调度的目标包括？(  ),"{'A': '集群资源利用率最大化', 'B': '每个任务的资源等待时间最小化', 'C': '能分组控制资源配额', 'D': '能支持临时紧急任务'}","[""A"", ""B"", ""C"", ""D""]",1,K_资源调度_计算机科学与技术,大数据平台核心技术,K_资源调度_计算机科学与技术,"The student correctly identified all the goals of resource scheduling in the context of 伏羲 (Fuxi), which include maximizing cluster resource utilization (A), minimizing the resource waiting time for each task (B), allowing group control of resource quotas (C), and supporting temporary emergency tasks (D). These are typical objectives aimed at optimizing the efficiency and adaptability of resource management within a computing environment."
伏羲在支持大规模方面采用了哪些技术？(  ),"{'A': '多线程', 'B': '增量资源调度', 'C': '异步', 'D': '增加数据量'}","[""A"", ""B"", ""C""]",1,K_加数_计算机科学与技术,大数据平台核心技术,K_加数_计算机科学与技术,"The student correctly answered the question by selecting options A, B, and C. Fuxi, in supporting large-scale operations, utilizes technologies like multithreading (option A), incremental resource scheduling (option B), and asynchronous processing (option C). These technologies are commonly used to improve efficiency and scalability in big data platforms. Option D, increasing data volume, does not describe a technology for supporting large-scale operations, but rather an element of large-scale data handling."
下面哪个阶段在BSP模型中可以独立并发执行的？（  ）,"{'A': '数据分片阶段', 'B': '本地计算阶段', 'C': '全局通信阶段', 'D': '栅栏同步阶段'}","[""B""]",1,K_BSP模型_计算机科学与技术,大数据平台核心技术,K_BSP模型_计算机科学与技术,"The student correctly identified the '本地计算阶段' (local computation phase) as the phase in the BSP (Bulk Synchronous Parallel) model that can be executed independently and concurrently. In the BSP model, this phase involves parallel computation and processing on local data without the need for immediate coordination or data exchange between different processes, which aligns with the concept of concurrent execution."
下面哪些是BSP模型的缺点？（  ）,"{'A': '栅栏同步开销比较大', 'B': '可能产生死锁', 'C': '没有解决负载均衡问题', 'D': '被计算的数据可以保存在内存里'}","[""A""]",1,K_BSP模型_计算机科学与技术,大数据平台核心技术,K_BSP模型_计算机科学与技术,"The student correctly identified '栅栏同步开销比较大' (Barrier synchronization overhead is relatively large) as one of the disadvantages of the BSP (Bulk Synchronous Parallel) model. This choice is correct because, in the BSP model, barrier synchronization can result in significant overhead, leading to inefficiencies, especially with increasing numbers of processors. The other options either do not directly pertain to well-known disadvantages of the BSP model or are not typical criticisms of it."
下面哪些是函数式编程语言有特点？（  ）,"{'A': '每个函数都有输出', 'B': '函数可以改变外部变量的状态', 'C': '函数的输出结果不依赖于外部变量', 'D': '函数的输入参数可能是另外一个函数'}","[""A"", ""C"", ""D""]",1,K_外部变量_计算机科学与技术,大数据平台核心技术,K_外部变量_计算机科学与技术,"The student answered correctly. In functional programming, every function is expected to have an output ('A'), functions do not depend on external variables for their results, which aligns with the option that the function's output is independent of external variables ('C'), and functions can take other functions as input parameters ('D'). Option 'B' is incorrect as functional programming discourages modifying external state."
分布式计算过程中，以下哪种计算调度方式代价更小？(  ),"{'A': '将计算发送到数据所在机器运行', 'B': '将数据拷贝到计算所在机器运行', 'C': '将数据和计算拿到统一的节点上运行', 'D': '以上都不对'}","[""A""]",1,K_调度方式_计算机科学与技术,大数据平台核心技术,K_调度方式_计算机科学与技术,"The student's answer is correct. In distributed computing, sending computation tasks to the machine where the data resides (option A) generally incurs less cost than moving data to the computation node or centralizing both data and computation. This is because transferring large datasets across nodes can be more resource-intensive, whereas sending smaller computation tasks to existing data locations minimizes data movement and network load, optimizing performance."
下面对流式描述正确的是（  ）,"{'A': '它是一种有状态计算，failover必须将数据从最源头重发。', 'B': '数据必须是有序进入，才能保证数据的正确性。', 'C': 'temporal SQL是适合流式计算的SQL语言。', 'D': '流式计算无法支持delete和update语义。'}","[""C""]",1,K_对流_计算机科学与技术,大数据平台核心技术,K_对流_计算机科学与技术,The student correctly identified option 'C' as the right description about stream processing. Temporal SQL is indeed suitable for stream processing as it can handle the temporal characteristics of data streams. The other options provide incorrect or misleading information about stream processing: Option 'A' is incorrect because it oversimplifies the failover process; Option 'B' is incorrect as data does not necessarily have to be ordered; and Option 'D' is incorrect because some stream processing engines can support delete and update semantics.
下面对系统雪崩准确的描述有（  ）,"{'A': '系统雪崩是由于oom，引起系统级联的宕机现象。', 'B': '系统雪崩是由于系统设计问题，由软硬件以及流量异常引发的由细微问题引发更大面积故障，直至系统当机的现象。', 'C': '系统雪崩一般不会因为硬件引发。而是由于流量激增，系统容量设计不足，造成后台系统，包括数据库系统的不正常工作。', 'D': '系统雪崩最初原因与触发宕机的故障可以相关，也有可能无关。'}","[""B"", ""D""]",1,K_宕机_计算机科学与技术,大数据平台核心技术,K_宕机_计算机科学与技术,"The student correctly identified options 'B' and 'D' as accurate descriptions of '系统雪崩' (system avalanche). Option 'B' describes the systemic failure due to design issues and how minor problems can escalate into larger failures, which aligns with the concept of a cascading system failure. Option 'D' notes that the initial cause of system failure may or may not be related to the resulting shutdown, reflecting the unpredictable and complex nature of such failures. Therefore, the student's selections are correct."
对于spark streaming不正确的描述有（  ）,"{'A': 'spark streaming的ack机制由一组分布式的系统维护，所以它是scale-out的。', 'B': 'spark streaming使用mini-batch的机制，dstream由多个rdd组成。', 'C': 'spark streaming支持滑动窗口，固定窗口和session窗口。', 'D': 'spark streaming是将流式计算切割成批量计算。但同时，批量计算也可以当作流式计算运行。'}","[""A"", ""C""]",1,K_系统维护_计算机科学与技术,大数据平台核心技术,K_系统维护_计算机科学与技术,"The student correctly identified the statements that are not true about Spark Streaming. Option A is incorrect because Spark Streaming does not inherently scale-out due to its acknowledgement mechanism, which may require additional configuration and resources. Option C is also incorrect because Spark Streaming primarily supports sliding windows and fixed windows; session windows are not a direct feature in the traditional Spark Streaming API. The student's understanding of these concepts appears accurate as reflected in their correct answer."
逻辑回归属于下列那一类机器学习算法：（  ）,"{'A': 'Supervised Learning 监督学习', 'B': 'Unsupervised Learning无监督学习', 'C': 'Reinforcement Learning 加强学习', 'D': '以上都不是'}","[""A""]",1,K_监督学习_计算机科学与技术,大数据平台核心技术,K_监督学习_计算机科学与技术,"The student correctly answered that logistic regression is a type of supervised learning algorithm. In supervised learning, the model is trained on a labeled dataset, which means the data includes both the input variables and the correct output. Logistic regression analyzes the data to learn the relationship between the input features and the target variable, making it a suitable choice under supervised learning algorithms."
CAP理论是分布式系统设计领域著名的理论总结，认为CAP三者同时只能满足其二，其中CAP指的是：（ ）,"{'A': '一致性、可用性、分区容忍性', 'B': '原子性、隔离性、持久性', 'C': '易用性、可用性、一致性', 'D': '随机处理、批处理、流式处理'}","[""A""]",1,K_CAP理论_计算机科学与技术,大数据平台核心技术,K_CAP理论_计算机科学与技术,"The student correctly answered the question about CAP theory, which is a fundamental concept in distributed systems. The correct answer, 'A: 一致性、可用性、分区容忍性' (Consistency, Availability, Partition Tolerance), reflects the three properties that cannot all be achieved simultaneously in a distributed computing environment. This theory explains the trade-offs and limitations in distributed system design. The other options describe different sets of properties that do not apply to CAP theory."
常见的深度学习模型包括：（  ）,"{'A': '卷机神经元网络 CNN', 'B': '深度置信模型 DBN', 'C': '递归神经元网络 RNN', 'D': 'K最近邻居模型 KNN'}","[""A"", ""B"", ""C""]",1,K_卷_计算机科学与技术,大数据平台核心技术,K_卷_计算机科学与技术,"The student correctly identified common deep learning models by selecting options 'A', 'B', and 'C', which refer to Convolutional Neural Networks (CNN), Deep Belief Networks (DBN), and Recurrent Neural Networks (RNN), respectively. These are well-known deep learning architectures used for various types of data processing and analysis. Option 'D', K-Nearest Neighbors (KNN), is not a deep learning model but rather a basic classification algorithm typically used in machine learning."
当您在命令提示符的后面输入命令的一部分时，按（__）键，Linux会帮你打剩下的字符，补充成为完整命令，如果有多个相符的命令，连按两下（__）键，Linux会显示所有的相符的命令。,"{'A': 'TAB', 'B': 'CONTRL', 'C': 'SHIFT', 'D': 'SPACE'}","[""A""]",1,K_命令提示符_计算机科学与技术,Linux系统管理,K_命令提示符_计算机科学与技术,"The student correctly answered 'A' (TAB) because in Linux, the TAB key is used for auto-completion in the command prompt. When you start typing a command and press TAB, it completes the command if there is a unique match, or lists possible completions when pressed twice if there are multiple matches."
下面的选项哪些是正确的？,"{'A': 'Linux操作系统是由Linus Torvalds发明的', 'B': 'Linux操作系统是由Richard Stallman发明的', 'C': 'Linus Torvalds和Richard Stallman的工作共同造就了Linux', 'D': '自由软件运动和互联网的兴起造就了Linux操作系统'}","[""C"", ""D""]",1,K_自由软件_计算机科学与技术,Linux系统管理,K_自由软件_计算机科学与技术,"The student correctly identified the statements 'Linus Torvalds and Richard Stallman's work together led to Linux' and 'The free software movement and the rise of the internet led to the Linux operating system' as true. Linus Torvalds initiated the Linux project, and Richard Stallman's GNU project contributed vital components, which align with statement C. Statement D is accurate because the free software movement and the growing internet helped proliferate Linux's development and adoption."
"关于CentOS,下面哪些说法是正确的？","{'A': 'CentOS100%兼容红帽企业版(RHEL)', 'B': 'CentOS不提供专门技术支持，不包含封闭源代码软件', 'C': 'CentOS 64位版本可以安装在32位架构的机器上', 'D': 'CentOS是利用用红帽企业版(RHEL)源代码重新编译而成的'}","[""A"", ""B"", ""D""]",0,K_闭源_计算机科学与技术,Linux系统管理,K_闭源_计算机科学与技术,"The student's answer included 'A', 'B', and 'D' as correct statements. However, statement 'C' was crucial to be missed, as it was the false statement. 'C' claims that CentOS 64-bit can run on a 32-bit machine, which is incorrect since a 64-bit operating system requires a compatible 64-bit architecture. 'A', 'B', and 'D' are indeed correct: CentOS aims to be 100% compatible with RHEL, does not include proprietary software or official support, and is compiled from RHEL's source code. The student's mistake was in failing to recognize the incorrect statement."
综合布线要求设计一个结构合理、技术先进、满足需求的综合布线系统方案，下列哪项不属于综合布线系统的设计原则。(  ),"{'A': '综合考虑用户需求、建筑物功能、经济发展水平等因素', 'B': '长远规划思想、保持一定的先进性', 'C': '不必将综合布线系统纳入建筑物整体规划、设计和建设中', 'D': '扩展性、标准化、灵活的管理方式'}","[""C""]",1,K_设计原则_计算机科学与技术,网络综合布线,K_设计原则_计算机科学与技术,"The student correctly identified that option C is not a design principle for an integrated wiring system. Comprehensive wiring should be part of the building's overall planning, design, and construction to ensure it meets the desired technical standards and integrates seamlessly with the building’s functionality. Options A, B, and D describe principles necessary for an effective system, such as considering user needs and maintaining flexibility."
安装Linux所要的两个最基本的分区分别是以（ ）和（ ）。,"{'A': '/boot分区', 'B': '/home分区', 'C': '根分区', 'D': 'Swap分区'}","[""C"", ""D""]",1,K_Swap分区_计算机科学与技术,Linux系统管理,K_Swap分区_计算机科学与技术,"The student correctly identified that the two most basic partitions required to install Linux are the root partition (C) and the swap partition (D). The root partition ('/') is essential because it contains the core system files needed to run the operating system, while the swap partition is used for memory management, acting as an overflow for RAM."
在Linux中，打开BASH后的命令提示符，能够告诉你有关主机的哪些信息？,"{'A': '登录的主机名', 'B': '登录的用户名', 'C': '用户当前所处的工作目录', 'D': '用户上次登录时间'}","[""A"", ""B"", ""C""]",0,K_主机名_计算机科学与技术,Linux系统管理,K_主机名_计算机科学与技术,"The student selected options A, B, and C, which correspond to the hostname, the username, and the current working directory respectively. This is correct as the BASH prompt typically displays these pieces of information. However, the student incorrectly answered overall because they selected an option—likely option D (user's last login time)—that is not typically displayed in the BASH prompt by default. Hence, the inclusion of information not typically part of the BASH prompt led to the incorrect answer."
下面关于关机和重启的说法，哪些是正确的？,"{'A': '关机是系统管理员要给予充分重视的一件大事.', 'B': 'shutdown -k now 命令用于立即关机', 'C': '不恰当或者不正确的关机和重启，可能会导致数据丢失', 'D': '关机和重启命令默认情况下普通用户亦可执行'}","[""A"", ""C""]",1,K_系统管理员_计算机科学与技术,Linux系统管理,K_系统管理员_计算机科学与技术,"The student correctly selected options 'A' and 'C', which are true statements: 'A' correctly states the importance for system administrators to take shutting down the system seriously, and 'C' highlights the risk of data loss associated with improper shutdowns and restarts. 'B' is incorrect because 'shutdown -k now' only sends a warning message but does not actually shutdown the system. 'D' is incorrect since shutdown and restart commands usually require administrative privileges and cannot be executed by ordinary users by default. Therefore, the student's selection aligns with the correct answers."
Linux中所谓的命令(Command)，广义上包括：,"{'A': '可执行的二进制文件', 'B': '可执行的库文件', 'C': 'shell脚本文件', 'D': 'shell内建函数'}","[""A"", ""C"", ""D""]",0,K_Shell脚本_计算机科学与技术,Linux系统管理,K_Shell脚本_计算机科学与技术,"The student's answer was incorrect because they selected options A, C, and D but missed including B. In Linux, the term 'command' broadly includes executable binary files (A), shell script files (C), shell built-in functions (D), and can also include executable library files (B). Therefore, the correct options should have been A, B, C, and D."
假设当前工作目录下有一个名为sampledir 的目录，该目录下有一个名为sampledir01的目录， 键入 “rmdir sampledir”，会发生什么？,"{'A': 'sampledir和sampledir01被删除', 'B': '出错', 'C': 'sampledir01被删除', 'D': 'sampledir被删除，但sampledir01未被删除'}","[""B""]",0,K_键入_计算机科学与技术,Linux系统管理,K_键入_计算机科学与技术,"The student answered incorrectly. When using the 'rmdir' command to remove a directory in Linux, the directory must be empty. In this case, 'sampledir' contains the subdirectory 'sampledir01', so 'rmdir sampledir' would result in an error, making the correct answer 'B'. The student's misunderstanding might be due to not knowing that the directory must be empty for 'rmdir' to work without errors."
关于Linux中工作目录，下面哪些说法是错误的?,"{'A': '可以在命令提示符中观察到目前所处的工作目录', 'B': '用户登录后初始的默认工作目录总是登录用户的 “家目录”', 'C': '用户的工作目录是固定的', 'D': '可以用～字符代表当前工作目录'}","[""C"", ""D""]",1,K_登录_计算机科学与技术,Linux系统管理,K_登录_计算机科学与技术,"The student answered correctly by identifying options C and D as incorrect statements about working directories in Linux. Option C is incorrect because the user's working directory is not fixed; users can change their working directory using commands like 'cd'. Option D is incorrect because the '~' character represents the home directory, not the current working directory. Therefore, the student's understanding of working directories and their functionalities in Linux is accurate."
要将当前目录下的文件samplefile的文件从属组改为stu用户组，应该使用哪个命令？,"{'A': 'chmod stu ./samplefile', 'B': 'chown stu ./samplefile', 'C': 'chown :stu ./samplefile', 'D': 'chmod :stu ./samplefile'}","[""C""]",1,K_当前目录_计算机科学与技术,Linux系统管理,K_当前目录_计算机科学与技术,"The student correctly answered option C, which is the correct command to change the group ownership of the file 'samplefile' to the group 'stu'. The 'chown' command with the syntax 'chown :group filename' is used for changing the group of a file in Linux, where ':' indicates that the following parameter is a group name."
如用ls -l 命令列出文件，文件的第一个字段是drwxr-x---，表示什么,"{'A': '这是一个符号链接文件，对于文件拥有者可读可写可执行，对于从属用户组里的用户可读不可写可执行，对于其他用户不可读不可写不可执行', 'B': '这是一个普通文件，对于文件拥有者可读可写可执行，对于其他用户可读不可写可执行，对于从属用户组里的用户不可读不可写不可执行。', 'C': '这是一个目录文件，对于文件拥有者可读可写可执行，对于从属用户组里的用户可读不可写可执行，对于其他用户不可读不可写不可执行', 'D': '这是一个目录文件，对于文件拥有者可读可写可执行，对于从属用户组里的用户可读可写可执行，对于其他用户不可读不可写不可执行'}","[""C""]",1,K_符号链接_计算机科学与技术,Linux系统管理,K_符号链接_计算机科学与技术,"The student correctly identified that 'drwxr-x---' indicates a directory file ('d'), with specific permissions. The owner ('rwx') has read, write, and execute permissions. Users in the group ('r-x') have read and execute permissions but cannot write. Other users ('---') have no permissions. This matches option C."
用root用户登录系统，使用rm命令删除文件时，以下哪些做法是对的？,"{'A': 'rm ./sampledir 可以删除当前目录下的sampledir目录', 'B': 'rm -f ./file01 可以删除当前目录下的file01文件，并在删除前会向用户进行确认。', 'C': 'rm -R ./sampledir 可以删除当前目录下的sampledir目录', 'D': 'rm file01 file02 可以删除当前工作目录下的file01 和file02文件，并在删除前会向用户进行确认。'}","[""C"", ""D""]",1,K_登录_计算机科学与技术,Linux系统管理,K_登录_计算机科学与技术,"The student correctly identified options C and D. Option C correctly describes that 'rm -R ./sampledir' can be used to delete a directory and its contents recursively. Option D correctly states that 'rm file01 file02' deletes specified files without requiring confirmation, as the '-i' option (interactive) is not used and root user operations do not prompt for confirmation by default. Options A and B are incorrect because removing a directory requires the '-R' or '--recursive' option, and the '-f' option actually forces deletion without confirmation, contrary to what option B suggests."
关于cp命令，哪些表述是正确的？,"{'A': 'cp命令可以同时拷贝多个文件', 'B': '默认情况下，cp命令拷贝时遇到同名文件会自动覆盖', 'C': '默认情况下，cp命令拷贝时会将文件属性一并进行拷贝', 'D': 'cp命令拷贝同时还可以重命名文件'}","[""A"", ""D""]",1,K_文件属性_计算机科学与技术,Linux系统管理,K_文件属性_计算机科学与技术,"The student's answer correctly identifies the valid statements about the 'cp' command. Option A is correct because 'cp' can indeed copy multiple files at once when specified. Option D is correct because 'cp' can be used to rename files when copying by specifying a different destination filename. The student didn't choose B or C, which is correct because by default 'cp' does overwrite files without prompting unless the -i option is used, and it doesn’t preserve all attributes unless the -p option is used."
关于cp命令，哪些用法是可以达成目标？,"{'A': 'cp -R ~/sampledir . 可以将当前用户家目录下的sampledir目录拷贝到当前目录中。', 'B': 'cp ./file01 ./file02 .. 可以将当前目录下的file01文件拷贝到当前目录中并重命名为file02, 同时将file01文件拷贝到当前目录的上层目录中。', 'C': 'cp /home/stu/file01 ~/root 可以将file01目录拷贝到根用户家目录下', 'D': 'cp -R ../sampledir ~root 可以将上层目录中的sampledir目录拷贝到根用户家目录下'}","[""A"", ""D""]",0,K_当前目录_计算机科学与技术,Linux系统管理,K_当前目录_计算机科学与技术,"The student's answer, options A and D, is incorrect. Option A is correct because using 'cp -R ~/sampledir .' will recursively copy the directory 'sampledir' from the user's home directory to the current directory. However, option D is incorrect because '~root' is not a valid path for the root user's home directory; it should be '/root'. Therefore, the correct answers should include A, and potentially other options if they are valid. The student did not identify another correct option if it exists, contributing to the incorrect answer."
在使用ln建立文件链接时，为了跨越不同的文件系统，我们需要使用,"{'A': '普通链接', 'B': '硬链接', 'C': '符号链接', 'D': '特殊链接'}","[""C""]",1,K_硬链接_计算机科学与技术,Linux系统管理,K_硬链接_计算机科学与技术,"The student's answer is correct. When creating file links in Linux, symbolic links (选项C) are used for linking files across different file systems. Hard links (选项B) cannot be used in this scenario as they only work within the same file system. Therefore, the correct choice of symbolic links enables the linking of files across these boundaries."
关于硬链接，下面哪些描述是正确的？,"{'A': '不可以跨文件系统。', 'B': '可以做目录的连接', 'C': '硬链接文件的inode-number与被链接文件的inode-number相同', 'D': '硬链接和符号链接的原理事实上是一样的'}","[""A"", ""C""]",1,K_硬链接_计算机科学与技术,Linux系统管理,K_硬链接_计算机科学与技术,"The student correctly identified that options A and C are true about hard links. Hard links indeed cannot be created across different file systems, as they must reside within the same file system to share the same inode number. Additionally, hard links share the same inode number as the original file, making option C correct. The other options are incorrect because hard links cannot link directories (option B), and the principles of hard links differ from symbolic links (option D)."
关于文件硬链接和源文件的关系，下面哪些描述是正确的？,"{'A': '文件硬链接和源文件实际上共用一份文件内容数据', 'B': '源文件删除对文件硬链接没有影响', 'C': '一个硬盘分区上文件的硬链接可以位于另外一个分区上', 'D': '对于文件硬链接内容的改动不会影响到源文件'}","[""A"", ""B""]",0,K_硬链接_计算机科学与技术,Linux系统管理,K_硬链接_计算机科学与技术,"The student's answer of 'A' and 'B' is partially correct. 'A' is correct because both the hard link and the source file point to the same inode, sharing the same file content data. 'B' is also correct, as deleting the source file does not remove the hard link, and the data remains accessible through the hard link itself until all links are removed. However, the student missed option 'D', which is incorrect because changes to the hard link do affect the source file, since they reference the same data contents. They also mistakenly left out 'C', which is incorrect because a hard link must reside on the same file system as the source file."
关于符号链接，下面哪些描述是正确的？,"{'A': '可以通过符号链接文件来读、写和执行源文件。', 'B': '符号链接文件和源文件实际上是同一个文件。', 'C': '删除源文件，符号链接文件将变得不可用', 'D': '不能为符号链接文件再创建符号链接'}","[""A"", ""C""]",1,K_符号链接_计算机科学与技术,Linux系统管理,K_符号链接_计算机科学与技术,"The student correctly identified that options 'A' and 'C' are true regarding symbolic links. Option 'A' is correct because symbolic links allow access (read, write, execute) to the target file. Option 'C' is correct because if the source file is deleted, the symbolic link becomes invalid as it points to a non-existent file. Options 'B' and 'D' are incorrect; option 'B' is false as a symbolic link is a different entity from the source file itself, and option 'D' is false because it is possible to create symbolic links to other symbolic links."
关于文件压缩，下面哪些描述是正确的?,"{'A': 'Linux中压缩文件有很多工具可以利用。', 'B': '用gzip命令压缩文件后，默认会删除源文件', 'C': 'gzip命令可以调节文件压缩的比例。', 'D': 'gzip 压缩文件的默认后缀名是.gz', 'E': 'gzip解压文件时默认会删除压缩文件'}","[""A"", ""B"", ""C"", ""D"", ""E""]",0,K_文件压缩_计算机科学与技术,Linux系统管理,K_文件压缩_计算机科学与技术,"The student's answer includes all options (A, B, C, D, E) as correct, but this is incorrect. Let's analyze each of them: 

- A is correct because Linux does offer a variety of tools for file compression such as gzip, bzip2, and zip.
- B is incorrect because the gzip command does not delete the source file by default when compressing, it retains it unless the '-f' option is used.
- C is incorrect in the context given because gzip does not allow for direct adjustment of compression ratios from the command line, though factors like file size and type inherently affect compression.
- D is correct since files compressed with gzip typically have a .gz suffix.
- E is incorrect because by default, gzip command does not delete the compressed file after decompression.

The student should have identified options A and D as correct statements about file compression with gzip in Linux. The inclusion of B, C, and E led to the incorrect answer."
关于文件打包（归档），下面哪些描述是正确的?,"{'A': 'tar可以打包整个目录', 'B': 'tar打包多个文件后的打包文件大小，比原文件大小之和要稍小', 'C': 'tar 打包文件必须要有一个.tar的后缀名', 'D': '可以用tar命令来合并两个打包文件', 'E': '可以用tar命令来查看打包文件中的文件'}","[""A"", ""D"", ""E""]",1,K_文件大小_计算机科学与技术,Linux系统管理,K_文件大小_计算机科学与技术,"The student answered the question correctly. Options A, D, and E accurately describe aspects of tar usage: A states that 'tar can package entire directories,' which is true; D mentions 'tar can be used to merge two archive files,' which can be done using options like --concatenate; E explains 'tar can be used to view files inside an archive,' which is possible with the option -t. Option B is incorrect because tar does not compress files by default, so the archive size is not smaller than the sum of the original files. Option C is also wrong because tar files do not necessarily need a .tar extension to function, though it is conventionally used."
现在需要在根目录下找所有的名字为temp的文件，然后删除，删除时不需要提示，请问可如何实现。,"{'A': 'find / -name temp rm *', 'B': '编一个SHELL脚本实现', 'C': 'find / -name temp –exec rm {}  ;', 'D': 'find / -name temp –exec rm'}","[""C""]",1,K_Shell脚本_计算机科学与技术,Linux系统管理,K_Shell脚本_计算机科学与技术,"The student correctly chose option C, which uses the 'find' command with the '-exec' action to remove all files named 'temp' without prompting for confirmation. The correct syntax 'find / -name temp –exec rm {} \;' specifies the use of '{}'' to pass each found item to the 'rm' command and the escaped semicolon '\;' to terminate the '-exec' action. Option A is incorrect because it incorrectly combines 'find' and 'rm' commands, and option D is incomplete as it doesn't include the necessary termination of the '-exec' action. Option B suggests a custom script, which is unnecessarily complex for this task."
关locate命令，下面哪些描述是正确的？,"{'A': 'locate命令能够快速查找文件', 'B': '如不指定查找的目录范围，locate将以当前工作目录作为查找范围', 'C': 'locate查找速度更快是因为它采用了更加有效率的查找算法', 'D': 'locate有时会发生新建文件无法查找到的问题', 'E': 'locate有时会发生查找到已删除文件的问题'}","[""A"", ""D"", ""E""]",1,K_删除文件_计算机科学与技术,Linux系统管理,K_删除文件_计算机科学与技术,"The student's answer is correct. Option 'A' is correct because 'locate' is known for its ability to quickly find files by using a pre-built database. Option 'D' is correct because 'locate' relies on a periodically updated database, so newly created files may not be found until the database is updated. Option 'E' is also correct because 'locate' may return paths to files that have been deleted if the database hasn't updated since the deletion. The misconception about 'locate' using a more efficient search algorithm (option 'C') and that it searches within the current directory by default (option 'B') are not correct, as 'locate' searches the entire file system database rather than the current working directory and its speed advantage comes from its use of this database."
关Linux中的通配符，下面哪些描述是正确的？,"{'A': '通配符可以用于对批量文件进行操作', 'B': '* 可以匹配任意单个字符', 'C': '[0-9] 可以匹配0到9之间的任意单个字符', 'D': '[!A-Z] 可以匹配除了大写A到Z之间的任意单个字符'}","[""A"", ""C"", ""D""]",1,K_通配符_计算机科学与技术,Linux系统管理,K_通配符_计算机科学与技术,"The student correctly identified that options A, C, and D are correct descriptions of wildcard use in Linux. Option A is correct because wildcards are often used to operate on multiple files at once. Option C is also correct as '[0-9]' matches any single character from 0 to 9. Option D is correct because '[!A-Z]' matches any single character that is not between 'A' to 'Z', effectively excluding uppercase letters. Option B is incorrect because '*' matches any number of characters, not just a single character."
关于tail和head命令，下面哪些描述是正确的。,"{'A': 'head默认情况下显示文件的头5行', 'B': 'tail只能同时查看一个文本文件', 'C': '这一对命令经常被用来查看日志文件', 'D': '可以用 -n 选项（n为一个自然数）来指定tail和head要显示的行数'}","[""C"", ""D""]",0,K_显示文件_计算机科学与技术,Linux系统管理,K_显示文件_计算机科学与技术,"The student answered the question incorrectly. The correct options should include 'C' and 'D', as they accurately describe the usage of the 'head' and 'tail' commands. The error in this case likely comes from not also selecting option 'A'. Option 'A' is incorrect because by default 'head' displays the first 10 lines of a file, not 5 lines. Option 'B' is incorrect because 'tail' can view multiple files simultaneously by concatenating them. Therefore, recognizing that options 'C' (usage for viewing log files) and 'D' (using '-n' option to specify the number of lines) are correct for this context is crucial for a correct answer."
关Linux中的输入输出重定向，下面哪些描述是正确的?,"{'A': '标准输出流（stdout），显示来自命令的输出，文件描述符是 0', 'B': '标准输入流（stdin），向命令提供输入，文件描述符是 1', 'C': '对于任何一条linux 命令,其结果都是通过stdout输出到输出设备上；', 'D': 'Linux中使用> 和>> 操作符来重定向标准输出', 'E': '标准输入重定向是让命令从指定文件中获取输入而非从stdin中获取输入。'}","[""D"", ""E""]",0,K_标准输入流_计算机科学与技术,Linux系统管理,K_标准输入流_计算机科学与技术,"The question asked about correct statements regarding input and output redirection in Linux. The correct descriptions should reflect the conventional file descriptors and their usage: 

- Option A is incorrect because the file descriptor for stdout is actually 1, not 0. 
- Option B is incorrect because the file descriptor for stdin is 0, not 1.
- Option C is incorrect because the result of a command can be directed to either stdout, stderr, or a file, not exclusively to an output device.
- Option D is correct because the > operator is used to redirect stdout to a file, replacing its contents, and >> appends stdout to the file.
- Option E is correct because it accurately describes standard input redirection using a specified file instead of the default stdin.

Therefore, the student selected options D and E, which are indeed correct, but since the record states an incorrect answer, they may have submitted an incorrect format or mistaken some of the options initially."
"关于命令echo -e ""1 applen2 pearn3 banana""&gt;&gt;fruit.txt，下面哪些描述是错误的。","{'A': '这个命令将echo的输出重定向到了fruit.txt文件中。', 'B': 'fruit.txt文件中如果原有内容将被覆盖', 'C': 'echo的输出重定向将追加到fruit.txt文件最后', 'D': '如果fruit文件不存在，命令将出错'}","[""B"", ""D""]",1,K_追加_计算机科学与技术,Linux系统管理,K_追加_计算机科学与技术,"The student's answer is correct. Option B is incorrect because the '>>' operator appends the output to the end of the file instead of overwriting it. Option D is incorrect because if the file 'fruit.txt' does not exist, the command will create it instead of causing an error."
在CentOS中，默认情况下，虚拟用户的UID范围是:,"{'A': '1-499', 'B': '0-499', 'C': '0-500', 'D': '500以后'}","[""A""]",0,K_虚拟用户_计算机科学与技术,Linux系统管理,K_虚拟用户_计算机科学与技术,"The student answered 'A: 1-499' when the correct answer for the default UID range of virtual users in CentOS should be 'D: 500以后'. In CentOS, UIDs below 500 (or 1000 in newer versions) are typically reserved for system accounts, and virtual users often start from 500 or later. Therefore, the student's answer was incorrect."
关于CentOS中的用户，描述错误的是：,"{'A': '虚拟用户是给系统的访客使用的', 'B': '根用户的UID是固定的', 'C': '虚拟用户使用的默认Shell是BASH', 'D': 'Linux是通过用户名来识别用户的身份的', 'E': '普通用户对系统有只有有限的权限'}","[""A"", ""C""]",0,K_虚拟用户_计算机科学与技术,Linux系统管理,K_虚拟用户_计算机科学与技术,"The student answered incorrectly by selecting options 'A' and 'C'. Let's examine why these might be incorrect: 

- Option 'A' says '虚拟用户是给系统的访客使用的' ('Virtual users are for guests of the system'). In CentOS, virtual users are not specifically meant for system guests; rather, they are typically used for services like FTP and do not have a corresponding real account on the system.

- Option 'C' claims '虚拟用户使用的默认Shell是BASH' ('The default shell for virtual users is BASH'). Virtual users do not usually have a shell assigned as they are used for services and not for logging in to the system in a typical manner.

‘B’, ‘D’, and ‘E’ are correct statements as they are factual characteristics of the Linux user management system. Understanding the roles and characteristics of different types of users is key to answering such questions correctly."
关于Linux中的用户组，描述错误的是：,"{'A': '用户组的身份标识叫做GID', 'B': '一个用户只能从属于一个用户组', 'C': '一个用户组能够包含多个用户', 'D': '在同一时刻，一个用户的主用户组只能有一个', 'E': '每个用户都必定从属于一个与用户同名的独立的私有用户组'}","[""B"", ""E""]",1,K_用户组_计算机科学与技术,Linux系统管理,K_用户组_计算机科学与技术,"The student correctly identified options 'B' and 'E' as incorrect descriptions regarding user groups in Linux. Option 'B' is incorrect because, in Linux, a user can belong to multiple groups, not just one. Option 'E' is incorrect because although it is common for a new user to have a private group with the same name, it is not mandatory for every user to have such a group. Therefore, the student's selection is accurate."
用户的主用户组属性将影响到：,"{'A': '用户创建的文件属性', 'B': '用户对于文件的访问权限', 'C': '用户是否为虚拟用户', 'D': '用户能否被删除'}","[""A"", ""B""]",0,K_文件属性_计算机科学与技术,Linux系统管理,K_文件属性_计算机科学与技术,"The student answered incorrectly by choosing options A and B. In Linux system management, a user's primary group does not directly affect the file properties or a user's access permissions to a file (option B), but it does affect the attributes of files created by the user (option A). Generally, the correct choice for how a primary group affects a user is option A, as the default group ownership of newly created files is determined by the user's primary group. Option B might have been mistakenly selected as it is related but not directly affected by the primary group membership. Understanding the specific role of a primary group in Linux, particularly regarding file creation and permission setting, is key to selecting the correct answers in such questions."
id命令能够查看的用户信息有：,"{'A': '用户的创建时间', 'B': '用户的主用户组', 'C': '用户从属的用户组名', 'D': '用户家目录'}","[""B"", ""C""]",0,K_用户组_计算机科学与技术,Linux系统管理,K_用户组_计算机科学与技术,"The student answered incorrectly because the 'id' command in Linux displays a user's primary group and the groups they belong to, which correspond to options 'B' and 'C'. However, there seems to be a misunderstanding or misinterpretation in identifying the options or understanding the question, as 'is_correct' is marked false. It's important to check whether there was an error in marking or in the student's selection."
假设目前我们以nboocer用户登录系统，处在nboocer用户的家目录下，现在要切换到root用户，下面描述正确的是：,"{'A': '使用 su root 切换，需要输入root用户密码，切换后处在root用户家目录中。', 'B': '使用 su - root 切换，需要输入root用户密码，切换后处在root用户家目录中', 'C': '使用 su -l root 切换，需要输入root用户密码，切换后处在root用户家目录中', 'D': '使用 su root 切换，需要输入nboocer用户密码，切换后处在nboocer家目录中', 'E': '使用 su - root 切换，需要输入nboocer用户密码，切换后处在root用户家目录中'}","[""B"", ""C""]",1,K_登录_计算机科学与技术,Linux系统管理,K_登录_计算机科学与技术,"The student correctly identified the descriptions 'B' and 'C' as accurate for switching to the root user. Both options describe using the 'su' command with the '-' or '-l' option, which requires the root user's password and changes the current directory to the root user's home directory. Option 'B' uses 'su - root' and option 'C' uses 'su -l root', both of which are valid commands for this scenario in Linux system management."
关于切换用户命令su，下面描述正确的是：,"{'A': '由根用户切换普通用户时需要输入用户密码', 'B': '由普通用户切换根用户时需要输入用户密码', 'C': '由普通用户之间相互切换时需要输入用户密码', 'D': '由根用户切换为虚拟用户时需要输入用户密码', 'E': '切换用户身份后，对系统的访问权限也随之改变'}","[""B"", ""C"", ""E""]",1,K_虚拟用户_计算机科学与技术,Linux系统管理,K_虚拟用户_计算机科学与技术,The student correctly identified the statements that accurately describe the 'su' command's behavior. Statement 'B' is correct because switching from a regular user to the root account requires the root password. Statement 'C' is correct because switching between regular users also requires entering the user's password. Statement 'E' accurately describes that the permissions change based on the account you switch to. These selections properly reflect the behavior of the 'su' command in Linux system management.
关于CentOS中的usermod命令，下面描述正确的是：,"{'A': '用-u选项修改用户的UID时，必须确保这个UID未曾被别人使用', 'B': '用–G来修改用户的从属用户组的时候，如果用户组不存在，Linux会自动创建这个用户组', 'C': '在用户已经登录系统的情况下，无法修改用户的UID', 'D': '在用户已经登录系统的情况下，可以用-l选项修改用户的用户名', 'E': '用-d选项修改用户的家目录时，必须确保要指定的目录已经存在'}","[""A"", ""C"", ""E""]",1,K_登录_计算机科学与技术,Linux系统管理,K_登录_计算机科学与技术,"The student correctly selected options A, C, and E based on their knowledge of the 'usermod' command in CentOS. Option A is correct because when using the '-u' option to modify a user's UID, it's essential to ensure that the new UID is not already used by another user. Option C is also correct because it is generally not possible to change the UID of a user who is currently logged in to avoid issues with file ownership, permissions, and process identity. Option E is correct as well as, when modifying a user's home directory with the '-d' option, the specified directory must exist; otherwise, the system cannot set it as the user's home directory. The student correctly identified these aspects, indicating a solid understanding of the usermod command functionality in Linux system administration."
关于CentOS中的修改用户组命令groupmod，下面描述正确的是：,"{'A': '随意更改用户组的 GID可能会造成系统混乱', 'B': '带选项–n可以修改用户组名', 'C': '更改用户组名可能会造成系统混乱', 'D': '如果有用户将某用户组作为其主用户组，那么在用户已经登录系统的情况下，无法修改这个用户组名'}","[""A"", ""B""]",0,K_登录_计算机科学与技术,Linux系统管理,K_登录_计算机科学与技术,"The student's answer was incorrect because the correct description about modifying a user group using the 'groupmod' command in CentOS is option B: '带选项–n可以修改用户组名'. The student selected both options A and B. While option A is generally true in the sense that changing the GID unexpectedly might cause issues, it is not the main focus of the question, which is about the correct descriptions of the 'groupmod' command. Option C and D are incorrect because while changing names or modifying groups require carefulness to avoid conflicts, they do not inherently cause chaos nor are they blocked when users are logged in as described. Hence, the emphasis should be on the functionality provided by the option '-n' within the command itself, addressing the modification of the group name as correctly described in option B."
下面关于Linux系统用户管理的说法，哪些是错误的？,"{'A': '作为掌握根用户口令系统管理员，理论上最好只有一个', 'B': '要执行一个根用户才有权限执行的命令，必须先切换为根用户身份', 'C': '可以通过某种方法分配给普通用户一些合理的根用户“权力”', 'D': '系统中的根用户只能有一个', 'E': '要与其他人共享根用户权限，就需要告诉他根用户密码'}","[""B"", ""E""]",1,K_系统管理员_计算机科学与技术,Linux系统管理,K_系统管理员_计算机科学与技术,"The student answered correctly. Option B is incorrect because there are ways to execute root-level commands without switching to the root user, such as using 'sudo' for authorized users. Option E is incorrect as well, since it's possible to share root privileges without sharing the root password by adding users to the 'sudoers' file or group, allowing them to run commands with root privileges without knowing the root password."
关于Linux中用的用户配置文件，下面描述正确的是：,"{'A': '/etc/passwd中存放着用户加密后的密码', 'B': '/etc/passwd中存放着用户的主用户组信息', 'C': '如果用户密码为空，/etc/passwd的第二个字段将出现叹号！或者星号 *', 'D': '/etc/shadow 中第三个字段表示的密码最后一次修改时间', 'E': '可以通过修改passwd 和 shadow文件的内容来修改用户属性'}","[""B"", ""D"", ""E""]",0,K_用户配置文件_计算机科学与技术,Linux系统管理,K_用户配置文件_计算机科学与技术,"The student's selected answers included some incorrect choices. Here's the explanation for each option: 

- Option A is incorrect because the /etc/passwd file does not store encrypted passwords; instead, it holds user account information, including username, user ID, group ID, home directory, and shell. The encrypted passwords are actually stored in the /etc/shadow file. 

- Option B is correct as the /etc/passwd file indeed contains information about the user's primary group. 

- Option C is incorrect; if a user has no password, the second field in /etc/passwd typically contains an 'x', while actual password information (including any stars or exclamations) is found in /etc/shadow. 

- Option D is correct because the third field in /etc/shadow indicates the last time the password was changed, expressed as the number of days since January 1, 1970. 

- Option E is correct as it is possible to change user properties by editing the passwd and shadow files directly, though it's not recommended due to potential security risks and human errors. 

The student's mistake was selecting an incorrect option (likely A or C) along with the correct options."
fdisk命令中将分区写入分区表的指令是：,"{'A': 'w', 'B': 's', 'C': 'r', 'D': 'ctrl+s'}","[""A""]",1,K_分区表_计算机科学与技术,Linux系统管理,K_方波信号_计算机科学与技术-K_数字信息_计算机科学与技术-K_分区表_计算机科学与技术,"The student correctly identified the 'w' command as the one that writes changes to the partition table in the fdisk command line tool. Within the fdisk utility, the 'w' command is used to write the new partition table to disk and exit. The other options do not perform this function, which is why the answer 'A' is correct."
将主机的第二块SCSI接口硬盘上的第2个格式化为ext4文件系统的逻辑分区以只读方式挂载到/tmp_disk目录上的命令是:,"{'A': 'mount -t ext4 -o rw /dev/sdb6 /tmp_disk', 'B': 'mount -t ext4 -o ro /dev/sdb2 /tmp_disk', 'C': 'mount -t ext4 -o ro /dev/sdb6 /tmp_disk', 'D': 'mount -t ext4 -o rw /dev/sdb6 /tmp_disk'}","[""C""]",1,K_逻辑分区_计算机科学与技术,Linux系统管理,K_逻辑分区_计算机科学与技术,"The student's answer is correct. The task is to mount the second logical partition on the second SCSI hard drive (/dev/sdb2) with the ext4 filesystem as read-only to the /tmp_disk directory. Option C correctly uses the '-o ro' option for read-only access and specifies the device name /dev/sdb6, which matches the prompt if it were related to an oversight in noting the 'logical partition'. However, the prompt refers to the second logical partition, which would technically be incorrect, but option C remains technically accurate for a different contextual understanding involving the example name /dev/sdb6 and operational parameters of the command 'mount -t ext4 -o ro'. Therefore, the student correctly includes the ext4 filesystem, read-only flag, and target directory in their response. It's important to verify device naming consistency with logical partitions in the prompt."
关于Linux中开机自动挂载分区配置文件/etc/fstab，下面描述正确的是:,"{'A': '第一个字段可以填入要开机挂载的设备名', 'B': '第一个字段可以填入要开机挂载的设备标签', 'C': '第一个字段可以填入要开机挂载的设备UUID', 'D': '第一个字段可以填入要开机挂载的设备别名'}","[""A"", ""B"", ""C""]",1,K_设备名_计算机科学与技术,Linux系统管理,K_设备名_计算机科学与技术,"The student's answer is correct because the /etc/fstab file in Linux allows the first field to contain different identifiers for the partitions to be automatically mounted at boot. It can include the device name (e.g., /dev/sda1), the device label, or the device UUID. These are all valid identifiers for specifying the partition in fstab, as indicated by the options A, B, and C. The student's selection of these options aligns with the correct usage of fstab."
关于Linux中挂载分区，下面描述正确的是：,"{'A': '划分并格式化好的分区要挂载到系统目录树中的某个目录上才能被访问', 'B': '分区只能够挂载在空目录上', 'C': '分区的挂载目录被称为挂载点', 'D': '所有类型的分区都能被挂载', 'E': '分区可以被同时挂载在不同的目录上'}","[""A"", ""C"", ""E""]",0,K_系统目录_计算机科学与技术,Linux系统管理,K_系统目录_计算机科学与技术,"The student selected options A, C, and E. Option A is correct: a partition must be mounted to a directory within the system directory tree to be accessed. Option C is also correct: the directory where a partition is mounted is called a mount point. However, option E is incorrect: a partition cannot be simultaneously mounted in different directories. For a correct answer, the student should have selected only options A and C. Option B, while technically true in certain implementations, was not selected by the student, nor was it necessary for the correct answer, while option D is incorrect as not all types of partitions can be mounted, such as swap partitions dynamically used for virtual memory."
关于Linux中卸载分区，下面描述正确的是：,"{'A': '可以用设备名来卸载分区', 'B': '如果分区中文件正在被访问，分区不可卸载', 'C': '可以用挂载点来卸载分区', 'D': '如果分区挂载在一个原本有文件存放着的目录上，分区卸载后，这些文件仍旧可访问'}","[""A"", ""B"", ""C"", ""D""]",0,K_设备名_计算机科学与技术,Linux系统管理,K_设备名_计算机科学与技术,"The student's answer includes all options, but not all are correct. In Linux, a partition can be unmounted using the mount point (option C), and attempting to unmount a partition that is in use will fail (option B). However, using a device name directly to unmount is not the typical method (option A is incorrectly considered correct as well), and while files in the original directory won't be accessible once a partition is unmounted, it's misleading to say they remain accessible (option D is incorrect). Therefore, only options B and C are correct; the student selected all options, leading to an incorrect answer."
主机上第三块SCSI接口的硬盘中第一个逻辑分区的设备文件名字是,"{'A': 'sdc1', 'B': 'sda1', 'C': 'sdc4', 'D': 'sda4', 'E': 'sdc5'}","[""E""]",1,K_逻辑分区_计算机科学与技术,Linux系统管理,K_逻辑分区_计算机科学与技术,"The student correctly identified the device file name for the first logical partition of the third SCSI hard drive as 'sdc5'. In Linux, SCSI hard drives are named sequentially as sda, sdb, sdc, and so on. The physical partitions are numbered starting from 1 (e.g., sdc1 for the first primary partition), while logical partitions start numbering from 5. Therefore, sdc5 is indeed the correct designation for the first logical partition on the third SCSI drive."
可以用哪个命令测试两台主机之间网络的连通性。,"{'A': 'ping', 'B': 'ifconfig', 'C': 'ipconfig', 'D': 'route'}","[""A""]",1,K_ipconfig_计算机科学与技术,Linux系统管理,K_ipconfig_计算机科学与技术,"The student answered the question correctly. The question asked which command can be used to test the network connectivity between two hosts. The correct answer is 'ping' (option A), as this command is commonly used for checking the reachability of a host on an IP network. 'ifconfig' (option B) and 'ipconfig' (option C) are used for displaying or configuring network interfaces, and 'route' (option D) is used to show or manipulate the IP routing table. Therefore, 'ping' is the correct choice for testing connectivity."
回环接口为系统提供一个单机网络环境，一般用于网络程序的调试。,"{'true': '正确', 'false': '错误'}","[""true""]",1,K_调试_计算机科学与技术,Linux系统管理,K_调试_计算机科学与技术,"The student answered correctly by selecting 'true'. The statement explains the purpose of the loopback interface in providing a local network environment for debugging network programs. This understanding is accurate, as the loopback interface is indeed used for such purposes in system management and debugging within Linux environments."
关于修改主机名，下面那些说法是正确的：,"{'A': '需要修改/etc/sysconfig/network文件', 'B': '需要修改/etc/hosts文件', 'C': '需要修改/etc/sysconfig/network-scripts/ifcfg-eth0文件', 'D': '一般需要重启系统，让修改生效'}","[""A"", ""B"", ""D""]",1,K_主机名_计算机科学与技术,Linux系统管理,K_主机名_计算机科学与技术,"The student correctly answered the question about changing the hostname. In Linux, the usual steps involve modifying the /etc/sysconfig/network file to define the hostname ('A'), editing the /etc/hosts file to map the hostname to IP addresses ('B'), and generally needing to restart the system to ensure the changes take effect ('D'). Option 'C' is less commonly associated with changing the hostname itself, hence not included in the correct answer."
关于为网络接口配置DHCP，下面那些说法是正确的：,"{'A': 'DHCP很方便，但是更容易发生配置错误', 'B': 'DHCP服务器可以指定接口的IP地址、子网掩码和网关', 'C': '默认情况下，CentOS使用DHCP协议配置接口网络参数', 'D': 'DHCP服务器还可以指定主机名'}","[""B"", ""C"", ""D""]",1,K_主机名_计算机科学与技术,Linux系统管理,K_主机名_计算机科学与技术,"The student correctly answered the question by selecting options B, C, and D. These options correctly describe functions of DHCP: option B states that the DHCP server can assign IP addresses, subnet masks, and gateways, which is true; option C mentions CentOS using DHCP by default for network parameters, which is also accurate; option D states that DHCP can assign a hostname, which is also correct. Option A was not selected, which was sensible as although DHCP is convenient, its general statement about configuration errors doesn't apply specifically to its correctness in assigning network parameters."
关于Linux中的软件管理，下面那些选项是正确的？,"{'A': '在某个Linux发行版下开发和编译的程序，直接放到另外一个Linux发行版下有可能性无法运行', 'B': '早期的Linux的软件都是通过源码来分发', 'C': 'RPM是所有Linux发现版本上的通用的软件包管理器', 'D': 'RPM是Linux下软件资源最丰富的软件包类型'}","[""A"", ""B"", ""D""]",0,K_软件资源_计算机科学与技术,Linux系统管理,K_软件资源_计算机科学与技术,"The student's answer was incorrect because they included the option 'D' which is not a correct statement. While options 'A' and 'B' are correct, as software developed on one Linux distribution may not run on another and early Linux software was indeed distributed through source code, option 'D' is incorrect. RPM is not the richest software package type in Linux; it is specific to certain distributions like Red Hat. Instead, option 'C' would be incorrect if chosen because RPM is not a universal package manager for all Linux distributions (e.g., Debian uses DEB). Therefore, 'C' and 'D' should not be part of the correct answer, but the student incorrectly included 'D'."
关于用rpm卸载软件，下面哪些说法是正确的：,"{'A': '使用-r选项', 'B': '使用-e选项', 'C': '卸载软件需要知道软件安装后包括版本号在内的全名', 'D': '卸载软件只需要知道软件名即可', 'E': '卸载一个软件可能会导致系统中别的软件无法使用'}","[""B"", ""C"", ""E""]",0,K_全名_计算机科学与技术,Linux系统管理,K_全名_计算机科学与技术,"The student incorrectly answered this question. When using the rpm command to uninstall software, the correct answers are B, C, and E. Option B is correct because the '-e' option is used with rpm to uninstall a package. Option C is correct because knowing the full name of the software including the version number is necessary when uninstalling software using rpm to ensure the correct package is targeted. Option E is also correct as uninstalling a software package could remove dependencies required by other programs, causing them not to work properly. This indicates that the student might have misidentified the options or misunderstood the requirements for using rpm to uninstall packages."
下面关于yum的说法那些是错误的？,"{'A': 'yum目的就是为了解决RPM管理软件包时的依赖关系难题', 'B': 'yum是一种区别于RPM软件封装模式', 'C': 'yum是红帽系列Linux中的默认软件管理器', 'D': 'yum客户端在安装软件时无需了解该软件包的依赖关系信息'}","[""B"", ""C""]",1,K_软件管理器_计算机科学与技术,Linux系统管理,K_软件管理器_计算机科学与技术,"The student correctly identified statements B and C as incorrect about yum. Explanation: Option B is incorrect because yum is not a packaging system itself; it is a tool that works with RPM to resolve dependencies. Option C is incorrect because although yum is widely used in Red Hat-based systems, it is not necessarily the default on all versions or distributions, as some might use DNF or other managers."
集线器与交换机在组建局域网上有什么不同？（）,"{'A': '集线器，处于OSI模型的第一层--物理层；交换机处于OSI模型的第二层--数据链路层', 'B': 'HUB相比于交换机，它的数据传输率有限', 'C': '交换机的数据传输性能比HUB要高的多', 'D': '交换机，处于OSI模型的第一层--物理层；集线器处于OSI模型的第二层--数据链路层'}","[""A"", ""B"", ""C""]",1,K_数据传输率_计算机科学与技术,网络综合布线,K_数据传输率_计算机科学与技术,"The student correctly selected the answers A, B, and C, which accurately describe the differences between hubs and switches in a network setup. Option A is correct as it states the correct positions of hubs and switches in the OSI model. Option B and C correctly describe the differences in data transmission rates and performance, where switches generally provide higher performance than hubs."
网络层的数据传输单元是（  ）,"{'A': '数据帧', 'B': '比特流', 'C': '数据段', 'D': '数据包'}","[""D""]",1,K_数据帧_计算机科学与技术,网络综合布线,K_数据帧_计算机科学与技术,"The student correctly identified 'D: 数据包' as the data transfer unit of the network layer. In the OSI model, the network layer is responsible for routing packets, so '数据包' (data packet) is the appropriate term for its data unit."
TCP/IP参考模型将网络通信按功能分为（ ）,"{'A': '3层', 'B': '4层', 'C': '5层', 'D': '7层'}","[""B""]",1,K_TCP/IP参考模型_计算机科学与技术,网络综合布线,K_TCP/IP参考模型_计算机科学与技术,"The student's answer is correct. The TCP/IP reference model divides network communication into 4 layers: the Link layer, the Internet layer, the Transport layer, and the Application layer. This matches with option B, which states '4层'."
下列属于应用层协议的是（ ）,"{'A': 'ICMP', 'B': 'ARP', 'C': 'TCP', 'D': 'HTTP'}","[""B""]",0,K_TCP_计算机科学与技术,网络综合布线,K_TCP_计算机科学与技术,"The question asks for an application layer protocol. The options given are 'ICMP', 'ARP', 'TCP', and 'HTTP'. ICMP and ARP are protocols related to network and link layers, respectively, while TCP is a transport layer protocol. HTTP, however, is an application layer protocol. The student's answer, 'ARP', is incorrect because ARP is not an application layer protocol. The correct answer is 'HTTP', which belongs to the application layer."
在网络拓扑结构中，总线形结构的优点是（ ）,"{'A': '结点增删容易', 'B': '故障诊断定位准确', 'C': '安装简便灵活', 'D': '适合采用光纤连接'}","[""A"", ""C""]",0,K_网络拓扑结构_计算机科学与技术,网络综合布线,K_网络拓扑结构_计算机科学与技术,"The question asked for the advantages of a bus topology structure in network design. The student chose 'A' and 'C' as answers, which are '結点增删容易' (easy to add or remove nodes) and '安装简便灵活' (simple and flexible installation), respectively. The student answered incorrectly because, typically, the major advantages of bus topology are indeed 'simple installation' and 'cost-effectiveness' rather than 'easy node addition or removal'. Therefore, it seems the chosen answers were partially correct but not fully aligned with commonly accepted advantages. Additionally, choosing two options may suggest ambiguity in the question or the options stated, as bus topology is not typically known for easy node alterations without disruption to the overall network."
星型拓扑结构的有哪些特点？（ ）,"{'A': '安装容易,结构简单，通常以集线器或交换机作为中央节点，便于维护和管理', 'B': '由于信道共享，连接的节点不宜过多，并且总线自身的故障可以导致系统的崩溃', 'C': '安装困难，费用高，电缆故障容易查找和排除', 'D': '容易扩展，故障也容易分离处理'}","[""A"", ""D""]",1,K_故障_计算机科学与技术,网络综合布线,K_故障_计算机科学与技术,"The student correctly identified the characteristics of a star topology, which include being easy to install and having a simple structure (Option A), as well as being easy to expand and handle faults (Option D). In a star topology, all nodes are connected to a central hub or switch, simplifying maintenance and management, and localizing faults to individual connections rather than affecting the entire network."
总线型网络采用的控制策略是什么？（ ）,"{'A': '分布式控制策略', 'B': '集中式控制策略', 'C': '令牌总线访问控制方式', 'D': 'CSMA/CD'}","[""D""]",0,K_控制策略_计算机科学与技术,网络综合布线,K_控制策略_计算机科学与技术,"The student's answer 'D: CSMA/CD' is incorrect. CSMA/CD (Carrier Sense Multiple Access with Collision Detection) is a network protocol for carrier transmission but does not specifically describe a control strategy used by bus networks. The correct answer should be 'C: 令牌总线访问控制方式', which is a token bus access control strategy. In a token bus network, a token is passed around the network nodes; only the node with the token can send data, which avoids collisions and manages access control effectively."
工作区子系统又称（ ）子系统。,"{'A': '工作站', 'B': '服务群', 'C': '服务区', 'D': '信息站'}","[""C""]",1,K_服务区_计算机科学与技术,网络综合布线,K_服务区_计算机科学与技术,"The student correctly identified that the '工作区子系统', also known as 'Work Area subsystem', is referred to as '服务区' subsystem, aligning with the correct option C. This answer is consistent with the topic of structured cabling systems in computer science and technology, where the service area is an essential component."
垂直干线子系统也称（）子系统。,"{'A': '骨干', 'B': '综合', 'C': '干线', 'D': '连接'}","[""C""]",1,K_综合_计算机科学与技术,网络综合布线,K_综合_计算机科学与技术,"The student correctly answered that the 垂直干线子系统 (Vertical Backbone Subsystem) is also referred to as the 干线 (Backbone) Subsystem, which is option 'C'. This choice correctly reflects the terminology used in network cabling systems, where the vertical backbone typically refers to the main pathways for data transmission. Therefore, the student's response was accurate based on the given options."
水平干线子系统是指从楼层配线架到工作区的传输线路。,"{'true': '正确', 'false': '错误'}","[""true""]",1,K_传输线路_计算机科学与技术,网络综合布线,K_传输线路_计算机科学与技术,"The student correctly answered 'true'. This indicates that they understand that the horizontal cabling subsystem refers to the transmission lines extending from the floor distribution frame to the work area, which aligns with standard networking and structured cabling principles."
水平子系统的设计需要认真阅读建筑物设计图纸，确定工作区子系统信息点的位置和数量完成点数表,"{'true': '正确', 'false': '错误'}","[""true""]",1,K_点数_信息与通信工程,网络综合布线,K_点数_信息与通信工程,"The student correctly identified the statement as true. The design of the horizontal subsystem indeed requires careful reading of building design plans to determine the positions and number of information points in the work area, which is essential for completing the point count table in network cabling courses."
水平子系统属于配线子系统对应缆线长度规定，配线子系统信道的最大长度不应大于一百米新造总长度不应大于2000米。,"{'true': '正确', 'false': '错误'}","[""true""]",0,K_系统对_计算机科学与技术,网络综合布线,K_系统对_计算机科学与技术,"The student answered 'true', indicating they believed the statement was correct. However, the correct understanding in network cabling for a patch panel subsystem is that the channel length should not exceed 100 meters, but there's no typical rule that the total length should specifically not exceed 2000 meters. This might be specific guidance for a project or scenario, but it's not a standard rule. Therefore, the student's answer was incorrect."
水平插头子系统从工作区的信息插座开始到管理间子系统的（）。,"{'A': 'RJ-45', 'B': '信息终端', 'C': '信息插座', 'D': '配线架'}","[""D""]",1,K_配线架_计算机科学与技术,网络综合布线,K_配线架_计算机科学与技术,"The question asked about the endpoint of the horizontal cabling subsystem starting from the information outlet in the workspace. The correct answer is 'D' (配线架, patch panel) because in structured cabling systems, horizontal cabling usually extends from the telecommunications outlet or network port in the workspace to the patch panel in the data center or telecommunications room. The student correctly identified '配线架' as the correct option, which matches their understanding of how horizontal cabling is structured in the field of network integrated cabling."
吊顶上加工线槽布线由楼层管理间引出来的线缆先走吊顶内线槽道个房间后经分支线槽从桥梁时电缆管道分叉后将电缆穿过一段支管引向墙壁沿墙而下到墙内信息插座的布线方式,"{'true': '正确', 'false': '错误'}","[""true""]",1,K_线缆_计算机科学与技术,网络综合布线,K_线缆_计算机科学与技术,"The student correctly identified the described cabling method as correct. The approach described ensures that cables are properly routed from the floor management room, through ceiling ducts to individual rooms, and then to wall outlets via branch conduits, which is a standard practice in network cabling. This method helps maintain organization and minimizes exposure, meeting guidelines for structured cabling."
路由的选择主要依据建筑物的结构以及建筑物内预埋管道而定。,"{'true': '正确', 'false': '错误'}","[""true""]",1,K_路由_计算机科学与技术,网络综合布线,K_路由_计算机科学与技术,"The student answered 'true' to the statement that 'the routing choice mainly depends on the structure of the building and the embedded pipelines within the building,' which is correct. In network cabling, the physical layout and existing infrastructure of a building are critical factors in determining the optimal routing for cables. Therefore, the student's answer aligns with the principles of network infrastructure planning."
跳线架的作用是上级程控交换机过来的接线与到桌面终端的语音信息点连接线之间的连接和跳接部分，便于管理，维护测试。,"{'true': '正确', 'false': '错误'}","[""true""]",1,K_接线_计算机科学与技术,网络综合布线,K_接线_计算机科学与技术,"The student correctly answered 'true'. The role of a patch panel, as described in the content, is to serve as a connector and jumper between the incoming lines from a higher-level program-controlled switch and the communication point lines to desktop terminals. This facilitates management, maintenance, and testing, which corresponds accurately to its defined function. Therefore, the answer is correct."
"配线架端口数量应该大于信息点数量,保证全部信息点过来的缆线全部端接在配线架中。","{'true': '正确', 'false': '错误'}","[""true""]",1,K_端接_计算机科学与技术,网络综合布线,K_端接_计算机科学与技术,The student answered correctly that the number of ports on a patch panel should be greater than the number of information points. This ensures that all cables coming from the information points can be terminated on the patch panel. This understanding demonstrates proper knowledge in the field of network integrated wiring.
"管理间子系统使用色标来区分配线设备的性质,标明端接区域、物理位置、编号、容量、规格等,以便维护人员在现场一目了然地加以识别。","{'true': '正确', 'false': '错误'}","[""true""]",1,K_端接_计算机科学与技术,网络综合布线,K_端接_计算机科学与技术,"The student correctly identified the statement as true. The content describes how color codes are used in management subsystems to easily distinguish and identify the characteristics of wiring devices, such as their termination area, physical location, number, capacity, and specifications. This helps maintenance personnel clearly recognize them on site. This practice aligns with principles in network integrated cabling, where such labeling and color coding are standard for efficient and accurate management."
配线架主要110系列配线架，RJ45模块化配线架这两类。,"{'true': '正确', 'false': '错误'}","[""true""]",1,K_配线架_计算机科学与技术,网络综合布线,K_配线架_计算机科学与技术,"The student correctly identified that the main types of patch panels are the 110 series patch panel and the RJ45 modular patch panel. These are standard components in structured cabling systems, and the student's answer reflects an understanding of this knowledge from the course '网络综合布线' (Network Structured Cabling)."
设备间的理想位置应设于建筑综合布线主干线路的中间。,"{'true': '正确', 'false': '错误'}","[""true""]",1,K_理想_计算机科学与技术,网络综合布线,K_理想_计算机科学与技术,"The student answered 'true' and was correct. In the context of network structured cabling, placing the equipment room ideally in the center of the building's main trunk line reduces cable lengths, improves network performance, and optimizes the cabling layout. This central positioning facilitates easier management and scalability of the network infrastructure."
建筑群子系统的室外缆线，一般通过建筑物进线间进入大楼内部的设备间，室外距离比较长，设计时一般选用地埋管道穿线或者电缆沟敷设方式。也有在特殊场合使用直埋方式，或者架空方式,"{'true': '正确', 'false': '错误'}","[""true""]",1,K_线或_计算机科学与技术,网络综合布线,K_线或_计算机科学与技术,"The student correctly identified the statement as true. The exercise content describes the standard methods for installing outdoor cables for building cluster subsystems, where cables typically enter buildings through entry rooms into equipment rooms. These methods include underground duct laying, cable trench laying, and, in special cases, direct burial or overhead methods. The description aligns with common practices in network comprehensive cabling, hence the correct answer."
网络系统的缆线必须远离这些强电电缆，避免对网路系统的电磁干扰。,"{'true': '正确', 'false': '错误'}","[""true""]",1,K_网路_计算机科学与技术,网络综合布线,K_网路_计算机科学与技术,"The student's answer is correct. The statement emphasizes the importance of keeping network cables away from high-power electrical cables to prevent electromagnetic interference with the network system. Maintaining this distance is a standard practice in network installation to ensure optimal performance and reliability, which is why the student's selection of 'true' is accurate."
建筑物子系统的线缆布设方式有4种：架空布线法、直埋布线法、地下管道布线法和隧道内电缆布线。,"{'true': '正确', 'false': '错误'}","[""true""]",1,K_线缆_计算机科学与技术,网络综合布线,K_线缆_计算机科学与技术,"The student correctly identified the statement about the four methods of cable installation in building subsystems as true. These methods include aerial (架空) wiring, direct burial (直埋), underground conduit (地下管道), and tunnel (隧道) cabling, which are accurate descriptions of common practices in network infrastructure."
敷设电缆应综合考虑对环境的影响。,"{'true': '正确', 'false': '错误'}","[""true""]",1,K_综合_计算机科学与技术,网络综合布线,K_综合_计算机科学与技术,"The student correctly answered that 'cable laying should comprehensively consider the impact on the environment.' This shows an understanding that network engineering and infrastructure projects must take environmental considerations into account, ensuring sustainability and minimal negative impact during project implementation."
由于智能化建筑群所处的环境一般对美化要求较高，对于各种管线设施都有严格规定，要根据小区建设规划和传输线路分布，尽量采用地下化和（ ）化方式。,"{'A': '隐蔽', 'B': '突出', 'C': '彰显'}","[""A""]",1,K_传输线路_计算机科学与技术,网络综合布线,K_传输线路_计算机科学与技术,"The student correctly selected option 'A' which is '隐蔽' (concealed), fitting the context that construction in aesthetically demanding areas prefers underground or concealed methods to comply with regulations and maintain visual aesthetics."
下列哪个不是建筑群子系统常用的线缆布设方式（ ）,"{'A': '架空布线法', 'B': '直埋布线法', 'C': '地下管道布线法', 'D': '挂接'}","[""D""]",1,K_线缆_计算机科学与技术,网络综合布线,K_线缆_计算机科学与技术,"The student correctly identified '挂接' (D) as the option that is not a common method for laying cables in a building subsystem. The other options, '架空布线法' (A), '直埋布线法' (B), and '地下管道布线法' (C), are standard cable laying methods used in various infrastructure projects. Therefore, choosing '挂接', which does not fit with the typical methods, was the right answer."
在计算机系统中，外部设备必须通过（ ）才能实现与主机的信息交换。,"{'A': '电缆', 'B': '总线插槽', 'C': '接口', 'D': '电源'}","[""C""]",1,K_总线_计算机科学与技术,微机原理与接口技术,K_总线_计算机科学与技术,"The student's answer is correct. In computer systems, external devices must use an '接口' (interface) to communicate with the main system. Interfaces serve as a mediator that facilitates communication between the computer's hardware and external peripherals. Choices like '电缆' (cables), '总线插槽' (bus slots), and '电源' (power supply) are components that play different roles, but they do not directly manage the interchange of information as interfaces do."
计算机的核心是CPU，它包含了计算机的运算器和（）。,"{'A': '存储器和寄存器', 'B': '总线和接口', 'C': '控制器和寄存器', 'D': 'ALU和寄存器'}","[""C""]",1,K_总线_计算机科学与技术,微机原理与接口技术,K_总线_计算机科学与技术,"The question asks about the components of a CPU. The student selected option C: '控制器和寄存器' (Controller and Register), which is correct. The CPU typically consists of the arithmetic logic unit (ALU) and the control unit (CU), and the control unit is equivalent to the 'controller' in this context."
现代计算机中的总线采用,"{'A': '单总线结构', 'B': '双总线结构', 'C': '多总线结构', 'D': '系统总线结构'}","[""C""]",0,K_多总线_计算机科学与技术,微机原理与接口技术,K_多总线_计算机科学与技术,"The student's answer was incorrect because modern computers typically use a 'D: 系统总线结构' rather than the 'C: 多总线结构'. While some systems may adopt multiple buses for specific purposes, the standard architectural approach tends towards a systematic bus structure that integrates various functionalities into a singular bus framework for more efficient communication and processing in the computer."
判断符号数加减运算结果是否溢出的条件是（     ）。,"{'A': '最高位与次高位的进（借）位状态不同', 'B': '最高位与次高位的进（借）位状态相同', 'C': '最高位向更高位有进（借）位', 'D': '次高位向最高位有进（借）位'}","[""A""]",1,K_溢出_计算机科学与技术,微机原理与接口技术,K_溢出_计算机科学与技术,"The student's answer is correct. In computer science, overflow in signed number addition or subtraction can be detected by examining the carry into and out of the sign bit (most significant bit). If these two carry values are different, it indicates an overflow has occurred. Option 'A' correctly describes this condition, as it states that overflow is detected when the carry into the highest bit and the carry out of the highest bit are different."
微型计算机系统主要由（      ）组成。,"{'A': '微处理器，存储器，输入输出设备，I/O接口，软件系统', 'B': '微处理器，主机，总线，存储器，输入输出设备，I/O接口', 'C': '微处理器，主机，存储器，输入输出设备，I/O接口', 'D': '微处理器，存储器，总线，I/O接口，软件系统'}","[""D""]",1,K_微型计算机系统_计算机科学与技术,微机原理与接口技术,K_微型计算机系统_计算机科学与技术,"The student correctly identified that option D is the correct answer. A microcomputer system is primarily composed of components such as a microprocessor, memory, bus, I/O interface, and software system. These components together form the basic structure needed for a microcomputer to function, which makes option D the most accurate representation of the typical components found in a microcomputer system."
设BX中有一个16位带符号数。若要将BX中的内容除2，则以下正确的指令是（    ）。,"{'A': 'SAR BX,1', 'B': 'SHRBX,1', 'C': '.RARBX,1', 'D': 'SALBX,1'}","[""A""]",0,K_带符号_计算机科学与技术,微机原理与接口技术,K_带符号_计算机科学与技术,"The correct instruction to divide a signed 16-bit number in BX by 2 is 'SAR BX,1'. This is because SAR (Shift Arithmetic Right) properly handles the sign bit during the shift operation, which is essential for signed numbers. However, the student's answer did not match any of the provided options, which indicates a possible misunderstanding or misinterpretation of the question. Options B, C, and D use incorrect formats or operations for dividing a signed number by 2, such as 'SHR', which does not account for sign bits, and poorly formatted options like 'SHRBX,1' and others."
8088CPU中，以下哪一个部件不属于EU部分（   ）.,"{'A': 'ALU', 'B': '通用寄存器和标志寄存器', 'C': '段寄存器', 'D': 'EU控制电路'}","[""C""]",0,K_段寄存器_计算机科学与技术,微机原理与接口技术,K_段寄存器_计算机科学与技术,"The question asks which component does not belong to the Execution Unit (EU) of the 8088 CPU. The student selected 'C: 段寄存器 (Segment Register)', which is correct. However, according to the provided record, the answer was marked as incorrect. This may be a mistake in the grading, as segment registers are part of the Bus Interface Unit (BIU), not the Execution Unit (EU), which includes the ALU, general-purpose registers, and control circuits."
指令流水线是指（   ）.,"{'A': '微处理器有序地执行指令', 'B': '微处理器顺序地执行指令', 'C': '微处理器同时执行多条指令', 'D': '指令通过流水线传送给微处理器'}","[""C""]",0,K_指令流水线_计算机科学与技术,微机原理与接口技术,K_指令流水线_计算机科学与技术,"The student selected 'C' (微处理器同时执行多条指令), which is incorrect. The correct answer is 'A' (微处理器有序地执行指令). Instruction pipelining in computer architecture refers to the process where multiple instruction phases are overlapped in a kind of assembly line production. It allows the processor to handle multiple instructions at different stages of completion but does not mean the processor executes multiple instructions simultaneously, rather it executes them in an ordered sequence."
8088CPU中，以下哪一个部件不属于BIU部分（  ）.<!--!doctype-->,"{'A': '段寄存器<!--!doctype-->', 'B': '指令队列<!--!doctype-->', 'C': '通用寄存器<!--!doctype-->', 'D': '地址加法器、总线控制逻辑<!--!doctype-->'}","[""C""]",0,K_总线_计算机科学与技术,微机原理与接口技术,K_总线_计算机科学与技术,"In the 8088 CPU architecture, the BiU (Bus Interface Unit) is responsible for interfacing with the system bus, including fetching instructions and addressing memory. Segment registers, instruction queues, and components like address adders and bus control logic are part of the BIU. However, general-purpose registers are part of the EU (Execution Unit), not the BIU. Since option 'C' (通用寄存器) refers to general-purpose registers, it is correct that these do not belong to the BIU. The student's answer of 'C' was correct, and the mark as incorrect must have been an error in grading."
标志位SF表示（   ）,"{'A': '最高位是否向更高位有进借位', 'B': '运算结果是否为0', 'C': '运算结果是否超出符号数的范围', 'D': '运算结果的最高位是否为1'}","[""D""]",1,K_位_计算机科学与技术,微机原理与接口技术,K_位_计算机科学与技术,"The student correctly answered the question about the SF (Sign Flag) in computing. The SF indicates if the result of an operation has a negative value, which is represented by the highest bit being 1 in signed binary numbers. Thus, option 'D' correctly reflects the function of the SF, indicating the operation's result's highest bit is 1, suggesting a negative number."
以下哪一个特征不属于8086/8088CPU最小工作模式的特点（   ）.,"{'A': '仅支持少量设备组成的单处理器系统', 'B': '系统控制总线的信号由8088/8086CPU直接产生', 'C': '还需要其它控制器产生总线控制信号和命令信号', 'D': '最小模式构成的系统不能进行DMA传送'}","[""C""]",1,K_系统控制_计算机科学与技术,微机原理与接口技术,K_系统控制_计算机科学与技术,"The student correctly answered option C. In the minimal mode of the 8086/8088 CPU, the CPU itself generates the system control bus signals, and no additional controllers are needed to produce bus control and command signals, which contradicts the statement in option C. Therefore, option C is not a characteristic of the minimal mode, making it the correct choice."
总线的基本功能是（   ）,"{'A': '数据传输、地址传输、控制信号传输', 'B': '传输同步、仲裁控制、总线驱动', 'C': '输入、输出', 'D': '连接各个部件'}","[""B""]",0,K_步_计算机科学与技术,微机原理与接口技术,K_步_计算机科学与技术,"The student answered option B, which might seem correct as it involves synchronization and control aspects related to buses. However, the basic functions of a bus typically refer to 'data transmission, address transmission, and control signal transmission,' which is option A. Therefore, the student's answer was incorrect because they did not select the option that directly describes the fundamental operations performed by a bus in a computer system."
在8088/8086系统中，程序代码被存放在（    ）,"{'A': '代码段或数据段', 'B': '数据段或附加段', 'C': '代码段或堆栈段', 'D': '只能存放在代码段'}","[""D""]",0,K_代码段_计算机科学与技术,微机原理与接口技术,K_代码段_计算机科学与技术,"In the 8088/8086 system, program code is specifically stored in the 'code segment'. The student's selected option 'D' correctly refers to the code segment, but the wording '只能存放在代码段' (can only be stored in the code segment) is incorrect because, technically, due to system constraints, program code is designed to be stored in the code segment, but it might not be strictly enforced. The correct concept is that the code is primarily stored in the code segment, hence option 'D' was misunderstood even though it pointed to the right location for storing code."
8086发现READY引脚变为0时，它将在当前总线周期中插入（    ）周期。,"{'A': '总线周期', 'B': '时钟周期', 'C': '空闲周期', 'D': '查询周期'}","[""B""]",1,K_总线_计算机科学与技术,微机原理与接口技术,K_总线_计算机科学与技术,"The student correctly answered the question. In the context of the 8086 microprocessor, when the READY pin goes low (0), it indicates the need for the processor to wait for slower peripherals during a bus cycle by inserting 'clock cycles' until READY goes high again. Thus, the correct answer is 'B: 时钟周期'."
以下说法中，不正确的是（    ）,"{'A': '每个内存单元在整个内存空间中都具有惟一的地址', 'B': '8088/8086CPU系统中，每个内存单元地址都可以表示为32位的逻辑地址。', 'C': '在8088/8086CPU系统中，偏移地址可以是16bit或8bit，但段基地址必须是16bit。', 'D': '在8088/8086CPU系统中，20bit地址一定是物理地址。'}","[""C""]",0,K_逻辑地址_计算机科学与技术,微机原理与接口技术,K_逻辑地址_计算机科学与技术,"The student selected option C as incorrect, but the answer was marked as incorrect. Let's analyze the options: 

- Option A is correct; each memory unit indeed has a unique address.
- Option B is incorrect because in 8088/8086 CPU systems, logical addresses are segmented, leading to a 20-bit address rather than a 32-bit one.
- Option C states that the offset address can be 16-bit or 8-bit, and the segment base address must be 16-bit. This is true, as within the context of 8088/8086 architecture, both segment and offset addresses combined form the logical address with the segment being 16-bit.
- Option D is correct, as 20-bit addresses are indeed physical in the context of 8088/8086 systems.

The student's mistake was in choosing C as incorrect, when it is actually a correct statement about the segment and offset addresses. The incorrect statement is B, as it inaccurately describes the logical address size in the 8088/8086 system."
以下说法中，不正确的是（  ）,"{'A': '每个内存单元中都只存放8bit二进制数', 'B': '程序执行的顺序由CS和IP决定；', 'C': '程序执行的数据可以存放在数据段、附加段或堆栈段中；', 'D': '不同类型的逻辑段必须占有不同的内存空间。'}","[""D""]",1,K_数据段_计算机科学与技术,微机原理与接口技术,K_数据段_计算机科学与技术,"The student correctly identified 'D' as the incorrect statement. Different types of logical segments can occupy the same memory space, which makes option D incorrect. The other options are correct statements about memory and program execution."
Android应用程序目录结构中，[填空1]文件夹用于存放源代码文件？,,"{""1"": [""src目录""]}",0,K_Android_计算机科学与技术,智能设备应用开发（基于Android平台）,K_Android_计算机科学与技术,"The student answered that the 'src目录' is used for storing source code files in the Android application directory structure. However, in recent Android projects, the 'src' folder is commonly part of older project structures and the 'java' or 'kotlin' folders in the 'app/src/main/' directory are now used for storing Java or Kotlin source files. Therefore, while 'src目录' is not incorrect for older structures, the current correct terminology is more specific with 'java' or 'kotlin' folder within 'src/main/'."
在空白处填入适当代码，使编辑框为空时默认显示“Hello World”。&lt;EditTextandroid:layout_width=&quot;fill_parent&quot;android:layout_height=&quot;wrap_content&quot;android:textColor=&quot;#DDDDDD&quot;[填空1]android:id =&quot;@+id/et&quot;android:maxLength = &quot;10&quot;/ &gt;&lt;/EditText/ &gt;,,"{""1"": [""android:hint=&quot;Hello World&quot;""]}",0,K_Android_计算机科学与技术,智能设备应用开发（基于Android平台）,K_Android_计算机科学与技术,"The student needed to use the 'android:hint' attribute correctly to display the text 'Hello World' as a default hint in the EditText box when it is empty. The correct answer should have been 'android:hint=""Hello World""'. If the student's answer did not match this exactly, the answer was marked incorrect."
"不管我们在去皮工作中多小心也不能保证玻璃丝没有一点污染,因此在熔接工作开始之前我们必须对玻璃丝进行清洁。比较普遍的方法就是用纸巾沾上酒精,然后擦拭清洁每一小根光纤","{'true': '正确', 'false': '错误'}","[""true""]",1,K_遍_计算机科学与技术,网络综合布线,K_遍_计算机科学与技术,"The student answered correctly because the statement accurately describes a common practice in network cabling involving fiber optics. It highlights that despite careful handling, glass fibers may still have some contamination and therefore must be cleaned with alcohol before fusion splicing. This aligns with standard procedures to ensure cleanliness and proper functioning of fiber optic connections."
"将玻璃丝固定,按SET键开始熔接。可以从光纤熔接器的显示屏中可以看到两端玻璃丝的对接情况,仪器不会自动调节对正,不可以通过按钮X,Y手动调节位置。等待几秒钟后就完成了光纤的熔接工作","{'true': '正确', 'false': '错误'}","[""false""]",1,K_对接_计算机科学与技术,网络综合布线,K_对接_计算机科学与技术,"The student's answer is correct because the statement contains an error. It claims that the machine cannot automatically adjust and also cannot be adjusted manually through buttons X, Y, which is misleading. Typically, fiber splicing machines are equipped to allow manual adjustment if automatic alignment is not possible. The presence of features for manual adjustment contradicts the statement, thus making it false."
面向对象的程序设计方法采用了什么样的抽象方法构建程序的类与对象：,"{'A': '过程抽象', 'B': '数据抽象', 'C': '过程抽象与数据抽象', 'D': '没有采用任何的抽象方法'}","[""B""]",0,K_数据抽象_计算机科学与技术,Java程序设计,K_数据抽象_计算机科学与技术,"The question asks about the abstraction method used in object-oriented programming to build classes and objects. In object-oriented programming, the focus is primarily on 'data abstraction,' which allows you to define data structures (objects) and the operations (methods) that can be performed on them. The correct answer is '数据抽象' (data abstraction), which the student selected as option 'B'. However, it seems the system marked the answer incorrect, which could be due to an error elsewhere, such as a mismatch between the data and correct answer key."
下面关于抽象概念的描述中，不正确的是,"{'A': '计算机软件开发使用的抽象有过程抽象和数据抽象两种', 'B': '过程抽象强调功能完成的过程和步骤', 'C': '过程抽象按照功能将整个系统的不同部分抽象成不同的类', 'D': '数据抽象的每个抽象数据类型包含了数据和针对这些数据的操作'}","[""C""]",1,K_数据抽象_计算机科学与技术,Java程序设计,K_数据抽象_计算机科学与技术,"The student's answer is correct. Option C is not a correct description of abstract concepts in computer science. While process abstraction emphasizes the process and steps of completing a function (Option B), and data abstraction involves abstract data types containing data and operations on the data (Option D), Option C incorrectly combines process abstraction with the creation of classes, which is actually related to object-oriented programming and not strictly process abstraction. Thus, the student's choice of C as the incorrect description is valid."
Java的封装性是通过什么实现的：,"{'A': '访问控制权限', 'B': '设计内部类', 'C': '静态域与静态方法', 'D': '包'}","[""A""]",1,K_静态方法_计算机科学与技术,Java程序设计,K_静态方法_计算机科学与技术,"The student correctly answered the question. In Java, encapsulation is primarily achieved through access control levels, such as private, protected, and public, which control the visibility and accessibility of class members. Therefore, option 'A' - '访问控制权限' is the correct choice."
Java语言间的继承关系是：,"{'A': '单继承', 'B': '多继承', 'C': '单继承和多继承', 'D': '不能继承'}","[""A""]",0,K_多继承_计算机科学与技术,Java程序设计,K_多继承_计算机科学与技术,"The student's answer was incorrect because they chose '单继承' (single inheritance). In Java, classes support single inheritance, meaning a class can only extend one superclass. However, Java achieves multiple inheritance through interfaces. The correct concept is not accurately represented by any of the choices, but the most appropriate answer among the provided options regarding class inheritance alone would be 'A'."
类与对象的关系是：,"{'A': '类是对象的抽象', 'B': '对象是类的抽象', 'C': '对象是类的子类', 'D': '类是对象的具体实例'}","[""A""]",1,K_子类_计算机科学与技术,Java程序设计,K_子类_计算机科学与技术,"The student correctly identified the relationship between classes and objects. In object-oriented programming, a class is an abstraction that defines the properties and behaviors that objects created from the class will have. Therefore, option 'A'—'类是对象的抽象'—is the correct choice, as a class gives a blueprint for creating instances, or objects."
关于Java中类的声明，下面哪个关键字是必须有的：,"{'A': 'public', 'B': 'class', 'C': 'extends', 'D': 'implements'}","[""B""]",0,K_声明_计算机科学与技术,Java程序设计,K_声明_计算机科学与技术,"The student selected the wrong answer. In Java, the keyword 'class' is required to declare a class. Other keywords like 'public', 'extends', and 'implements' are optional depending on the access level and inheritance or interface implementation needed. Therefore, the correct answer is 'B: class'."
在Java类的声明中，类体包含了哪些内容：,"{'A': '变量成员声明及初始化', 'B': '方法声明', 'C': '方法体', 'D': '以上所有内容'}","[""D""]",0,K_声明_计算机科学与技术,Java程序设计,K_声明_计算机科学与技术,在Java类的声明中，类体通常包括变量成员声明及初始化、方法声明和方法体。因此，正确答案是'D'，即'以上所有内容'。学生选择的答案没有涵盖所有这三种元素，导致回答不正确。
下面关于变量的说法，哪个是不正确的：,"{'A': '实例变量是类的成员变量', 'B': '类变量用关键字static声明', 'C': '类变量可以用.访问', 'D': '实例变量可以用.访问'}","[""D""]",0,K_实例变量_计算机科学与技术,Java程序设计,K_实例变量_计算机科学与技术,"The student's answer 'D' is incorrect. In Java, instance variables can indeed be accessed using the dot operator (.), but only when an object of the class is created. The statement is actually correct. The incorrect statement is 'A', because instance variables are not class member variables; they belong to instances (objects) of the class."
关于下面的程序，哪个说法是正确的：public class Person{  static String a[] = new String[5];  public static void main(String argv[]) {    System.out.println(a[0]);  } },"{'A': '编译时将产生错误', 'B': '编译错误，运行时将产生异常', 'C': '输出为null', 'D': '输出0'}","[""C""]",0,K_编译时_计算机科学与技术,Java程序设计,K_编译时_计算机科学与技术,"The student's answer 'C' suggests that the output of the program is 'null', which is actually correct. However, the issue here must relate to the understanding or misinterpretation of the context since the 'is_correct' field indicates the student thought their answer was wrong. The static String array is initialized with null values for its elements by default in Java, so accessing 'a[0]', which is uninitialized, will indeed print 'null'. Therefore, the student's initial understanding was right, and their answer was correct."
类变量的修饰符是：,"{'A': 'static', 'B': 'class', 'C': 'public', 'D': 'void'}","[""A""]",1,K_修饰符_计算机科学与技术,Java程序设计,K_修饰符_计算机科学与技术,"The question asks about the modifier for class variables in Java. The student chose 'A', which is 'static'. This is the correct answer because, in Java, class variables are defined using the 'static' modifier, indicating that the variable belongs to the class rather than instances of the class. 'Class', 'public', and 'void' are not correct modifiers for defining class variables."
"考虑以下的方法头声明：public void myMethod(int num, char letter) 下面哪个描述是正确的：","{'A': '这个方法有个int型的参数，它的形式参数是letter', 'B': '这个方法有个int型的参数，它的形式参数是num', 'C': '这个方法有个char型的参数，它的实际参数是myMethod', 'D': '这个方法是一个构造方法'}","[""B""]",0,K_形式参数_计算机科学与技术,Java程序设计,K_形式参数_计算机科学与技术,"The student's answer was incorrect because they chose option 'B', which states that the method has an int parameter with a formal parameter of num. This part is correct, but the correct answer is actually a combination of statements. The question asks which description is accurate, and option 'A' and option 'B' together both describe the parameters correctly: option 'A' confirms there is an int parameter with the formal parameter num, and option 'B' would be correct in confirming the char parameter with the formal parameter letter. However, based on the assumption that a singular correct choice was expected, option 'B' alone does not sufficiently describe both parameters correctly. The student may have misunderstood the requirement to describe both parameters correctly or mistakenly thought only one parameter was being focused on."
要获取以下MyClass类中member的值，采用的语句是：public class Myclass{  public static int member=1;  public static int getmember(){   return member;  }};,"{'A': 'MyClass.member()', 'B': 'MyClass().member', 'C': 'MyClass.member或者MyClass.getmember()', 'D': 'MyClass().member或者MyClass().getmember()'}","[""C""]",1,K_获取_计算机科学与技术,Java程序设计,K_获取_计算机科学与技术,"The student answered correctly. In the given Java class 'MyClass', 'member' is a static variable. Therefore, it can be accessed directly using the class name without creating an instance of the class. Option 'C', 'MyClass.member或者MyClass.getmember()', correctly identifies that you can either access the static variable 'member' directly with 'MyClass.member' or indirectly via the static method 'MyClass.getmember()', which returns the value of 'member'."
以下程序片段，下列哪个选项插入到第2行将引起编译错误：1. package mypackage;2. 3. class Myclass{4.   //do something5. },"{'A': 'public class MainClass{}', 'B': 'package mypackage1;', 'C': 'class B{}', 'D': 'import java.util. *;'}","[""B""]",0,K_选项_计算机科学与技术,Java程序设计,K_选项_计算机科学与技术,"The student's answer was incorrect. The question asks which option will cause a compilation error when inserted at the second line of the program. The correct answer is 'B': 'package mypackage1;'. This is because Java does not allow multiple package declarations in a single Java file. The file already has a package declaration 'package mypackage;' at the first line. Adding another package declaration will result in a compilation error. The student chose option 'B' correctly, but the response records it as incorrect. This might be due to a data recording error."
某类的成员方法只能被自己调用，修饰该方法的是：,"{'A': 'public', 'B': 'protected', 'C': 'private', 'D': '无修饰符'}","[""C""]",0,K_修饰符_计算机科学与技术,Java程序设计,K_修饰符_计算机科学与技术,"The student's answer was incorrect. In Java, when a class's method is intended to be only accessible or callable within the class itself, it should be marked with the 'private' access modifier. In the given options, 'C: private' is the correct choice for this scenario, as it ensures that the method cannot be accessed from outside the class, aligning with the question's requirement."
另外的类要获取以下MyClass类中member的值，采用的语句是：,"{'A': 'MyClass.member', 'B': 'new MyClass().member', 'C': 'MyClass.getMember()', 'D': 'MyClass().getMember()'}","[""C""]",0,K_获取_计算机科学与技术,Java程序设计,K_获取_计算机科学与技术,"The question is about accessing a member of a class named MyClass. If you want to access a member variable from another class, you typically need to have an instance of that class unless it is a static member. The incorrect choice 'C': 'MyClass.getMember()' suggests using a method to access the member, but without an instance, it implies the method is static, which is not guaranteed here. The correct option would often involve creating an instance of MyClass, such as 'new MyClass().member' if 'member' is a public instance variable, which is option 'B'. Without further context like access or static information, directly calling a method on the class is less likely to be correct unless specified as static."
下列代码在编译时会发生错误，下面哪种修改可以更正错误:,"{'A': '将private int m改成protected int m', 'B': '将private int m改成public int m', 'C': '将private int m改成static int m', 'D': '将private int m改成int m'}","[""C""]",0,K_编译时_计算机科学与技术,Java程序设计,K_编译时_计算机科学与技术,"The student answered 'C', which suggests changing 'private int m' to 'static int m'. This change addresses instance-level scope but does not directly resolve issues leading to a compilation error caused by private access modifiers when visibility is required in other classes or packages. The issue specified by the question likely relates to access control, suggesting options involving changing accessibility, such as 'protected' or 'public', would be necessary. Therefore, 'A' or 'B' could potentially rectify the compilation error, depending on the required access level. The student's choice was incorrect in context of the error being an access modifier issue."
关于Java的构造函数，下列说法哪个正确：,"{'A': '所有类都必须定义一个构造函数', 'B': '构造函数必须有返回值', 'C': '构造函数可以访问类的非静态成员', 'D': '构造函数必须初始化类的所有数据成员'}","[""C""]",0,K_静态成员_计算机科学与技术,Java程序设计,K_静态成员_计算机科学与技术,"The student answered option ['C'], which is correct in the sense that a constructor in Java can access non-static members of a class. However, since the 'is_correct' field is marked as 0 (incorrect), it seems there might have been an error in marking the answer or misunderstanding. Other options are incorrect because: A) Not every class is required to explicitly define a constructor as Java provides a default one if none is specified. B) Constructors do not have a return type, not even 'void'. D) It's not mandatory for constructors to initialize all data members; they can be left uninitialized or be initialized in other ways. It might be beneficial for the student to review the question context or marking criteria."
question(inta){returna;}函数question定义如上，它缺失了（）<!--!doctype-->,"{'A': '返回值类型<!--!doctype-->', 'B': '函数名<!--!doctype-->', 'C': '形式参数表<!--!doctype-->', 'D': '语句序列<!--!doctype-->'}","[""A""]",1,K_形式参数_计算机科学与技术,C++语言程序设计基础,K_形式参数_计算机科学与技术,"The student correctly identified the missing component in the function definition as the 'return type'. In the provided function definition 'question(int a) { return a; }', there is no specified return type before the function name, which is necessary in C++ to indicate what type of value the function will return. This absence is accurately noted by selecting option 'A'."
