log_id,problem_id,user_id,is_correct,attempts,score,submit_time,content,option,answer,concept_id,course_id,course_name
14392312_1209650,Pm_1209650,U_14392312,0,1,0.0,2020-07-19 15:44:50,不同VLAN 间数据通信，需通过（ ）进行转发。,"{'A': 'HUB', 'B': '二层交换机', 'C': '路由器', 'D': '中继器'}","[""C""]",K_二层交换机_计算机科学与技术,C_680992,网络综合布线
14392312_1209652,Pm_1209652,U_14392312,0,1,0.0,2020-07-19 15:45:26,虚拟局域网VLAN可根据以下哪些方式划分（）,"{'A': '根据端口划分VLAN', 'B': '根据MAC地址划分VLAN', 'C': '根据网络层（IP地址）划分VLAN', 'D': 'IP组播作为VLAN'}","[""A"", ""B"", ""C"", ""D""]",K_IP地址_信息与通信工程,C_680992,网络综合布线
14424233_738102,Pm_738102,U_14424233,1,1,1.0,2020-05-18 00:31:16,为保证从分布式存储系统中读取的数据正确，需要采用哪种数据处理方式（  ）,"{'A': '压缩', 'B': '多份存储', 'C': 'Erasure coding编码', 'D': 'Checksum数据校验'}","[""D""]",K_分布式存储系统_计算机科学与技术,C_734011,大数据平台核心技术
14424233_738104,Pm_738104,U_14424233,1,1,1.0,2020-05-18 00:31:26,对于数据复制中的两种技术Replication和Rebalance的异同点描述不正确的是（  ）,"{'A': 'Repication的主要目的是为了保证数据可靠，防止数据丢失', 'B': 'Rebalance的主要目的是为了清理系统中的多余数据，提高空间利用率', 'C': 'Replication和Rebalance都需要考虑到数据在数据中心中的存放位置，提高由于硬件失效带来的数据不可用', 'D': 'Replication和Rebalance需要有优先级控制，防止数据复制不及时造成数据丢失'}","[""B""]",K_级控_计算机科学与技术,C_734011,大数据平台核心技术
14424233_738107,Pm_738107,U_14424233,1,1,2.0,2020-05-18 00:31:37,下面对于分布式存储系统中如何选取存储介质的描述错误的是（  ）,"{'A': '为了让程序实现简单高效，存储系统中应该选用单一的存储介质', 'B': '为了节省存储成本，通常在一个分布式存储系统中会使用多种存储介质来实现高性能和大容量的目的', 'C': '不同的使用场景下，应该采用灵活的混合存储方式来满足需求', 'D': '所有存储介质的存储寿命都是一样的，所以寿命不在选取介质类型的考虑范围内'}","[""A"", ""D""]",K_存储介质_计算机科学与技术,C_734011,大数据平台核心技术
14424233_738109,Pm_738109,U_14424233,1,1,1.0,2020-05-18 00:32:42,下面对分布式调度需要解决问题的说法正确的是？(  ),"{'A': '分布式调度主要解决任务调度的问题', 'B': '分布式调度主要解决资源如何分配的问题', 'C': '分布式调度既要解决任务调度也需要解决资源调度的问题', 'D': '以上说法都不对'}","[""C""]",K_任务调度_计算机科学与技术,C_734011,大数据平台核心技术
14424233_738110,Pm_738110,U_14424233,1,1,1.0,2020-05-18 00:32:46,伏羲分布式调度系统中负责资源调度的角色是？(  ),"{'A': 'FuxiMaster', 'B': 'Tubo', 'C': 'AppMaster', 'D': 'AppWorker'}","[""A""]",K_资源调度_计算机科学与技术,C_734011,大数据平台核心技术
14424233_738114,Pm_738114,U_14424233,1,1,1.0,2020-05-18 00:32:58,下列关于伏羲资源调度优先级策略的说法错误的是？(  ),"{'A': '每个job在提交时会带一个priority值，一个整数值，越大优先级越高', 'B': '相同优先级按提交时间，先提交的优先级高', 'C': '资源优先分配给高优先级的job，剩余的资源继续分配给次高优先级job', 'D': '允许有高优先级的紧急任务加入'}","[""A""]",K_高优先级_计算机科学与技术,C_734011,大数据平台核心技术
14424233_738115,Pm_738115,U_14424233,1,1,1.0,2020-05-18 00:33:02,伏羲资源调度支持抢占，下面说法错误的是？(  ),"{'A': 'FuxiMaster会从当前正在运行的任务中，从最低优先级任务开始强制收回资源', 'B': '最低优先级任务被抢占后，抢占过程即终止', 'C': '抢占会一直递归进行', 'D': '不能抢比自己优先级高的任务'}","[""B""]",K_资源调度_计算机科学与技术,C_734011,大数据平台核心技术
14424233_738116,Pm_738116,U_14424233,1,1,2.0,2020-05-18 00:33:06,阿里云伏羲分布式调度系统与社区Hadoop MR最大的区别是？(  ),"{'A': 'Hadoop是一层架构集中资源和任务调度，而伏羲是两层架构独立的资源和任务调度', 'B': 'Hadoop存在规模瓶颈，而伏羲规模横向扩展性更好', 'C': 'Hadoop与伏羲的调度策略不同', 'D': 'Hadoop jobtracker没有failover，伏羲有完善的failover功能'}","[""A"", ""B"", ""D""]",K_调度策略_计算机科学与技术,C_734011,大数据平台核心技术
14424233_738117,Pm_738117,U_14424233,1,1,2.0,2020-05-18 00:33:10,伏羲资源调度的目标包括？(  ),"{'A': '集群资源利用率最大化', 'B': '每个任务的资源等待时间最小化', 'C': '能分组控制资源配额', 'D': '能支持临时紧急任务'}","[""A"", ""B"", ""C"", ""D""]",K_资源调度_计算机科学与技术,C_734011,大数据平台核心技术
14424233_738120,Pm_738120,U_14424233,1,1,2.0,2020-05-18 00:33:22,伏羲在支持大规模方面采用了哪些技术？(  ),"{'A': '多线程', 'B': '增量资源调度', 'C': '异步', 'D': '增加数据量'}","[""A"", ""B"", ""C""]",K_加数_计算机科学与技术,C_734011,大数据平台核心技术
14424233_738123,Pm_738123,U_14424233,1,1,1.0,2020-05-18 00:34:25,下面哪个阶段在BSP模型中可以独立并发执行的？（  ）,"{'A': '数据分片阶段', 'B': '本地计算阶段', 'C': '全局通信阶段', 'D': '栅栏同步阶段'}","[""B""]",K_BSP模型_计算机科学与技术,C_734011,大数据平台核心技术
14424233_738124,Pm_738124,U_14424233,1,1,1.0,2020-05-18 00:34:28,下面哪些是BSP模型的缺点？（  ）,"{'A': '栅栏同步开销比较大', 'B': '可能产生死锁', 'C': '没有解决负载均衡问题', 'D': '被计算的数据可以保存在内存里'}","[""A""]",K_BSP模型_计算机科学与技术,C_734011,大数据平台核心技术
14424233_738126,Pm_738126,U_14424233,1,1,2.0,2020-05-18 00:34:33,下面哪些是函数式编程语言有特点？（  ）,"{'A': '每个函数都有输出', 'B': '函数可以改变外部变量的状态', 'C': '函数的输出结果不依赖于外部变量', 'D': '函数的输入参数可能是另外一个函数'}","[""A"", ""C"", ""D""]",K_外部变量_计算机科学与技术,C_734011,大数据平台核心技术
14424233_738136,Pm_738136,U_14424233,1,1,1.0,2020-05-18 00:37:27,分布式计算过程中，以下哪种计算调度方式代价更小？(  ),"{'A': '将计算发送到数据所在机器运行', 'B': '将数据拷贝到计算所在机器运行', 'C': '将数据和计算拿到统一的节点上运行', 'D': '以上都不对'}","[""A""]",K_调度方式_计算机科学与技术,C_734011,大数据平台核心技术
14424233_738139,Pm_738139,U_14424233,1,1,1.0,2020-05-18 00:37:44,下面对流式描述正确的是（  ）,"{'A': '它是一种有状态计算，failover必须将数据从最源头重发。', 'B': '数据必须是有序进入，才能保证数据的正确性。', 'C': 'temporal SQL是适合流式计算的SQL语言。', 'D': '流式计算无法支持delete和update语义。'}","[""C""]",K_对流_计算机科学与技术,C_734011,大数据平台核心技术
14424233_738141,Pm_738141,U_14424233,1,1,2.0,2020-05-18 00:37:50,下面对系统雪崩准确的描述有（  ）,"{'A': '系统雪崩是由于oom，引起系统级联的宕机现象。', 'B': '系统雪崩是由于系统设计问题，由软硬件以及流量异常引发的由细微问题引发更大面积故障，直至系统当机的现象。', 'C': '系统雪崩一般不会因为硬件引发。而是由于流量激增，系统容量设计不足，造成后台系统，包括数据库系统的不正常工作。', 'D': '系统雪崩最初原因与触发宕机的故障可以相关，也有可能无关。'}","[""B"", ""D""]",K_宕机_计算机科学与技术,C_734011,大数据平台核心技术
14424233_738142,Pm_738142,U_14424233,1,1,2.0,2020-05-18 00:37:53,对于spark streaming不正确的描述有（  ）,"{'A': 'spark streaming的ack机制由一组分布式的系统维护，所以它是scale-out的。', 'B': 'spark streaming使用mini-batch的机制，dstream由多个rdd组成。', 'C': 'spark streaming支持滑动窗口，固定窗口和session窗口。', 'D': 'spark streaming是将流式计算切割成批量计算。但同时，批量计算也可以当作流式计算运行。'}","[""A"", ""C""]",K_系统维护_计算机科学与技术,C_734011,大数据平台核心技术
14424233_738147,Pm_738147,U_14424233,1,1,1.0,2020-05-18 00:38:29,逻辑回归属于下列那一类机器学习算法：（  ）,"{'A': 'Supervised Learning 监督学习', 'B': 'Unsupervised Learning无监督学习', 'C': 'Reinforcement Learning 加强学习', 'D': '以上都不是'}","[""A""]",K_监督学习_计算机科学与技术,C_734011,大数据平台核心技术
14424233_738152,Pm_738152,U_14424233,1,1,1.0,2020-05-18 00:38:43,CAP理论是分布式系统设计领域著名的理论总结，认为CAP三者同时只能满足其二，其中CAP指的是：（ ）,"{'A': '一致性、可用性、分区容忍性', 'B': '原子性、隔离性、持久性', 'C': '易用性、可用性、一致性', 'D': '随机处理、批处理、流式处理'}","[""A""]",K_CAP理论_计算机科学与技术,C_734011,大数据平台核心技术
14424233_738157,Pm_738157,U_14424233,1,1,2.0,2020-05-18 00:39:00,常见的深度学习模型包括：（  ）,"{'A': '卷机神经元网络 CNN', 'B': '深度置信模型 DBN', 'C': '递归神经元网络 RNN', 'D': 'K最近邻居模型 KNN'}","[""A"", ""B"", ""C""]",K_卷_计算机科学与技术,C_734011,大数据平台核心技术
14504720_146588,Pm_146588,U_14504720,1,1,1.0,2020-06-19 08:31:48,当您在命令提示符的后面输入命令的一部分时，按（__）键，Linux会帮你打剩下的字符，补充成为完整命令，如果有多个相符的命令，连按两下（__）键，Linux会显示所有的相符的命令。,"{'A': 'TAB', 'B': 'CONTRL', 'C': 'SHIFT', 'D': 'SPACE'}","[""A""]",K_命令提示符_计算机科学与技术,C_680747,Linux系统管理
14504720_146589,Pm_146589,U_14504720,1,1,2.0,2020-06-19 08:32:37,下面的选项哪些是正确的？,"{'A': 'Linux操作系统是由Linus Torvalds发明的', 'B': 'Linux操作系统是由Richard Stallman发明的', 'C': 'Linus Torvalds和Richard Stallman的工作共同造就了Linux', 'D': '自由软件运动和互联网的兴起造就了Linux操作系统'}","[""C"", ""D""]",K_自由软件_计算机科学与技术,C_680747,Linux系统管理
14504720_146591,Pm_146591,U_14504720,0,1,0.0,2020-06-19 08:35:36,"关于CentOS,下面哪些说法是正确的？","{'A': 'CentOS100%兼容红帽企业版(RHEL)', 'B': 'CentOS不提供专门技术支持，不包含封闭源代码软件', 'C': 'CentOS 64位版本可以安装在32位架构的机器上', 'D': 'CentOS是利用用红帽企业版(RHEL)源代码重新编译而成的'}","[""A"", ""B"", ""D""]",K_闭源_计算机科学与技术,C_680747,Linux系统管理
14776653_189415,Pm_189415,U_14776653,1,1,1.0,2020-09-14 23:17:57,综合布线要求设计一个结构合理、技术先进、满足需求的综合布线系统方案，下列哪项不属于综合布线系统的设计原则。(  ),"{'A': '综合考虑用户需求、建筑物功能、经济发展水平等因素', 'B': '长远规划思想、保持一定的先进性', 'C': '不必将综合布线系统纳入建筑物整体规划、设计和建设中', 'D': '扩展性、标准化、灵活的管理方式'}","[""C""]",K_设计原则_计算机科学与技术,C_680992,网络综合布线
14956092_146588,Pm_146588,U_14956092,1,1,1.0,2020-05-21 07:05:42,当您在命令提示符的后面输入命令的一部分时，按（__）键，Linux会帮你打剩下的字符，补充成为完整命令，如果有多个相符的命令，连按两下（__）键，Linux会显示所有的相符的命令。,"{'A': 'TAB', 'B': 'CONTRL', 'C': 'SHIFT', 'D': 'SPACE'}","[""A""]",K_命令提示符_计算机科学与技术,C_680747,Linux系统管理
14956092_146589,Pm_146589,U_14956092,1,1,2.0,2020-05-21 07:05:59,下面的选项哪些是正确的？,"{'A': 'Linux操作系统是由Linus Torvalds发明的', 'B': 'Linux操作系统是由Richard Stallman发明的', 'C': 'Linus Torvalds和Richard Stallman的工作共同造就了Linux', 'D': '自由软件运动和互联网的兴起造就了Linux操作系统'}","[""C"", ""D""]",K_自由软件_计算机科学与技术,C_680747,Linux系统管理
14956092_146591,Pm_146591,U_14956092,0,1,0.0,2020-05-21 07:06:36,"关于CentOS,下面哪些说法是正确的？","{'A': 'CentOS100%兼容红帽企业版(RHEL)', 'B': 'CentOS不提供专门技术支持，不包含封闭源代码软件', 'C': 'CentOS 64位版本可以安装在32位架构的机器上', 'D': 'CentOS是利用用红帽企业版(RHEL)源代码重新编译而成的'}","[""A"", ""B"", ""D""]",K_闭源_计算机科学与技术,C_680747,Linux系统管理
14956092_146592,Pm_146592,U_14956092,1,1,2.0,2020-05-21 07:07:04,安装Linux所要的两个最基本的分区分别是以（ ）和（ ）。,"{'A': '/boot分区', 'B': '/home分区', 'C': '根分区', 'D': 'Swap分区'}","[""C"", ""D""]",K_Swap分区_计算机科学与技术,C_680747,Linux系统管理
14956092_146593,Pm_146593,U_14956092,0,1,0.0,2020-05-21 07:07:28,在Linux中，打开BASH后的命令提示符，能够告诉你有关主机的哪些信息？,"{'A': '登录的主机名', 'B': '登录的用户名', 'C': '用户当前所处的工作目录', 'D': '用户上次登录时间'}","[""A"", ""B"", ""C""]",K_主机名_计算机科学与技术,C_680747,Linux系统管理
14956092_146597,Pm_146597,U_14956092,1,1,2.0,2020-05-21 07:08:40,下面关于关机和重启的说法，哪些是正确的？,"{'A': '关机是系统管理员要给予充分重视的一件大事.', 'B': 'shutdown -k now 命令用于立即关机', 'C': '不恰当或者不正确的关机和重启，可能会导致数据丢失', 'D': '关机和重启命令默认情况下普通用户亦可执行'}","[""A"", ""C""]",K_系统管理员_计算机科学与技术,C_680747,Linux系统管理
14956092_146598,Pm_146598,U_14956092,0,1,0.0,2020-05-21 07:08:59,Linux中所谓的命令(Command)，广义上包括：,"{'A': '可执行的二进制文件', 'B': '可执行的库文件', 'C': 'shell脚本文件', 'D': 'shell内建函数'}","[""A"", ""C"", ""D""]",K_Shell脚本_计算机科学与技术,C_680747,Linux系统管理
14956092_146604,Pm_146604,U_14956092,0,1,0.0,2020-05-21 22:08:09,假设当前工作目录下有一个名为sampledir 的目录，该目录下有一个名为sampledir01的目录， 键入 “rmdir sampledir”，会发生什么？,"{'A': 'sampledir和sampledir01被删除', 'B': '出错', 'C': 'sampledir01被删除', 'D': 'sampledir被删除，但sampledir01未被删除'}","[""B""]",K_键入_计算机科学与技术,C_680747,Linux系统管理
14956092_146607,Pm_146607,U_14956092,1,1,2.0,2020-05-21 22:08:51,关于Linux中工作目录，下面哪些说法是错误的?,"{'A': '可以在命令提示符中观察到目前所处的工作目录', 'B': '用户登录后初始的默认工作目录总是登录用户的 “家目录”', 'C': '用户的工作目录是固定的', 'D': '可以用～字符代表当前工作目录'}","[""C"", ""D""]",K_登录_计算机科学与技术,C_680747,Linux系统管理
14956092_146613,Pm_146613,U_14956092,1,1,1.0,2020-05-21 22:12:03,要将当前目录下的文件samplefile的文件从属组改为stu用户组，应该使用哪个命令？,"{'A': 'chmod stu ./samplefile', 'B': 'chown stu ./samplefile', 'C': 'chown :stu ./samplefile', 'D': 'chmod :stu ./samplefile'}","[""C""]",K_当前目录_计算机科学与技术,C_680747,Linux系统管理
14956092_146614,Pm_146614,U_14956092,1,1,1.0,2020-05-21 22:12:53,如用ls -l 命令列出文件，文件的第一个字段是drwxr-x---，表示什么,"{'A': '这是一个符号链接文件，对于文件拥有者可读可写可执行，对于从属用户组里的用户可读不可写可执行，对于其他用户不可读不可写不可执行', 'B': '这是一个普通文件，对于文件拥有者可读可写可执行，对于其他用户可读不可写可执行，对于从属用户组里的用户不可读不可写不可执行。', 'C': '这是一个目录文件，对于文件拥有者可读可写可执行，对于从属用户组里的用户可读不可写可执行，对于其他用户不可读不可写不可执行', 'D': '这是一个目录文件，对于文件拥有者可读可写可执行，对于从属用户组里的用户可读可写可执行，对于其他用户不可读不可写不可执行'}","[""C""]",K_符号链接_计算机科学与技术,C_680747,Linux系统管理
14956092_146617,Pm_146617,U_14956092,1,1,2.0,2020-05-21 22:14:36,用root用户登录系统，使用rm命令删除文件时，以下哪些做法是对的？,"{'A': 'rm ./sampledir 可以删除当前目录下的sampledir目录', 'B': 'rm -f ./file01 可以删除当前目录下的file01文件，并在删除前会向用户进行确认。', 'C': 'rm -R ./sampledir 可以删除当前目录下的sampledir目录', 'D': 'rm file01 file02 可以删除当前工作目录下的file01 和file02文件，并在删除前会向用户进行确认。'}","[""C"", ""D""]",K_登录_计算机科学与技术,C_680747,Linux系统管理
14956092_146618,Pm_146618,U_14956092,1,1,2.0,2020-05-21 22:14:57,关于cp命令，哪些表述是正确的？,"{'A': 'cp命令可以同时拷贝多个文件', 'B': '默认情况下，cp命令拷贝时遇到同名文件会自动覆盖', 'C': '默认情况下，cp命令拷贝时会将文件属性一并进行拷贝', 'D': 'cp命令拷贝同时还可以重命名文件'}","[""A"", ""D""]",K_文件属性_计算机科学与技术,C_680747,Linux系统管理
14956092_146619,Pm_146619,U_14956092,0,1,0.0,2020-05-21 22:16:01,关于cp命令，哪些用法是可以达成目标？,"{'A': 'cp -R ~/sampledir . 可以将当前用户家目录下的sampledir目录拷贝到当前目录中。', 'B': 'cp ./file01 ./file02 .. 可以将当前目录下的file01文件拷贝到当前目录中并重命名为file02, 同时将file01文件拷贝到当前目录的上层目录中。', 'C': 'cp /home/stu/file01 ~/root 可以将file01目录拷贝到根用户家目录下', 'D': 'cp -R ../sampledir ~root 可以将上层目录中的sampledir目录拷贝到根用户家目录下'}","[""A"", ""D""]",K_当前目录_计算机科学与技术,C_680747,Linux系统管理
14956092_146621,Pm_146621,U_14956092,1,1,1.0,2020-05-21 22:23:36,在使用ln建立文件链接时，为了跨越不同的文件系统，我们需要使用,"{'A': '普通链接', 'B': '硬链接', 'C': '符号链接', 'D': '特殊链接'}","[""C""]",K_硬链接_计算机科学与技术,C_680747,Linux系统管理
14956092_146622,Pm_146622,U_14956092,1,1,2.0,2020-05-21 22:23:54,关于硬链接，下面哪些描述是正确的？,"{'A': '不可以跨文件系统。', 'B': '可以做目录的连接', 'C': '硬链接文件的inode-number与被链接文件的inode-number相同', 'D': '硬链接和符号链接的原理事实上是一样的'}","[""A"", ""C""]",K_硬链接_计算机科学与技术,C_680747,Linux系统管理
14956092_146623,Pm_146623,U_14956092,0,1,0.0,2020-05-21 22:24:13,关于文件硬链接和源文件的关系，下面哪些描述是正确的？,"{'A': '文件硬链接和源文件实际上共用一份文件内容数据', 'B': '源文件删除对文件硬链接没有影响', 'C': '一个硬盘分区上文件的硬链接可以位于另外一个分区上', 'D': '对于文件硬链接内容的改动不会影响到源文件'}","[""A"", ""B""]",K_硬链接_计算机科学与技术,C_680747,Linux系统管理
14956092_146624,Pm_146624,U_14956092,1,1,2.0,2020-05-21 22:25:03,关于符号链接，下面哪些描述是正确的？,"{'A': '可以通过符号链接文件来读、写和执行源文件。', 'B': '符号链接文件和源文件实际上是同一个文件。', 'C': '删除源文件，符号链接文件将变得不可用', 'D': '不能为符号链接文件再创建符号链接'}","[""A"", ""C""]",K_符号链接_计算机科学与技术,C_680747,Linux系统管理
14956092_146627,Pm_146627,U_14956092,0,1,0.0,2020-05-21 22:42:22,关于文件压缩，下面哪些描述是正确的?,"{'A': 'Linux中压缩文件有很多工具可以利用。', 'B': '用gzip命令压缩文件后，默认会删除源文件', 'C': 'gzip命令可以调节文件压缩的比例。', 'D': 'gzip 压缩文件的默认后缀名是.gz', 'E': 'gzip解压文件时默认会删除压缩文件'}","[""A"", ""B"", ""C"", ""D"", ""E""]",K_文件压缩_计算机科学与技术,C_680747,Linux系统管理
14956092_146630,Pm_146630,U_14956092,1,1,2.0,2020-05-21 22:43:49,关于文件打包（归档），下面哪些描述是正确的?,"{'A': 'tar可以打包整个目录', 'B': 'tar打包多个文件后的打包文件大小，比原文件大小之和要稍小', 'C': 'tar 打包文件必须要有一个.tar的后缀名', 'D': '可以用tar命令来合并两个打包文件', 'E': '可以用tar命令来查看打包文件中的文件'}","[""A"", ""D"", ""E""]",K_文件大小_计算机科学与技术,C_680747,Linux系统管理
14956092_146632,Pm_146632,U_14956092,1,1,1.0,2020-05-21 22:45:18,现在需要在根目录下找所有的名字为temp的文件，然后删除，删除时不需要提示，请问可如何实现。,"{'A': 'find / -name temp rm *', 'B': '编一个SHELL脚本实现', 'C': 'find / -name temp –exec rm {}  ;', 'D': 'find / -name temp –exec rm'}","[""C""]",K_Shell脚本_计算机科学与技术,C_680747,Linux系统管理
14956092_146633,Pm_146633,U_14956092,1,1,2.0,2020-05-21 22:45:44,关locate命令，下面哪些描述是正确的？,"{'A': 'locate命令能够快速查找文件', 'B': '如不指定查找的目录范围，locate将以当前工作目录作为查找范围', 'C': 'locate查找速度更快是因为它采用了更加有效率的查找算法', 'D': 'locate有时会发生新建文件无法查找到的问题', 'E': 'locate有时会发生查找到已删除文件的问题'}","[""A"", ""D"", ""E""]",K_删除文件_计算机科学与技术,C_680747,Linux系统管理
14956092_146635,Pm_146635,U_14956092,1,1,2.0,2020-05-21 22:48:12,关Linux中的通配符，下面哪些描述是正确的？,"{'A': '通配符可以用于对批量文件进行操作', 'B': '* 可以匹配任意单个字符', 'C': '[0-9] 可以匹配0到9之间的任意单个字符', 'D': '[!A-Z] 可以匹配除了大写A到Z之间的任意单个字符'}","[""A"", ""C"", ""D""]",K_通配符_计算机科学与技术,C_680747,Linux系统管理
14956092_146637,Pm_146637,U_14956092,0,1,0.0,2020-05-21 22:48:39,关于tail和head命令，下面哪些描述是正确的。,"{'A': 'head默认情况下显示文件的头5行', 'B': 'tail只能同时查看一个文本文件', 'C': '这一对命令经常被用来查看日志文件', 'D': '可以用 -n 选项（n为一个自然数）来指定tail和head要显示的行数'}","[""C"", ""D""]",K_显示文件_计算机科学与技术,C_680747,Linux系统管理
14956092_146643,Pm_146643,U_14956092,0,1,0.0,2020-05-23 09:52:52,关Linux中的输入输出重定向，下面哪些描述是正确的?,"{'A': '标准输出流（stdout），显示来自命令的输出，文件描述符是 0', 'B': '标准输入流（stdin），向命令提供输入，文件描述符是 1', 'C': '对于任何一条linux 命令,其结果都是通过stdout输出到输出设备上；', 'D': 'Linux中使用> 和>> 操作符来重定向标准输出', 'E': '标准输入重定向是让命令从指定文件中获取输入而非从stdin中获取输入。'}","[""D"", ""E""]",K_标准输入流_计算机科学与技术,C_680747,Linux系统管理
14956092_146644,Pm_146644,U_14956092,1,1,2.0,2020-05-23 09:53:14,"关于命令echo -e ""1 applen2 pearn3 banana""&gt;&gt;fruit.txt，下面哪些描述是错误的。","{'A': '这个命令将echo的输出重定向到了fruit.txt文件中。', 'B': 'fruit.txt文件中如果原有内容将被覆盖', 'C': 'echo的输出重定向将追加到fruit.txt文件最后', 'D': '如果fruit文件不存在，命令将出错'}","[""B"", ""D""]",K_追加_计算机科学与技术,C_680747,Linux系统管理
14956092_146660,Pm_146660,U_14956092,0,1,0.0,2020-05-25 06:34:47,在CentOS中，默认情况下，虚拟用户的UID范围是:,"{'A': '1-499', 'B': '0-499', 'C': '0-500', 'D': '500以后'}","[""A""]",K_虚拟用户_计算机科学与技术,C_680747,Linux系统管理
14956092_146661,Pm_146661,U_14956092,0,1,0.0,2020-05-25 06:35:17,关于CentOS中的用户，描述错误的是：,"{'A': '虚拟用户是给系统的访客使用的', 'B': '根用户的UID是固定的', 'C': '虚拟用户使用的默认Shell是BASH', 'D': 'Linux是通过用户名来识别用户的身份的', 'E': '普通用户对系统有只有有限的权限'}","[""A"", ""C""]",K_虚拟用户_计算机科学与技术,C_680747,Linux系统管理
14956092_146662,Pm_146662,U_14956092,1,1,2.0,2020-05-25 06:36:02,关于Linux中的用户组，描述错误的是：,"{'A': '用户组的身份标识叫做GID', 'B': '一个用户只能从属于一个用户组', 'C': '一个用户组能够包含多个用户', 'D': '在同一时刻，一个用户的主用户组只能有一个', 'E': '每个用户都必定从属于一个与用户同名的独立的私有用户组'}","[""B"", ""E""]",K_用户组_计算机科学与技术,C_680747,Linux系统管理
14956092_146663,Pm_146663,U_14956092,0,1,0.0,2020-05-25 06:36:25,用户的主用户组属性将影响到：,"{'A': '用户创建的文件属性', 'B': '用户对于文件的访问权限', 'C': '用户是否为虚拟用户', 'D': '用户能否被删除'}","[""A"", ""B""]",K_文件属性_计算机科学与技术,C_680747,Linux系统管理
14956092_146664,Pm_146664,U_14956092,0,1,0.0,2020-05-25 06:36:42,id命令能够查看的用户信息有：,"{'A': '用户的创建时间', 'B': '用户的主用户组', 'C': '用户从属的用户组名', 'D': '用户家目录'}","[""B"", ""C""]",K_用户组_计算机科学与技术,C_680747,Linux系统管理
14956092_146666,Pm_146666,U_14956092,1,1,2.0,2020-05-25 06:37:45,假设目前我们以nboocer用户登录系统，处在nboocer用户的家目录下，现在要切换到root用户，下面描述正确的是：,"{'A': '使用 su root 切换，需要输入root用户密码，切换后处在root用户家目录中。', 'B': '使用 su - root 切换，需要输入root用户密码，切换后处在root用户家目录中', 'C': '使用 su -l root 切换，需要输入root用户密码，切换后处在root用户家目录中', 'D': '使用 su root 切换，需要输入nboocer用户密码，切换后处在nboocer家目录中', 'E': '使用 su - root 切换，需要输入nboocer用户密码，切换后处在root用户家目录中'}","[""B"", ""C""]",K_登录_计算机科学与技术,C_680747,Linux系统管理
14956092_146667,Pm_146667,U_14956092,1,1,2.0,2020-05-25 06:39:52,关于切换用户命令su，下面描述正确的是：,"{'A': '由根用户切换普通用户时需要输入用户密码', 'B': '由普通用户切换根用户时需要输入用户密码', 'C': '由普通用户之间相互切换时需要输入用户密码', 'D': '由根用户切换为虚拟用户时需要输入用户密码', 'E': '切换用户身份后，对系统的访问权限也随之改变'}","[""B"", ""C"", ""E""]",K_虚拟用户_计算机科学与技术,C_680747,Linux系统管理
14956092_146668,Pm_146668,U_14956092,1,1,2.0,2020-05-25 06:40:23,关于CentOS中的usermod命令，下面描述正确的是：,"{'A': '用-u选项修改用户的UID时，必须确保这个UID未曾被别人使用', 'B': '用–G来修改用户的从属用户组的时候，如果用户组不存在，Linux会自动创建这个用户组', 'C': '在用户已经登录系统的情况下，无法修改用户的UID', 'D': '在用户已经登录系统的情况下，可以用-l选项修改用户的用户名', 'E': '用-d选项修改用户的家目录时，必须确保要指定的目录已经存在'}","[""A"", ""C"", ""E""]",K_登录_计算机科学与技术,C_680747,Linux系统管理
14956092_146670,Pm_146670,U_14956092,0,1,0.0,2020-05-25 06:41:38,关于CentOS中的修改用户组命令groupmod，下面描述正确的是：,"{'A': '随意更改用户组的 GID可能会造成系统混乱', 'B': '带选项–n可以修改用户组名', 'C': '更改用户组名可能会造成系统混乱', 'D': '如果有用户将某用户组作为其主用户组，那么在用户已经登录系统的情况下，无法修改这个用户组名'}","[""A"", ""B""]",K_登录_计算机科学与技术,C_680747,Linux系统管理
14956092_146671,Pm_146671,U_14956092,1,1,2.0,2020-05-25 06:42:21,下面关于Linux系统用户管理的说法，哪些是错误的？,"{'A': '作为掌握根用户口令系统管理员，理论上最好只有一个', 'B': '要执行一个根用户才有权限执行的命令，必须先切换为根用户身份', 'C': '可以通过某种方法分配给普通用户一些合理的根用户“权力”', 'D': '系统中的根用户只能有一个', 'E': '要与其他人共享根用户权限，就需要告诉他根用户密码'}","[""B"", ""E""]",K_系统管理员_计算机科学与技术,C_680747,Linux系统管理
14956092_146674,Pm_146674,U_14956092,0,1,0.0,2020-05-25 06:43:33,关于Linux中用的用户配置文件，下面描述正确的是：,"{'A': '/etc/passwd中存放着用户加密后的密码', 'B': '/etc/passwd中存放着用户的主用户组信息', 'C': '如果用户密码为空，/etc/passwd的第二个字段将出现叹号！或者星号 *', 'D': '/etc/shadow 中第三个字段表示的密码最后一次修改时间', 'E': '可以通过修改passwd 和 shadow文件的内容来修改用户属性'}","[""B"", ""D"", ""E""]",K_用户配置文件_计算机科学与技术,C_680747,Linux系统管理
14956092_146677,Pm_146677,U_14956092,1,1,1.0,2020-05-25 08:18:08,fdisk命令中将分区写入分区表的指令是：,"{'A': 'w', 'B': 's', 'C': 'r', 'D': 'ctrl+s'}","[""A""]",K_分区表_计算机科学与技术,C_680747,Linux系统管理
14956092_146680,Pm_146680,U_14956092,1,1,1.0,2020-05-25 08:19:17,将主机的第二块SCSI接口硬盘上的第2个格式化为ext4文件系统的逻辑分区以只读方式挂载到/tmp_disk目录上的命令是:,"{'A': 'mount -t ext4 -o rw /dev/sdb6 /tmp_disk', 'B': 'mount -t ext4 -o ro /dev/sdb2 /tmp_disk', 'C': 'mount -t ext4 -o ro /dev/sdb6 /tmp_disk', 'D': 'mount -t ext4 -o rw /dev/sdb6 /tmp_disk'}","[""C""]",K_逻辑分区_计算机科学与技术,C_680747,Linux系统管理
14956092_146681,Pm_146681,U_14956092,1,1,2.0,2020-05-25 08:19:30,关于Linux中开机自动挂载分区配置文件/etc/fstab，下面描述正确的是:,"{'A': '第一个字段可以填入要开机挂载的设备名', 'B': '第一个字段可以填入要开机挂载的设备标签', 'C': '第一个字段可以填入要开机挂载的设备UUID', 'D': '第一个字段可以填入要开机挂载的设备别名'}","[""A"", ""B"", ""C""]",K_设备名_计算机科学与技术,C_680747,Linux系统管理
14956092_146685,Pm_146685,U_14956092,0,1,0.0,2020-05-25 08:22:00,关于Linux中挂载分区，下面描述正确的是：,"{'A': '划分并格式化好的分区要挂载到系统目录树中的某个目录上才能被访问', 'B': '分区只能够挂载在空目录上', 'C': '分区的挂载目录被称为挂载点', 'D': '所有类型的分区都能被挂载', 'E': '分区可以被同时挂载在不同的目录上'}","[""A"", ""C"", ""E""]",K_系统目录_计算机科学与技术,C_680747,Linux系统管理
14956092_146686,Pm_146686,U_14956092,0,1,0.0,2020-05-25 08:23:08,关于Linux中卸载分区，下面描述正确的是：,"{'A': '可以用设备名来卸载分区', 'B': '如果分区中文件正在被访问，分区不可卸载', 'C': '可以用挂载点来卸载分区', 'D': '如果分区挂载在一个原本有文件存放着的目录上，分区卸载后，这些文件仍旧可访问'}","[""A"", ""B"", ""C"", ""D""]",K_设备名_计算机科学与技术,C_680747,Linux系统管理
14956092_146687,Pm_146687,U_14956092,1,1,1.0,2020-05-25 08:23:37,主机上第三块SCSI接口的硬盘中第一个逻辑分区的设备文件名字是,"{'A': 'sdc1', 'B': 'sda1', 'C': 'sdc4', 'D': 'sda4', 'E': 'sdc5'}","[""E""]",K_逻辑分区_计算机科学与技术,C_680747,Linux系统管理
14956092_146689,Pm_146689,U_14956092,1,1,1.0,2020-05-27 10:05:50,可以用哪个命令测试两台主机之间网络的连通性。,"{'A': 'ping', 'B': 'ifconfig', 'C': 'ipconfig', 'D': 'route'}","[""A""]",K_ipconfig_计算机科学与技术,C_680747,Linux系统管理
14956092_146694,Pm_146694,U_14956092,1,1,1.0,2020-05-27 10:06:45,回环接口为系统提供一个单机网络环境，一般用于网络程序的调试。,"{'true': '正确', 'false': '错误'}","[""true""]",K_调试_计算机科学与技术,C_680747,Linux系统管理
14956092_146697,Pm_146697,U_14956092,1,1,2.0,2020-05-27 10:08:38,关于修改主机名，下面那些说法是正确的：,"{'A': '需要修改/etc/sysconfig/network文件', 'B': '需要修改/etc/hosts文件', 'C': '需要修改/etc/sysconfig/network-scripts/ifcfg-eth0文件', 'D': '一般需要重启系统，让修改生效'}","[""A"", ""B"", ""D""]",K_主机名_计算机科学与技术,C_680747,Linux系统管理
14956092_146699,Pm_146699,U_14956092,1,1,2.0,2020-05-27 10:09:35,关于为网络接口配置DHCP，下面那些说法是正确的：,"{'A': 'DHCP很方便，但是更容易发生配置错误', 'B': 'DHCP服务器可以指定接口的IP地址、子网掩码和网关', 'C': '默认情况下，CentOS使用DHCP协议配置接口网络参数', 'D': 'DHCP服务器还可以指定主机名'}","[""B"", ""C"", ""D""]",K_主机名_计算机科学与技术,C_680747,Linux系统管理
14956092_146703,Pm_146703,U_14956092,0,1,0.0,2020-05-27 10:40:13,关于Linux中的软件管理，下面那些选项是正确的？,"{'A': '在某个Linux发行版下开发和编译的程序，直接放到另外一个Linux发行版下有可能性无法运行', 'B': '早期的Linux的软件都是通过源码来分发', 'C': 'RPM是所有Linux发现版本上的通用的软件包管理器', 'D': 'RPM是Linux下软件资源最丰富的软件包类型'}","[""A"", ""B"", ""D""]",K_软件资源_计算机科学与技术,C_680747,Linux系统管理
14956092_146704,Pm_146704,U_14956092,0,1,0.0,2020-05-27 10:40:31,关于用rpm卸载软件，下面哪些说法是正确的：,"{'A': '使用-r选项', 'B': '使用-e选项', 'C': '卸载软件需要知道软件安装后包括版本号在内的全名', 'D': '卸载软件只需要知道软件名即可', 'E': '卸载一个软件可能会导致系统中别的软件无法使用'}","[""B"", ""C"", ""E""]",K_全名_计算机科学与技术,C_680747,Linux系统管理
14956092_146705,Pm_146705,U_14956092,1,1,2.0,2020-05-27 10:40:56,下面关于yum的说法那些是错误的？,"{'A': 'yum目的就是为了解决RPM管理软件包时的依赖关系难题', 'B': 'yum是一种区别于RPM软件封装模式', 'C': 'yum是红帽系列Linux中的默认软件管理器', 'D': 'yum客户端在安装软件时无需了解该软件包的依赖关系信息'}","[""B"", ""C""]",K_软件管理器_计算机科学与技术,C_680747,Linux系统管理
15840481_146588,Pm_146588,U_15840481,1,1,1.0,2020-05-03 20:26:23,当您在命令提示符的后面输入命令的一部分时，按（__）键，Linux会帮你打剩下的字符，补充成为完整命令，如果有多个相符的命令，连按两下（__）键，Linux会显示所有的相符的命令。,"{'A': 'TAB', 'B': 'CONTRL', 'C': 'SHIFT', 'D': 'SPACE'}","[""A""]",K_命令提示符_计算机科学与技术,C_680747,Linux系统管理
15840481_146589,Pm_146589,U_15840481,0,1,0.0,2020-05-03 20:26:39,下面的选项哪些是正确的？,"{'A': 'Linux操作系统是由Linus Torvalds发明的', 'B': 'Linux操作系统是由Richard Stallman发明的', 'C': 'Linus Torvalds和Richard Stallman的工作共同造就了Linux', 'D': '自由软件运动和互联网的兴起造就了Linux操作系统'}","[""C"", ""D""]",K_自由软件_计算机科学与技术,C_680747,Linux系统管理
15840481_146591,Pm_146591,U_15840481,0,1,0.0,2020-05-03 20:27:39,"关于CentOS,下面哪些说法是正确的？","{'A': 'CentOS100%兼容红帽企业版(RHEL)', 'B': 'CentOS不提供专门技术支持，不包含封闭源代码软件', 'C': 'CentOS 64位版本可以安装在32位架构的机器上', 'D': 'CentOS是利用用红帽企业版(RHEL)源代码重新编译而成的'}","[""A"", ""B"", ""D""]",K_闭源_计算机科学与技术,C_680747,Linux系统管理
15840481_146592,Pm_146592,U_15840481,1,1,2.0,2020-05-03 20:28:00,安装Linux所要的两个最基本的分区分别是以（ ）和（ ）。,"{'A': '/boot分区', 'B': '/home分区', 'C': '根分区', 'D': 'Swap分区'}","[""C"", ""D""]",K_Swap分区_计算机科学与技术,C_680747,Linux系统管理
15840481_146593,Pm_146593,U_15840481,1,1,2.0,2020-05-03 20:28:17,在Linux中，打开BASH后的命令提示符，能够告诉你有关主机的哪些信息？,"{'A': '登录的主机名', 'B': '登录的用户名', 'C': '用户当前所处的工作目录', 'D': '用户上次登录时间'}","[""A"", ""B"", ""C""]",K_主机名_计算机科学与技术,C_680747,Linux系统管理
15840481_146597,Pm_146597,U_15840481,1,1,2.0,2020-05-03 20:31:18,下面关于关机和重启的说法，哪些是正确的？,"{'A': '关机是系统管理员要给予充分重视的一件大事.', 'B': 'shutdown -k now 命令用于立即关机', 'C': '不恰当或者不正确的关机和重启，可能会导致数据丢失', 'D': '关机和重启命令默认情况下普通用户亦可执行'}","[""A"", ""C""]",K_系统管理员_计算机科学与技术,C_680747,Linux系统管理
15840481_146598,Pm_146598,U_15840481,0,1,0.0,2020-05-03 20:31:33,Linux中所谓的命令(Command)，广义上包括：,"{'A': '可执行的二进制文件', 'B': '可执行的库文件', 'C': 'shell脚本文件', 'D': 'shell内建函数'}","[""A"", ""C"", ""D""]",K_Shell脚本_计算机科学与技术,C_680747,Linux系统管理
20319134_738102,Pm_738102,U_20319134,0,1,0.0,2020-05-18 00:29:51,为保证从分布式存储系统中读取的数据正确，需要采用哪种数据处理方式（  ）,"{'A': '压缩', 'B': '多份存储', 'C': 'Erasure coding编码', 'D': 'Checksum数据校验'}","[""D""]",K_分布式存储系统_计算机科学与技术,C_734011,大数据平台核心技术
20319134_738104,Pm_738104,U_20319134,0,1,0.0,2020-05-18 00:29:55,对于数据复制中的两种技术Replication和Rebalance的异同点描述不正确的是（  ）,"{'A': 'Repication的主要目的是为了保证数据可靠，防止数据丢失', 'B': 'Rebalance的主要目的是为了清理系统中的多余数据，提高空间利用率', 'C': 'Replication和Rebalance都需要考虑到数据在数据中心中的存放位置，提高由于硬件失效带来的数据不可用', 'D': 'Replication和Rebalance需要有优先级控制，防止数据复制不及时造成数据丢失'}","[""B""]",K_级控_计算机科学与技术,C_734011,大数据平台核心技术
20319134_738107,Pm_738107,U_20319134,0,1,0.0,2020-05-18 00:30:04,下面对于分布式存储系统中如何选取存储介质的描述错误的是（  ）,"{'A': '为了让程序实现简单高效，存储系统中应该选用单一的存储介质', 'B': '为了节省存储成本，通常在一个分布式存储系统中会使用多种存储介质来实现高性能和大容量的目的', 'C': '不同的使用场景下，应该采用灵活的混合存储方式来满足需求', 'D': '所有存储介质的存储寿命都是一样的，所以寿命不在选取介质类型的考虑范围内'}","[""A"", ""D""]",K_存储介质_计算机科学与技术,C_734011,大数据平台核心技术
20319134_738109,Pm_738109,U_20319134,0,1,0.0,2020-05-18 00:30:19,下面对分布式调度需要解决问题的说法正确的是？(  ),"{'A': '分布式调度主要解决任务调度的问题', 'B': '分布式调度主要解决资源如何分配的问题', 'C': '分布式调度既要解决任务调度也需要解决资源调度的问题', 'D': '以上说法都不对'}","[""C""]",K_任务调度_计算机科学与技术,C_734011,大数据平台核心技术
20319134_738110,Pm_738110,U_20319134,1,1,1.0,2020-05-18 00:30:21,伏羲分布式调度系统中负责资源调度的角色是？(  ),"{'A': 'FuxiMaster', 'B': 'Tubo', 'C': 'AppMaster', 'D': 'AppWorker'}","[""A""]",K_资源调度_计算机科学与技术,C_734011,大数据平台核心技术
20319134_738114,Pm_738114,U_20319134,0,1,0.0,2020-05-18 00:30:30,下列关于伏羲资源调度优先级策略的说法错误的是？(  ),"{'A': '每个job在提交时会带一个priority值，一个整数值，越大优先级越高', 'B': '相同优先级按提交时间，先提交的优先级高', 'C': '资源优先分配给高优先级的job，剩余的资源继续分配给次高优先级job', 'D': '允许有高优先级的紧急任务加入'}","[""A""]",K_高优先级_计算机科学与技术,C_734011,大数据平台核心技术
20319134_738115,Pm_738115,U_20319134,0,1,0.0,2020-05-18 00:30:32,伏羲资源调度支持抢占，下面说法错误的是？(  ),"{'A': 'FuxiMaster会从当前正在运行的任务中，从最低优先级任务开始强制收回资源', 'B': '最低优先级任务被抢占后，抢占过程即终止', 'C': '抢占会一直递归进行', 'D': '不能抢比自己优先级高的任务'}","[""B""]",K_资源调度_计算机科学与技术,C_734011,大数据平台核心技术
20319134_738116,Pm_738116,U_20319134,0,1,0.0,2020-05-18 00:30:35,阿里云伏羲分布式调度系统与社区Hadoop MR最大的区别是？(  ),"{'A': 'Hadoop是一层架构集中资源和任务调度，而伏羲是两层架构独立的资源和任务调度', 'B': 'Hadoop存在规模瓶颈，而伏羲规模横向扩展性更好', 'C': 'Hadoop与伏羲的调度策略不同', 'D': 'Hadoop jobtracker没有failover，伏羲有完善的failover功能'}","[""A"", ""B"", ""D""]",K_调度策略_计算机科学与技术,C_734011,大数据平台核心技术
20319134_738117,Pm_738117,U_20319134,0,1,0.0,2020-05-18 00:30:38,伏羲资源调度的目标包括？(  ),"{'A': '集群资源利用率最大化', 'B': '每个任务的资源等待时间最小化', 'C': '能分组控制资源配额', 'D': '能支持临时紧急任务'}","[""A"", ""B"", ""C"", ""D""]",K_资源调度_计算机科学与技术,C_734011,大数据平台核心技术
20319134_738120,Pm_738120,U_20319134,0,1,0.0,2020-05-18 00:30:53,伏羲在支持大规模方面采用了哪些技术？(  ),"{'A': '多线程', 'B': '增量资源调度', 'C': '异步', 'D': '增加数据量'}","[""A"", ""B"", ""C""]",K_加数_计算机科学与技术,C_734011,大数据平台核心技术
20319134_738123,Pm_738123,U_20319134,0,1,0.0,2020-05-18 00:33:43,下面哪个阶段在BSP模型中可以独立并发执行的？（  ）,"{'A': '数据分片阶段', 'B': '本地计算阶段', 'C': '全局通信阶段', 'D': '栅栏同步阶段'}","[""B""]",K_BSP模型_计算机科学与技术,C_734011,大数据平台核心技术
20319134_738124,Pm_738124,U_20319134,1,1,1.0,2020-05-18 00:33:46,下面哪些是BSP模型的缺点？（  ）,"{'A': '栅栏同步开销比较大', 'B': '可能产生死锁', 'C': '没有解决负载均衡问题', 'D': '被计算的数据可以保存在内存里'}","[""A""]",K_BSP模型_计算机科学与技术,C_734011,大数据平台核心技术
20319134_738126,Pm_738126,U_20319134,0,1,0.0,2020-05-18 00:33:50,下面哪些是函数式编程语言有特点？（  ）,"{'A': '每个函数都有输出', 'B': '函数可以改变外部变量的状态', 'C': '函数的输出结果不依赖于外部变量', 'D': '函数的输入参数可能是另外一个函数'}","[""A"", ""C"", ""D""]",K_外部变量_计算机科学与技术,C_734011,大数据平台核心技术
20319134_738136,Pm_738136,U_20319134,1,1,1.0,2020-05-18 00:35:57,分布式计算过程中，以下哪种计算调度方式代价更小？(  ),"{'A': '将计算发送到数据所在机器运行', 'B': '将数据拷贝到计算所在机器运行', 'C': '将数据和计算拿到统一的节点上运行', 'D': '以上都不对'}","[""A""]",K_调度方式_计算机科学与技术,C_734011,大数据平台核心技术
20319134_738139,Pm_738139,U_20319134,0,1,0.0,2020-05-18 00:36:07,下面对流式描述正确的是（  ）,"{'A': '它是一种有状态计算，failover必须将数据从最源头重发。', 'B': '数据必须是有序进入，才能保证数据的正确性。', 'C': 'temporal SQL是适合流式计算的SQL语言。', 'D': '流式计算无法支持delete和update语义。'}","[""C""]",K_对流_计算机科学与技术,C_734011,大数据平台核心技术
20319134_738141,Pm_738141,U_20319134,0,1,0.0,2020-05-18 00:36:13,下面对系统雪崩准确的描述有（  ）,"{'A': '系统雪崩是由于oom，引起系统级联的宕机现象。', 'B': '系统雪崩是由于系统设计问题，由软硬件以及流量异常引发的由细微问题引发更大面积故障，直至系统当机的现象。', 'C': '系统雪崩一般不会因为硬件引发。而是由于流量激增，系统容量设计不足，造成后台系统，包括数据库系统的不正常工作。', 'D': '系统雪崩最初原因与触发宕机的故障可以相关，也有可能无关。'}","[""B"", ""D""]",K_宕机_计算机科学与技术,C_734011,大数据平台核心技术
20319134_738142,Pm_738142,U_20319134,0,1,0.0,2020-05-18 00:36:16,对于spark streaming不正确的描述有（  ）,"{'A': 'spark streaming的ack机制由一组分布式的系统维护，所以它是scale-out的。', 'B': 'spark streaming使用mini-batch的机制，dstream由多个rdd组成。', 'C': 'spark streaming支持滑动窗口，固定窗口和session窗口。', 'D': 'spark streaming是将流式计算切割成批量计算。但同时，批量计算也可以当作流式计算运行。'}","[""A"", ""C""]",K_系统维护_计算机科学与技术,C_734011,大数据平台核心技术
20319134_738147,Pm_738147,U_20319134,1,1,1.0,2020-05-18 00:36:36,逻辑回归属于下列那一类机器学习算法：（  ）,"{'A': 'Supervised Learning 监督学习', 'B': 'Unsupervised Learning无监督学习', 'C': 'Reinforcement Learning 加强学习', 'D': '以上都不是'}","[""A""]",K_监督学习_计算机科学与技术,C_734011,大数据平台核心技术
20319134_738152,Pm_738152,U_20319134,1,1,1.0,2020-05-18 00:36:51,CAP理论是分布式系统设计领域著名的理论总结，认为CAP三者同时只能满足其二，其中CAP指的是：（ ）,"{'A': '一致性、可用性、分区容忍性', 'B': '原子性、隔离性、持久性', 'C': '易用性、可用性、一致性', 'D': '随机处理、批处理、流式处理'}","[""A""]",K_CAP理论_计算机科学与技术,C_734011,大数据平台核心技术
20319134_738157,Pm_738157,U_20319134,0,1,0.0,2020-05-18 00:37:04,常见的深度学习模型包括：（  ）,"{'A': '卷机神经元网络 CNN', 'B': '深度置信模型 DBN', 'C': '递归神经元网络 RNN', 'D': 'K最近邻居模型 KNN'}","[""A"", ""B"", ""C""]",K_卷_计算机科学与技术,C_734011,大数据平台核心技术
2427702_1209641,Pm_1209641,U_2427702,1,1,2.0,2020-08-30 08:27:58,集线器与交换机在组建局域网上有什么不同？（）,"{'A': '集线器，处于OSI模型的第一层--物理层；交换机处于OSI模型的第二层--数据链路层', 'B': 'HUB相比于交换机，它的数据传输率有限', 'C': '交换机的数据传输性能比HUB要高的多', 'D': '交换机，处于OSI模型的第一层--物理层；集线器处于OSI模型的第二层--数据链路层'}","[""A"", ""B"", ""C""]",K_数据传输率_计算机科学与技术,C_680992,网络综合布线
2427702_1209645,Pm_1209645,U_2427702,1,1,1.0,2020-08-30 08:05:18,网络层的数据传输单元是（  ）,"{'A': '数据帧', 'B': '比特流', 'C': '数据段', 'D': '数据包'}","[""D""]",K_数据帧_计算机科学与技术,C_680992,网络综合布线
2427702_1209646,Pm_1209646,U_2427702,1,1,1.0,2020-08-30 08:05:51,TCP/IP参考模型将网络通信按功能分为（ ）,"{'A': '3层', 'B': '4层', 'C': '5层', 'D': '7层'}","[""B""]",K_TCP/IP参考模型_计算机科学与技术,C_680992,网络综合布线
2427702_1209647,Pm_1209647,U_2427702,0,1,0.0,2020-08-30 08:06:00,下列属于应用层协议的是（ ）,"{'A': 'ICMP', 'B': 'ARP', 'C': 'TCP', 'D': 'HTTP'}","[""B""]",K_TCP_计算机科学与技术,C_680992,网络综合布线
2427702_1209654,Pm_1209654,U_2427702,0,1,0.0,2020-08-30 08:18:14,在网络拓扑结构中，总线形结构的优点是（ ）,"{'A': '结点增删容易', 'B': '故障诊断定位准确', 'C': '安装简便灵活', 'D': '适合采用光纤连接'}","[""A"", ""C""]",K_网络拓扑结构_计算机科学与技术,C_680992,网络综合布线
2427702_1209655,Pm_1209655,U_2427702,1,1,2.0,2020-08-30 08:18:42,星型拓扑结构的有哪些特点？（ ）,"{'A': '安装容易,结构简单，通常以集线器或交换机作为中央节点，便于维护和管理', 'B': '由于信道共享，连接的节点不宜过多，并且总线自身的故障可以导致系统的崩溃', 'C': '安装困难，费用高，电缆故障容易查找和排除', 'D': '容易扩展，故障也容易分离处理'}","[""A"", ""D""]",K_故障_计算机科学与技术,C_680992,网络综合布线
2427702_1209656,Pm_1209656,U_2427702,0,1,0.0,2020-08-30 08:18:52,总线型网络采用的控制策略是什么？（ ）,"{'A': '分布式控制策略', 'B': '集中式控制策略', 'C': '令牌总线访问控制方式', 'D': 'CSMA/CD'}","[""D""]",K_控制策略_计算机科学与技术,C_680992,网络综合布线
2427702_189415,Pm_189415,U_2427702,1,1,1.0,2020-08-29 19:02:07,综合布线要求设计一个结构合理、技术先进、满足需求的综合布线系统方案，下列哪项不属于综合布线系统的设计原则。(  ),"{'A': '综合考虑用户需求、建筑物功能、经济发展水平等因素', 'B': '长远规划思想、保持一定的先进性', 'C': '不必将综合布线系统纳入建筑物整体规划、设计和建设中', 'D': '扩展性、标准化、灵活的管理方式'}","[""C""]",K_设计原则_计算机科学与技术,C_680992,网络综合布线
2427702_189418,Pm_189418,U_2427702,1,1,1.0,2020-08-29 19:15:04,工作区子系统又称（ ）子系统。,"{'A': '工作站', 'B': '服务群', 'C': '服务区', 'D': '信息站'}","[""C""]",K_服务区_计算机科学与技术,C_680992,网络综合布线
2427702_189422,Pm_189422,U_2427702,1,1,1.0,2020-08-29 19:16:10,垂直干线子系统也称（）子系统。,"{'A': '骨干', 'B': '综合', 'C': '干线', 'D': '连接'}","[""C""]",K_综合_计算机科学与技术,C_680992,网络综合布线
2427702_189424,Pm_189424,U_2427702,1,1,1.0,2020-08-29 22:56:15,水平干线子系统是指从楼层配线架到工作区的传输线路。,"{'true': '正确', 'false': '错误'}","[""true""]",K_传输线路_计算机科学与技术,C_680992,网络综合布线
2427702_189431,Pm_189431,U_2427702,1,1,1.0,2020-08-29 23:13:24,水平子系统的设计需要认真阅读建筑物设计图纸，确定工作区子系统信息点的位置和数量完成点数表,"{'true': '正确', 'false': '错误'}","[""true""]",K_点数_信息与通信工程,C_680992,网络综合布线
2427702_189432,Pm_189432,U_2427702,0,1,0.0,2020-08-29 23:13:36,水平子系统属于配线子系统对应缆线长度规定，配线子系统信道的最大长度不应大于一百米新造总长度不应大于2000米。,"{'true': '正确', 'false': '错误'}","[""true""]",K_系统对_计算机科学与技术,C_680992,网络综合布线
2427702_189433,Pm_189433,U_2427702,1,1,1.0,2020-08-29 23:19:34,水平插头子系统从工作区的信息插座开始到管理间子系统的（）。,"{'A': 'RJ-45', 'B': '信息终端', 'C': '信息插座', 'D': '配线架'}","[""D""]",K_配线架_计算机科学与技术,C_680992,网络综合布线
2427702_189434,Pm_189434,U_2427702,1,1,1.0,2020-08-29 23:19:49,吊顶上加工线槽布线由楼层管理间引出来的线缆先走吊顶内线槽道个房间后经分支线槽从桥梁时电缆管道分叉后将电缆穿过一段支管引向墙壁沿墙而下到墙内信息插座的布线方式,"{'true': '正确', 'false': '错误'}","[""true""]",K_线缆_计算机科学与技术,C_680992,网络综合布线
2427702_189441,Pm_189441,U_2427702,1,1,1.0,2020-08-29 23:30:02,路由的选择主要依据建筑物的结构以及建筑物内预埋管道而定。,"{'true': '正确', 'false': '错误'}","[""true""]",K_路由_计算机科学与技术,C_680992,网络综合布线
2427702_189450,Pm_189450,U_2427702,1,1,1.0,2020-08-29 23:41:30,跳线架的作用是上级程控交换机过来的接线与到桌面终端的语音信息点连接线之间的连接和跳接部分，便于管理，维护测试。,"{'true': '正确', 'false': '错误'}","[""true""]",K_接线_计算机科学与技术,C_680992,网络综合布线
2427702_189451,Pm_189451,U_2427702,1,1,1.0,2020-08-29 23:41:38,"配线架端口数量应该大于信息点数量,保证全部信息点过来的缆线全部端接在配线架中。","{'true': '正确', 'false': '错误'}","[""true""]",K_端接_计算机科学与技术,C_680992,网络综合布线
2427702_189452,Pm_189452,U_2427702,1,1,1.0,2020-08-29 23:41:44,"管理间子系统使用色标来区分配线设备的性质,标明端接区域、物理位置、编号、容量、规格等,以便维护人员在现场一目了然地加以识别。","{'true': '正确', 'false': '错误'}","[""true""]",K_端接_计算机科学与技术,C_680992,网络综合布线
2427702_189454,Pm_189454,U_2427702,1,1,1.0,2020-08-29 23:41:58,配线架主要110系列配线架，RJ45模块化配线架这两类。,"{'true': '正确', 'false': '错误'}","[""true""]",K_配线架_计算机科学与技术,C_680992,网络综合布线
2427702_189458,Pm_189458,U_2427702,1,1,1.0,2020-08-30 07:35:40,设备间的理想位置应设于建筑综合布线主干线路的中间。,"{'true': '正确', 'false': '错误'}","[""true""]",K_理想_计算机科学与技术,C_680992,网络综合布线
2427702_189475,Pm_189475,U_2427702,1,1,1.0,2020-08-30 07:53:45,建筑群子系统的室外缆线，一般通过建筑物进线间进入大楼内部的设备间，室外距离比较长，设计时一般选用地埋管道穿线或者电缆沟敷设方式。也有在特殊场合使用直埋方式，或者架空方式,"{'true': '正确', 'false': '错误'}","[""true""]",K_线或_计算机科学与技术,C_680992,网络综合布线
2427702_189477,Pm_189477,U_2427702,1,1,1.0,2020-08-30 07:53:59,网络系统的缆线必须远离这些强电电缆，避免对网路系统的电磁干扰。,"{'true': '正确', 'false': '错误'}","[""true""]",K_网路_计算机科学与技术,C_680992,网络综合布线
2427702_189479,Pm_189479,U_2427702,1,1,1.0,2020-08-30 07:54:10,建筑物子系统的线缆布设方式有4种：架空布线法、直埋布线法、地下管道布线法和隧道内电缆布线。,"{'true': '正确', 'false': '错误'}","[""true""]",K_线缆_计算机科学与技术,C_680992,网络综合布线
2427702_189481,Pm_189481,U_2427702,1,1,1.0,2020-08-30 07:57:19,敷设电缆应综合考虑对环境的影响。,"{'true': '正确', 'false': '错误'}","[""true""]",K_综合_计算机科学与技术,C_680992,网络综合布线
2427702_189483,Pm_189483,U_2427702,1,1,1.0,2020-08-30 07:57:33,由于智能化建筑群所处的环境一般对美化要求较高，对于各种管线设施都有严格规定，要根据小区建设规划和传输线路分布，尽量采用地下化和（ ）化方式。,"{'A': '隐蔽', 'B': '突出', 'C': '彰显'}","[""A""]",K_传输线路_计算机科学与技术,C_680992,网络综合布线
2427702_189484,Pm_189484,U_2427702,1,1,1.0,2020-08-30 07:57:48,下列哪个不是建筑群子系统常用的线缆布设方式（ ）,"{'A': '架空布线法', 'B': '直埋布线法', 'C': '地下管道布线法', 'D': '挂接'}","[""D""]",K_线缆_计算机科学与技术,C_680992,网络综合布线
27741674_146689,Pm_146689,U_27741674,1,1,1.0,2020-07-12 22:26:15,可以用哪个命令测试两台主机之间网络的连通性。,"{'A': 'ping', 'B': 'ifconfig', 'C': 'ipconfig', 'D': 'route'}","[""A""]",K_ipconfig_计算机科学与技术,C_680747,Linux系统管理
27741674_146694,Pm_146694,U_27741674,1,1,1.0,2020-07-12 22:26:57,回环接口为系统提供一个单机网络环境，一般用于网络程序的调试。,"{'true': '正确', 'false': '错误'}","[""true""]",K_调试_计算机科学与技术,C_680747,Linux系统管理
27741674_146697,Pm_146697,U_27741674,1,1,2.0,2020-07-12 22:28:14,关于修改主机名，下面那些说法是正确的：,"{'A': '需要修改/etc/sysconfig/network文件', 'B': '需要修改/etc/hosts文件', 'C': '需要修改/etc/sysconfig/network-scripts/ifcfg-eth0文件', 'D': '一般需要重启系统，让修改生效'}","[""A"", ""B"", ""D""]",K_主机名_计算机科学与技术,C_680747,Linux系统管理
27741674_146699,Pm_146699,U_27741674,1,1,2.0,2020-07-12 22:28:46,关于为网络接口配置DHCP，下面那些说法是正确的：,"{'A': 'DHCP很方便，但是更容易发生配置错误', 'B': 'DHCP服务器可以指定接口的IP地址、子网掩码和网关', 'C': '默认情况下，CentOS使用DHCP协议配置接口网络参数', 'D': 'DHCP服务器还可以指定主机名'}","[""B"", ""C"", ""D""]",K_主机名_计算机科学与技术,C_680747,Linux系统管理
27862163_412336,Pm_412336,U_27862163,1,1,1.0,2020-05-06 21:33:56,在计算机系统中，外部设备必须通过（ ）才能实现与主机的信息交换。,"{'A': '电缆', 'B': '总线插槽', 'C': '接口', 'D': '电源'}","[""C""]",K_总线_计算机科学与技术,C_682381,微机原理与接口技术
27862163_412337,Pm_412337,U_27862163,1,1,1.0,2020-05-06 21:35:27,计算机的核心是CPU，它包含了计算机的运算器和（）。,"{'A': '存储器和寄存器', 'B': '总线和接口', 'C': '控制器和寄存器', 'D': 'ALU和寄存器'}","[""C""]",K_总线_计算机科学与技术,C_682381,微机原理与接口技术
27862163_412338,Pm_412338,U_27862163,0,1,0.0,2020-05-06 21:38:10,现代计算机中的总线采用,"{'A': '单总线结构', 'B': '双总线结构', 'C': '多总线结构', 'D': '系统总线结构'}","[""C""]",K_多总线_计算机科学与技术,C_682381,微机原理与接口技术
27862163_412340,Pm_412340,U_27862163,1,1,1.0,2020-05-06 21:41:58,判断符号数加减运算结果是否溢出的条件是（     ）。,"{'A': '最高位与次高位的进（借）位状态不同', 'B': '最高位与次高位的进（借）位状态相同', 'C': '最高位向更高位有进（借）位', 'D': '次高位向最高位有进（借）位'}","[""A""]",K_溢出_计算机科学与技术,C_682381,微机原理与接口技术
27862163_412348,Pm_412348,U_27862163,1,1,1.0,2020-05-06 21:55:00,微型计算机系统主要由（      ）组成。,"{'A': '微处理器，存储器，输入输出设备，I/O接口，软件系统', 'B': '微处理器，主机，总线，存储器，输入输出设备，I/O接口', 'C': '微处理器，主机，存储器，输入输出设备，I/O接口', 'D': '微处理器，存储器，总线，I/O接口，软件系统'}","[""D""]",K_微型计算机系统_计算机科学与技术,C_682381,微机原理与接口技术
27862163_412376,Pm_412376,U_27862163,0,1,0.0,2020-05-07 13:43:13,设BX中有一个16位带符号数。若要将BX中的内容除2，则以下正确的指令是（    ）。,"{'A': 'SAR BX,1', 'B': 'SHRBX,1', 'C': '.RARBX,1', 'D': 'SALBX,1'}","[""A""]",K_带符号_计算机科学与技术,C_682381,微机原理与接口技术
28145151_146588,Pm_146588,U_28145151,1,1,1.0,2020-06-16 15:20:16,当您在命令提示符的后面输入命令的一部分时，按（__）键，Linux会帮你打剩下的字符，补充成为完整命令，如果有多个相符的命令，连按两下（__）键，Linux会显示所有的相符的命令。,"{'A': 'TAB', 'B': 'CONTRL', 'C': 'SHIFT', 'D': 'SPACE'}","[""A""]",K_命令提示符_计算机科学与技术,C_680747,Linux系统管理
28145151_146589,Pm_146589,U_28145151,0,1,0.0,2020-06-16 15:20:33,下面的选项哪些是正确的？,"{'A': 'Linux操作系统是由Linus Torvalds发明的', 'B': 'Linux操作系统是由Richard Stallman发明的', 'C': 'Linus Torvalds和Richard Stallman的工作共同造就了Linux', 'D': '自由软件运动和互联网的兴起造就了Linux操作系统'}","[""C"", ""D""]",K_自由软件_计算机科学与技术,C_680747,Linux系统管理
28145151_146591,Pm_146591,U_28145151,0,1,0.0,2020-06-16 15:22:16,"关于CentOS,下面哪些说法是正确的？","{'A': 'CentOS100%兼容红帽企业版(RHEL)', 'B': 'CentOS不提供专门技术支持，不包含封闭源代码软件', 'C': 'CentOS 64位版本可以安装在32位架构的机器上', 'D': 'CentOS是利用用红帽企业版(RHEL)源代码重新编译而成的'}","[""A"", ""B"", ""D""]",K_闭源_计算机科学与技术,C_680747,Linux系统管理
28145151_146592,Pm_146592,U_28145151,0,1,0.0,2020-06-16 15:22:47,安装Linux所要的两个最基本的分区分别是以（ ）和（ ）。,"{'A': '/boot分区', 'B': '/home分区', 'C': '根分区', 'D': 'Swap分区'}","[""C"", ""D""]",K_Swap分区_计算机科学与技术,C_680747,Linux系统管理
28145151_146593,Pm_146593,U_28145151,1,1,2.0,2020-06-16 15:23:12,在Linux中，打开BASH后的命令提示符，能够告诉你有关主机的哪些信息？,"{'A': '登录的主机名', 'B': '登录的用户名', 'C': '用户当前所处的工作目录', 'D': '用户上次登录时间'}","[""A"", ""B"", ""C""]",K_主机名_计算机科学与技术,C_680747,Linux系统管理
28145151_146597,Pm_146597,U_28145151,1,1,2.0,2020-06-16 15:25:45,下面关于关机和重启的说法，哪些是正确的？,"{'A': '关机是系统管理员要给予充分重视的一件大事.', 'B': 'shutdown -k now 命令用于立即关机', 'C': '不恰当或者不正确的关机和重启，可能会导致数据丢失', 'D': '关机和重启命令默认情况下普通用户亦可执行'}","[""A"", ""C""]",K_系统管理员_计算机科学与技术,C_680747,Linux系统管理
28145151_146598,Pm_146598,U_28145151,0,1,0.0,2020-06-16 15:25:56,Linux中所谓的命令(Command)，广义上包括：,"{'A': '可执行的二进制文件', 'B': '可执行的库文件', 'C': 'shell脚本文件', 'D': 'shell内建函数'}","[""A"", ""C"", ""D""]",K_Shell脚本_计算机科学与技术,C_680747,Linux系统管理
29040364_146588,Pm_146588,U_29040364,1,1,1.0,2020-07-01 10:48:42,当您在命令提示符的后面输入命令的一部分时，按（__）键，Linux会帮你打剩下的字符，补充成为完整命令，如果有多个相符的命令，连按两下（__）键，Linux会显示所有的相符的命令。,"{'A': 'TAB', 'B': 'CONTRL', 'C': 'SHIFT', 'D': 'SPACE'}","[""A""]",K_命令提示符_计算机科学与技术,C_680747,Linux系统管理
29040364_146589,Pm_146589,U_29040364,1,1,2.0,2020-07-01 10:50:12,下面的选项哪些是正确的？,"{'A': 'Linux操作系统是由Linus Torvalds发明的', 'B': 'Linux操作系统是由Richard Stallman发明的', 'C': 'Linus Torvalds和Richard Stallman的工作共同造就了Linux', 'D': '自由软件运动和互联网的兴起造就了Linux操作系统'}","[""C"", ""D""]",K_自由软件_计算机科学与技术,C_680747,Linux系统管理
29040364_146591,Pm_146591,U_29040364,0,1,0.0,2020-07-01 10:51:22,"关于CentOS,下面哪些说法是正确的？","{'A': 'CentOS100%兼容红帽企业版(RHEL)', 'B': 'CentOS不提供专门技术支持，不包含封闭源代码软件', 'C': 'CentOS 64位版本可以安装在32位架构的机器上', 'D': 'CentOS是利用用红帽企业版(RHEL)源代码重新编译而成的'}","[""A"", ""B"", ""D""]",K_闭源_计算机科学与技术,C_680747,Linux系统管理
29040364_146592,Pm_146592,U_29040364,1,1,2.0,2020-07-01 10:51:49,安装Linux所要的两个最基本的分区分别是以（ ）和（ ）。,"{'A': '/boot分区', 'B': '/home分区', 'C': '根分区', 'D': 'Swap分区'}","[""C"", ""D""]",K_Swap分区_计算机科学与技术,C_680747,Linux系统管理
29040364_146593,Pm_146593,U_29040364,1,1,2.0,2020-07-01 10:52:09,在Linux中，打开BASH后的命令提示符，能够告诉你有关主机的哪些信息？,"{'A': '登录的主机名', 'B': '登录的用户名', 'C': '用户当前所处的工作目录', 'D': '用户上次登录时间'}","[""A"", ""B"", ""C""]",K_主机名_计算机科学与技术,C_680747,Linux系统管理
29040364_146597,Pm_146597,U_29040364,0,1,0.0,2020-07-01 10:54:27,下面关于关机和重启的说法，哪些是正确的？,"{'A': '关机是系统管理员要给予充分重视的一件大事.', 'B': 'shutdown -k now 命令用于立即关机', 'C': '不恰当或者不正确的关机和重启，可能会导致数据丢失', 'D': '关机和重启命令默认情况下普通用户亦可执行'}","[""A"", ""C""]",K_系统管理员_计算机科学与技术,C_680747,Linux系统管理
29040364_146598,Pm_146598,U_29040364,1,1,2.0,2020-07-01 10:54:47,Linux中所谓的命令(Command)，广义上包括：,"{'A': '可执行的二进制文件', 'B': '可执行的库文件', 'C': 'shell脚本文件', 'D': 'shell内建函数'}","[""A"", ""C"", ""D""]",K_Shell脚本_计算机科学与技术,C_680747,Linux系统管理
29040364_146604,Pm_146604,U_29040364,0,1,0.0,2020-07-05 11:24:50,假设当前工作目录下有一个名为sampledir 的目录，该目录下有一个名为sampledir01的目录， 键入 “rmdir sampledir”，会发生什么？,"{'A': 'sampledir和sampledir01被删除', 'B': '出错', 'C': 'sampledir01被删除', 'D': 'sampledir被删除，但sampledir01未被删除'}","[""B""]",K_键入_计算机科学与技术,C_680747,Linux系统管理
29040364_146607,Pm_146607,U_29040364,1,1,2.0,2020-07-05 11:26:17,关于Linux中工作目录，下面哪些说法是错误的?,"{'A': '可以在命令提示符中观察到目前所处的工作目录', 'B': '用户登录后初始的默认工作目录总是登录用户的 “家目录”', 'C': '用户的工作目录是固定的', 'D': '可以用～字符代表当前工作目录'}","[""C"", ""D""]",K_登录_计算机科学与技术,C_680747,Linux系统管理
29040364_146613,Pm_146613,U_29040364,0,1,0.0,2020-07-05 14:45:54,要将当前目录下的文件samplefile的文件从属组改为stu用户组，应该使用哪个命令？,"{'A': 'chmod stu ./samplefile', 'B': 'chown stu ./samplefile', 'C': 'chown :stu ./samplefile', 'D': 'chmod :stu ./samplefile'}","[""C""]",K_当前目录_计算机科学与技术,C_680747,Linux系统管理
29040364_146614,Pm_146614,U_29040364,1,1,1.0,2020-07-05 14:46:23,如用ls -l 命令列出文件，文件的第一个字段是drwxr-x---，表示什么,"{'A': '这是一个符号链接文件，对于文件拥有者可读可写可执行，对于从属用户组里的用户可读不可写可执行，对于其他用户不可读不可写不可执行', 'B': '这是一个普通文件，对于文件拥有者可读可写可执行，对于其他用户可读不可写可执行，对于从属用户组里的用户不可读不可写不可执行。', 'C': '这是一个目录文件，对于文件拥有者可读可写可执行，对于从属用户组里的用户可读不可写可执行，对于其他用户不可读不可写不可执行', 'D': '这是一个目录文件，对于文件拥有者可读可写可执行，对于从属用户组里的用户可读可写可执行，对于其他用户不可读不可写不可执行'}","[""C""]",K_符号链接_计算机科学与技术,C_680747,Linux系统管理
29040364_146617,Pm_146617,U_29040364,1,1,2.0,2020-07-06 15:05:38,用root用户登录系统，使用rm命令删除文件时，以下哪些做法是对的？,"{'A': 'rm ./sampledir 可以删除当前目录下的sampledir目录', 'B': 'rm -f ./file01 可以删除当前目录下的file01文件，并在删除前会向用户进行确认。', 'C': 'rm -R ./sampledir 可以删除当前目录下的sampledir目录', 'D': 'rm file01 file02 可以删除当前工作目录下的file01 和file02文件，并在删除前会向用户进行确认。'}","[""C"", ""D""]",K_登录_计算机科学与技术,C_680747,Linux系统管理
29040364_146618,Pm_146618,U_29040364,0,1,0.0,2020-07-06 15:06:12,关于cp命令，哪些表述是正确的？,"{'A': 'cp命令可以同时拷贝多个文件', 'B': '默认情况下，cp命令拷贝时遇到同名文件会自动覆盖', 'C': '默认情况下，cp命令拷贝时会将文件属性一并进行拷贝', 'D': 'cp命令拷贝同时还可以重命名文件'}","[""A"", ""D""]",K_文件属性_计算机科学与技术,C_680747,Linux系统管理
29040364_146619,Pm_146619,U_29040364,1,1,2.0,2020-07-06 15:07:11,关于cp命令，哪些用法是可以达成目标？,"{'A': 'cp -R ~/sampledir . 可以将当前用户家目录下的sampledir目录拷贝到当前目录中。', 'B': 'cp ./file01 ./file02 .. 可以将当前目录下的file01文件拷贝到当前目录中并重命名为file02, 同时将file01文件拷贝到当前目录的上层目录中。', 'C': 'cp /home/stu/file01 ~/root 可以将file01目录拷贝到根用户家目录下', 'D': 'cp -R ../sampledir ~root 可以将上层目录中的sampledir目录拷贝到根用户家目录下'}","[""A"", ""D""]",K_当前目录_计算机科学与技术,C_680747,Linux系统管理
29040364_146621,Pm_146621,U_29040364,0,1,0.0,2020-07-06 15:07:56,在使用ln建立文件链接时，为了跨越不同的文件系统，我们需要使用,"{'A': '普通链接', 'B': '硬链接', 'C': '符号链接', 'D': '特殊链接'}","[""C""]",K_硬链接_计算机科学与技术,C_680747,Linux系统管理
29040364_146622,Pm_146622,U_29040364,1,1,2.0,2020-07-06 15:08:19,关于硬链接，下面哪些描述是正确的？,"{'A': '不可以跨文件系统。', 'B': '可以做目录的连接', 'C': '硬链接文件的inode-number与被链接文件的inode-number相同', 'D': '硬链接和符号链接的原理事实上是一样的'}","[""A"", ""C""]",K_硬链接_计算机科学与技术,C_680747,Linux系统管理
29040364_146623,Pm_146623,U_29040364,0,1,0.0,2020-07-06 15:08:47,关于文件硬链接和源文件的关系，下面哪些描述是正确的？,"{'A': '文件硬链接和源文件实际上共用一份文件内容数据', 'B': '源文件删除对文件硬链接没有影响', 'C': '一个硬盘分区上文件的硬链接可以位于另外一个分区上', 'D': '对于文件硬链接内容的改动不会影响到源文件'}","[""A"", ""B""]",K_硬链接_计算机科学与技术,C_680747,Linux系统管理
29040364_146624,Pm_146624,U_29040364,0,1,0.0,2020-07-06 15:09:04,关于符号链接，下面哪些描述是正确的？,"{'A': '可以通过符号链接文件来读、写和执行源文件。', 'B': '符号链接文件和源文件实际上是同一个文件。', 'C': '删除源文件，符号链接文件将变得不可用', 'D': '不能为符号链接文件再创建符号链接'}","[""A"", ""C""]",K_符号链接_计算机科学与技术,C_680747,Linux系统管理
29040364_146627,Pm_146627,U_29040364,1,1,2.0,2020-07-07 08:42:29,关于文件压缩，下面哪些描述是正确的?,"{'A': 'Linux中压缩文件有很多工具可以利用。', 'B': '用gzip命令压缩文件后，默认会删除源文件', 'C': 'gzip命令可以调节文件压缩的比例。', 'D': 'gzip 压缩文件的默认后缀名是.gz', 'E': 'gzip解压文件时默认会删除压缩文件'}","[""A"", ""B"", ""C"", ""D"", ""E""]",K_文件压缩_计算机科学与技术,C_680747,Linux系统管理
29040364_146630,Pm_146630,U_29040364,1,1,2.0,2020-07-07 08:43:34,关于文件打包（归档），下面哪些描述是正确的?,"{'A': 'tar可以打包整个目录', 'B': 'tar打包多个文件后的打包文件大小，比原文件大小之和要稍小', 'C': 'tar 打包文件必须要有一个.tar的后缀名', 'D': '可以用tar命令来合并两个打包文件', 'E': '可以用tar命令来查看打包文件中的文件'}","[""A"", ""D"", ""E""]",K_文件大小_计算机科学与技术,C_680747,Linux系统管理
29040364_146632,Pm_146632,U_29040364,0,1,0.0,2020-07-07 08:46:00,现在需要在根目录下找所有的名字为temp的文件，然后删除，删除时不需要提示，请问可如何实现。,"{'A': 'find / -name temp rm *', 'B': '编一个SHELL脚本实现', 'C': 'find / -name temp –exec rm {}  ;', 'D': 'find / -name temp –exec rm'}","[""C""]",K_Shell脚本_计算机科学与技术,C_680747,Linux系统管理
29040364_146633,Pm_146633,U_29040364,1,1,2.0,2020-07-07 08:46:22,关locate命令，下面哪些描述是正确的？,"{'A': 'locate命令能够快速查找文件', 'B': '如不指定查找的目录范围，locate将以当前工作目录作为查找范围', 'C': 'locate查找速度更快是因为它采用了更加有效率的查找算法', 'D': 'locate有时会发生新建文件无法查找到的问题', 'E': 'locate有时会发生查找到已删除文件的问题'}","[""A"", ""D"", ""E""]",K_删除文件_计算机科学与技术,C_680747,Linux系统管理
29040364_146635,Pm_146635,U_29040364,1,1,2.0,2020-07-07 08:48:28,关Linux中的通配符，下面哪些描述是正确的？,"{'A': '通配符可以用于对批量文件进行操作', 'B': '* 可以匹配任意单个字符', 'C': '[0-9] 可以匹配0到9之间的任意单个字符', 'D': '[!A-Z] 可以匹配除了大写A到Z之间的任意单个字符'}","[""A"", ""C"", ""D""]",K_通配符_计算机科学与技术,C_680747,Linux系统管理
29040364_146637,Pm_146637,U_29040364,1,1,2.0,2020-07-07 08:51:18,关于tail和head命令，下面哪些描述是正确的。,"{'A': 'head默认情况下显示文件的头5行', 'B': 'tail只能同时查看一个文本文件', 'C': '这一对命令经常被用来查看日志文件', 'D': '可以用 -n 选项（n为一个自然数）来指定tail和head要显示的行数'}","[""C"", ""D""]",K_显示文件_计算机科学与技术,C_680747,Linux系统管理
29040364_146643,Pm_146643,U_29040364,1,1,2.0,2020-07-08 09:57:46,关Linux中的输入输出重定向，下面哪些描述是正确的?,"{'A': '标准输出流（stdout），显示来自命令的输出，文件描述符是 0', 'B': '标准输入流（stdin），向命令提供输入，文件描述符是 1', 'C': '对于任何一条linux 命令,其结果都是通过stdout输出到输出设备上；', 'D': 'Linux中使用> 和>> 操作符来重定向标准输出', 'E': '标准输入重定向是让命令从指定文件中获取输入而非从stdin中获取输入。'}","[""D"", ""E""]",K_标准输入流_计算机科学与技术,C_680747,Linux系统管理
29040364_146644,Pm_146644,U_29040364,1,1,2.0,2020-07-08 09:58:22,"关于命令echo -e ""1 applen2 pearn3 banana""&gt;&gt;fruit.txt，下面哪些描述是错误的。","{'A': '这个命令将echo的输出重定向到了fruit.txt文件中。', 'B': 'fruit.txt文件中如果原有内容将被覆盖', 'C': 'echo的输出重定向将追加到fruit.txt文件最后', 'D': '如果fruit文件不存在，命令将出错'}","[""B"", ""D""]",K_追加_计算机科学与技术,C_680747,Linux系统管理
29040364_146660,Pm_146660,U_29040364,1,1,1.0,2020-07-13 10:14:17,在CentOS中，默认情况下，虚拟用户的UID范围是:,"{'A': '1-499', 'B': '0-499', 'C': '0-500', 'D': '500以后'}","[""A""]",K_虚拟用户_计算机科学与技术,C_680747,Linux系统管理
29040364_146661,Pm_146661,U_29040364,0,1,0.0,2020-07-13 10:14:46,关于CentOS中的用户，描述错误的是：,"{'A': '虚拟用户是给系统的访客使用的', 'B': '根用户的UID是固定的', 'C': '虚拟用户使用的默认Shell是BASH', 'D': 'Linux是通过用户名来识别用户的身份的', 'E': '普通用户对系统有只有有限的权限'}","[""A"", ""C""]",K_虚拟用户_计算机科学与技术,C_680747,Linux系统管理
29040364_146662,Pm_146662,U_29040364,0,1,0.0,2020-07-13 10:31:07,关于Linux中的用户组，描述错误的是：,"{'A': '用户组的身份标识叫做GID', 'B': '一个用户只能从属于一个用户组', 'C': '一个用户组能够包含多个用户', 'D': '在同一时刻，一个用户的主用户组只能有一个', 'E': '每个用户都必定从属于一个与用户同名的独立的私有用户组'}","[""B"", ""E""]",K_用户组_计算机科学与技术,C_680747,Linux系统管理
29040364_146663,Pm_146663,U_29040364,1,1,2.0,2020-07-13 10:32:01,用户的主用户组属性将影响到：,"{'A': '用户创建的文件属性', 'B': '用户对于文件的访问权限', 'C': '用户是否为虚拟用户', 'D': '用户能否被删除'}","[""A"", ""B""]",K_文件属性_计算机科学与技术,C_680747,Linux系统管理
29040364_146664,Pm_146664,U_29040364,0,1,0.0,2020-07-13 10:32:10,id命令能够查看的用户信息有：,"{'A': '用户的创建时间', 'B': '用户的主用户组', 'C': '用户从属的用户组名', 'D': '用户家目录'}","[""B"", ""C""]",K_用户组_计算机科学与技术,C_680747,Linux系统管理
29040364_146666,Pm_146666,U_29040364,0,1,0.0,2020-07-13 10:33:23,假设目前我们以nboocer用户登录系统，处在nboocer用户的家目录下，现在要切换到root用户，下面描述正确的是：,"{'A': '使用 su root 切换，需要输入root用户密码，切换后处在root用户家目录中。', 'B': '使用 su - root 切换，需要输入root用户密码，切换后处在root用户家目录中', 'C': '使用 su -l root 切换，需要输入root用户密码，切换后处在root用户家目录中', 'D': '使用 su root 切换，需要输入nboocer用户密码，切换后处在nboocer家目录中', 'E': '使用 su - root 切换，需要输入nboocer用户密码，切换后处在root用户家目录中'}","[""B"", ""C""]",K_登录_计算机科学与技术,C_680747,Linux系统管理
29040364_146667,Pm_146667,U_29040364,1,1,2.0,2020-07-13 10:34:03,关于切换用户命令su，下面描述正确的是：,"{'A': '由根用户切换普通用户时需要输入用户密码', 'B': '由普通用户切换根用户时需要输入用户密码', 'C': '由普通用户之间相互切换时需要输入用户密码', 'D': '由根用户切换为虚拟用户时需要输入用户密码', 'E': '切换用户身份后，对系统的访问权限也随之改变'}","[""B"", ""C"", ""E""]",K_虚拟用户_计算机科学与技术,C_680747,Linux系统管理
29040364_146668,Pm_146668,U_29040364,1,1,2.0,2020-07-13 10:34:30,关于CentOS中的usermod命令，下面描述正确的是：,"{'A': '用-u选项修改用户的UID时，必须确保这个UID未曾被别人使用', 'B': '用–G来修改用户的从属用户组的时候，如果用户组不存在，Linux会自动创建这个用户组', 'C': '在用户已经登录系统的情况下，无法修改用户的UID', 'D': '在用户已经登录系统的情况下，可以用-l选项修改用户的用户名', 'E': '用-d选项修改用户的家目录时，必须确保要指定的目录已经存在'}","[""A"", ""C"", ""E""]",K_登录_计算机科学与技术,C_680747,Linux系统管理
29040364_146670,Pm_146670,U_29040364,0,1,0.0,2020-07-13 10:36:13,关于CentOS中的修改用户组命令groupmod，下面描述正确的是：,"{'A': '随意更改用户组的 GID可能会造成系统混乱', 'B': '带选项–n可以修改用户组名', 'C': '更改用户组名可能会造成系统混乱', 'D': '如果有用户将某用户组作为其主用户组，那么在用户已经登录系统的情况下，无法修改这个用户组名'}","[""A"", ""B""]",K_登录_计算机科学与技术,C_680747,Linux系统管理
29040364_146671,Pm_146671,U_29040364,1,1,2.0,2020-07-13 10:37:05,下面关于Linux系统用户管理的说法，哪些是错误的？,"{'A': '作为掌握根用户口令系统管理员，理论上最好只有一个', 'B': '要执行一个根用户才有权限执行的命令，必须先切换为根用户身份', 'C': '可以通过某种方法分配给普通用户一些合理的根用户“权力”', 'D': '系统中的根用户只能有一个', 'E': '要与其他人共享根用户权限，就需要告诉他根用户密码'}","[""B"", ""E""]",K_系统管理员_计算机科学与技术,C_680747,Linux系统管理
29040364_146674,Pm_146674,U_29040364,0,1,0.0,2020-07-13 10:38:55,关于Linux中用的用户配置文件，下面描述正确的是：,"{'A': '/etc/passwd中存放着用户加密后的密码', 'B': '/etc/passwd中存放着用户的主用户组信息', 'C': '如果用户密码为空，/etc/passwd的第二个字段将出现叹号！或者星号 *', 'D': '/etc/shadow 中第三个字段表示的密码最后一次修改时间', 'E': '可以通过修改passwd 和 shadow文件的内容来修改用户属性'}","[""B"", ""D"", ""E""]",K_用户配置文件_计算机科学与技术,C_680747,Linux系统管理
29040364_146677,Pm_146677,U_29040364,1,1,1.0,2020-07-19 11:35:33,fdisk命令中将分区写入分区表的指令是：,"{'A': 'w', 'B': 's', 'C': 'r', 'D': 'ctrl+s'}","[""A""]",K_分区表_计算机科学与技术,C_680747,Linux系统管理
29040364_146680,Pm_146680,U_29040364,0,1,0.0,2020-07-19 11:38:18,将主机的第二块SCSI接口硬盘上的第2个格式化为ext4文件系统的逻辑分区以只读方式挂载到/tmp_disk目录上的命令是:,"{'A': 'mount -t ext4 -o rw /dev/sdb6 /tmp_disk', 'B': 'mount -t ext4 -o ro /dev/sdb2 /tmp_disk', 'C': 'mount -t ext4 -o ro /dev/sdb6 /tmp_disk', 'D': 'mount -t ext4 -o rw /dev/sdb6 /tmp_disk'}","[""C""]",K_逻辑分区_计算机科学与技术,C_680747,Linux系统管理
29040364_146681,Pm_146681,U_29040364,1,1,2.0,2020-07-19 11:39:23,关于Linux中开机自动挂载分区配置文件/etc/fstab，下面描述正确的是:,"{'A': '第一个字段可以填入要开机挂载的设备名', 'B': '第一个字段可以填入要开机挂载的设备标签', 'C': '第一个字段可以填入要开机挂载的设备UUID', 'D': '第一个字段可以填入要开机挂载的设备别名'}","[""A"", ""B"", ""C""]",K_设备名_计算机科学与技术,C_680747,Linux系统管理
29040364_146685,Pm_146685,U_29040364,0,1,0.0,2020-07-19 11:42:43,关于Linux中挂载分区，下面描述正确的是：,"{'A': '划分并格式化好的分区要挂载到系统目录树中的某个目录上才能被访问', 'B': '分区只能够挂载在空目录上', 'C': '分区的挂载目录被称为挂载点', 'D': '所有类型的分区都能被挂载', 'E': '分区可以被同时挂载在不同的目录上'}","[""A"", ""C"", ""E""]",K_系统目录_计算机科学与技术,C_680747,Linux系统管理
29040364_146686,Pm_146686,U_29040364,1,1,2.0,2020-07-19 11:43:07,关于Linux中卸载分区，下面描述正确的是：,"{'A': '可以用设备名来卸载分区', 'B': '如果分区中文件正在被访问，分区不可卸载', 'C': '可以用挂载点来卸载分区', 'D': '如果分区挂载在一个原本有文件存放着的目录上，分区卸载后，这些文件仍旧可访问'}","[""A"", ""B"", ""C"", ""D""]",K_设备名_计算机科学与技术,C_680747,Linux系统管理
29040364_146687,Pm_146687,U_29040364,1,1,1.0,2020-07-19 11:43:19,主机上第三块SCSI接口的硬盘中第一个逻辑分区的设备文件名字是,"{'A': 'sdc1', 'B': 'sda1', 'C': 'sdc4', 'D': 'sda4', 'E': 'sdc5'}","[""E""]",K_逻辑分区_计算机科学与技术,C_680747,Linux系统管理
29040364_146689,Pm_146689,U_29040364,1,1,1.0,2020-07-21 12:58:28,可以用哪个命令测试两台主机之间网络的连通性。,"{'A': 'ping', 'B': 'ifconfig', 'C': 'ipconfig', 'D': 'route'}","[""A""]",K_ipconfig_计算机科学与技术,C_680747,Linux系统管理
29040364_146694,Pm_146694,U_29040364,1,1,1.0,2020-07-21 13:00:19,回环接口为系统提供一个单机网络环境，一般用于网络程序的调试。,"{'true': '正确', 'false': '错误'}","[""true""]",K_调试_计算机科学与技术,C_680747,Linux系统管理
29040364_146697,Pm_146697,U_29040364,0,1,0.0,2020-07-21 13:02:32,关于修改主机名，下面那些说法是正确的：,"{'A': '需要修改/etc/sysconfig/network文件', 'B': '需要修改/etc/hosts文件', 'C': '需要修改/etc/sysconfig/network-scripts/ifcfg-eth0文件', 'D': '一般需要重启系统，让修改生效'}","[""A"", ""B"", ""D""]",K_主机名_计算机科学与技术,C_680747,Linux系统管理
29040364_146699,Pm_146699,U_29040364,1,1,2.0,2020-07-21 13:03:52,关于为网络接口配置DHCP，下面那些说法是正确的：,"{'A': 'DHCP很方便，但是更容易发生配置错误', 'B': 'DHCP服务器可以指定接口的IP地址、子网掩码和网关', 'C': '默认情况下，CentOS使用DHCP协议配置接口网络参数', 'D': 'DHCP服务器还可以指定主机名'}","[""B"", ""C"", ""D""]",K_主机名_计算机科学与技术,C_680747,Linux系统管理
29040364_146703,Pm_146703,U_29040364,0,1,0.0,2020-07-27 10:35:23,关于Linux中的软件管理，下面那些选项是正确的？,"{'A': '在某个Linux发行版下开发和编译的程序，直接放到另外一个Linux发行版下有可能性无法运行', 'B': '早期的Linux的软件都是通过源码来分发', 'C': 'RPM是所有Linux发现版本上的通用的软件包管理器', 'D': 'RPM是Linux下软件资源最丰富的软件包类型'}","[""A"", ""B"", ""D""]",K_软件资源_计算机科学与技术,C_680747,Linux系统管理
29040364_146704,Pm_146704,U_29040364,1,1,2.0,2020-07-27 10:35:34,关于用rpm卸载软件，下面哪些说法是正确的：,"{'A': '使用-r选项', 'B': '使用-e选项', 'C': '卸载软件需要知道软件安装后包括版本号在内的全名', 'D': '卸载软件只需要知道软件名即可', 'E': '卸载一个软件可能会导致系统中别的软件无法使用'}","[""B"", ""C"", ""E""]",K_全名_计算机科学与技术,C_680747,Linux系统管理
29040364_146705,Pm_146705,U_29040364,0,1,0.0,2020-07-27 10:36:01,下面关于yum的说法那些是错误的？,"{'A': 'yum目的就是为了解决RPM管理软件包时的依赖关系难题', 'B': 'yum是一种区别于RPM软件封装模式', 'C': 'yum是红帽系列Linux中的默认软件管理器', 'D': 'yum客户端在安装软件时无需了解该软件包的依赖关系信息'}","[""B"", ""C""]",K_软件管理器_计算机科学与技术,C_680747,Linux系统管理
29075619_412349,Pm_412349,U_29075619,0,1,0.0,2020-06-14 08:57:13,8088CPU中，以下哪一个部件不属于EU部分（   ）.,"{'A': 'ALU', 'B': '通用寄存器和标志寄存器', 'C': '段寄存器', 'D': 'EU控制电路'}","[""C""]",K_段寄存器_计算机科学与技术,C_682381,微机原理与接口技术
29075619_412350,Pm_412350,U_29075619,0,1,0.0,2020-06-14 08:57:42,指令流水线是指（   ）.,"{'A': '微处理器有序地执行指令', 'B': '微处理器顺序地执行指令', 'C': '微处理器同时执行多条指令', 'D': '指令通过流水线传送给微处理器'}","[""C""]",K_指令流水线_计算机科学与技术,C_682381,微机原理与接口技术
29075619_412351,Pm_412351,U_29075619,0,1,0.0,2020-06-14 08:58:01,8088CPU中，以下哪一个部件不属于BIU部分（  ）.<!--!doctype-->,"{'A': '段寄存器<!--!doctype-->', 'B': '指令队列<!--!doctype-->', 'C': '通用寄存器<!--!doctype-->', 'D': '地址加法器、总线控制逻辑<!--!doctype-->'}","[""C""]",K_总线_计算机科学与技术,C_682381,微机原理与接口技术
29075619_412353,Pm_412353,U_29075619,1,1,1.0,2020-06-14 08:58:31,标志位SF表示（   ）,"{'A': '最高位是否向更高位有进借位', 'B': '运算结果是否为0', 'C': '运算结果是否超出符号数的范围', 'D': '运算结果的最高位是否为1'}","[""D""]",K_位_计算机科学与技术,C_682381,微机原理与接口技术
29075619_412355,Pm_412355,U_29075619,1,1,1.0,2020-06-19 15:30:21,以下哪一个特征不属于8086/8088CPU最小工作模式的特点（   ）.,"{'A': '仅支持少量设备组成的单处理器系统', 'B': '系统控制总线的信号由8088/8086CPU直接产生', 'C': '还需要其它控制器产生总线控制信号和命令信号', 'D': '最小模式构成的系统不能进行DMA传送'}","[""C""]",K_系统控制_计算机科学与技术,C_682381,微机原理与接口技术
29075619_412356,Pm_412356,U_29075619,0,1,0.0,2020-06-19 15:30:32,总线的基本功能是（   ）,"{'A': '数据传输、地址传输、控制信号传输', 'B': '传输同步、仲裁控制、总线驱动', 'C': '输入、输出', 'D': '连接各个部件'}","[""B""]",K_步_计算机科学与技术,C_682381,微机原理与接口技术
29075619_412357,Pm_412357,U_29075619,0,1,0.0,2020-06-19 15:30:48,在8088/8086系统中，程序代码被存放在（    ）,"{'A': '代码段或数据段', 'B': '数据段或附加段', 'C': '代码段或堆栈段', 'D': '只能存放在代码段'}","[""D""]",K_代码段_计算机科学与技术,C_682381,微机原理与接口技术
29075619_412358,Pm_412358,U_29075619,1,1,1.0,2020-06-19 15:31:02,8086发现READY引脚变为0时，它将在当前总线周期中插入（    ）周期。,"{'A': '总线周期', 'B': '时钟周期', 'C': '空闲周期', 'D': '查询周期'}","[""B""]",K_总线_计算机科学与技术,C_682381,微机原理与接口技术
29075619_412359,Pm_412359,U_29075619,0,1,0.0,2020-06-19 15:31:10,以下说法中，不正确的是（    ）,"{'A': '每个内存单元在整个内存空间中都具有惟一的地址', 'B': '8088/8086CPU系统中，每个内存单元地址都可以表示为32位的逻辑地址。', 'C': '在8088/8086CPU系统中，偏移地址可以是16bit或8bit，但段基地址必须是16bit。', 'D': '在8088/8086CPU系统中，20bit地址一定是物理地址。'}","[""C""]",K_逻辑地址_计算机科学与技术,C_682381,微机原理与接口技术
29075619_412360,Pm_412360,U_29075619,1,1,1.0,2020-06-19 15:31:28,以下说法中，不正确的是（  ）,"{'A': '每个内存单元中都只存放8bit二进制数', 'B': '程序执行的顺序由CS和IP决定；', 'C': '程序执行的数据可以存放在数据段、附加段或堆栈段中；', 'D': '不同类型的逻辑段必须占有不同的内存空间。'}","[""D""]",K_数据段_计算机科学与技术,C_682381,微机原理与接口技术
29207061_146660,Pm_146660,U_29207061,1,1,1.0,2020-06-14 00:49:36,在CentOS中，默认情况下，虚拟用户的UID范围是:,"{'A': '1-499', 'B': '0-499', 'C': '0-500', 'D': '500以后'}","[""A""]",K_虚拟用户_计算机科学与技术,C_680747,Linux系统管理
29207061_146661,Pm_146661,U_29207061,0,1,0.0,2020-06-14 00:49:57,关于CentOS中的用户，描述错误的是：,"{'A': '虚拟用户是给系统的访客使用的', 'B': '根用户的UID是固定的', 'C': '虚拟用户使用的默认Shell是BASH', 'D': 'Linux是通过用户名来识别用户的身份的', 'E': '普通用户对系统有只有有限的权限'}","[""A"", ""C""]",K_虚拟用户_计算机科学与技术,C_680747,Linux系统管理
29207061_146662,Pm_146662,U_29207061,1,1,2.0,2020-06-14 00:50:23,关于Linux中的用户组，描述错误的是：,"{'A': '用户组的身份标识叫做GID', 'B': '一个用户只能从属于一个用户组', 'C': '一个用户组能够包含多个用户', 'D': '在同一时刻，一个用户的主用户组只能有一个', 'E': '每个用户都必定从属于一个与用户同名的独立的私有用户组'}","[""B"", ""E""]",K_用户组_计算机科学与技术,C_680747,Linux系统管理
29207061_146663,Pm_146663,U_29207061,0,1,0.0,2020-06-14 00:50:30,用户的主用户组属性将影响到：,"{'A': '用户创建的文件属性', 'B': '用户对于文件的访问权限', 'C': '用户是否为虚拟用户', 'D': '用户能否被删除'}","[""A"", ""B""]",K_文件属性_计算机科学与技术,C_680747,Linux系统管理
29207061_146664,Pm_146664,U_29207061,1,1,2.0,2020-06-14 00:50:45,id命令能够查看的用户信息有：,"{'A': '用户的创建时间', 'B': '用户的主用户组', 'C': '用户从属的用户组名', 'D': '用户家目录'}","[""B"", ""C""]",K_用户组_计算机科学与技术,C_680747,Linux系统管理
29207061_146666,Pm_146666,U_29207061,0,1,0.0,2020-06-14 00:51:58,假设目前我们以nboocer用户登录系统，处在nboocer用户的家目录下，现在要切换到root用户，下面描述正确的是：,"{'A': '使用 su root 切换，需要输入root用户密码，切换后处在root用户家目录中。', 'B': '使用 su - root 切换，需要输入root用户密码，切换后处在root用户家目录中', 'C': '使用 su -l root 切换，需要输入root用户密码，切换后处在root用户家目录中', 'D': '使用 su root 切换，需要输入nboocer用户密码，切换后处在nboocer家目录中', 'E': '使用 su - root 切换，需要输入nboocer用户密码，切换后处在root用户家目录中'}","[""B"", ""C""]",K_登录_计算机科学与技术,C_680747,Linux系统管理
29207061_146667,Pm_146667,U_29207061,1,1,2.0,2020-06-14 00:52:25,关于切换用户命令su，下面描述正确的是：,"{'A': '由根用户切换普通用户时需要输入用户密码', 'B': '由普通用户切换根用户时需要输入用户密码', 'C': '由普通用户之间相互切换时需要输入用户密码', 'D': '由根用户切换为虚拟用户时需要输入用户密码', 'E': '切换用户身份后，对系统的访问权限也随之改变'}","[""B"", ""C"", ""E""]",K_虚拟用户_计算机科学与技术,C_680747,Linux系统管理
29207061_146668,Pm_146668,U_29207061,0,1,0.0,2020-06-14 00:52:46,关于CentOS中的usermod命令，下面描述正确的是：,"{'A': '用-u选项修改用户的UID时，必须确保这个UID未曾被别人使用', 'B': '用–G来修改用户的从属用户组的时候，如果用户组不存在，Linux会自动创建这个用户组', 'C': '在用户已经登录系统的情况下，无法修改用户的UID', 'D': '在用户已经登录系统的情况下，可以用-l选项修改用户的用户名', 'E': '用-d选项修改用户的家目录时，必须确保要指定的目录已经存在'}","[""A"", ""C"", ""E""]",K_登录_计算机科学与技术,C_680747,Linux系统管理
29207061_146670,Pm_146670,U_29207061,0,1,0.0,2020-06-14 00:53:17,关于CentOS中的修改用户组命令groupmod，下面描述正确的是：,"{'A': '随意更改用户组的 GID可能会造成系统混乱', 'B': '带选项–n可以修改用户组名', 'C': '更改用户组名可能会造成系统混乱', 'D': '如果有用户将某用户组作为其主用户组，那么在用户已经登录系统的情况下，无法修改这个用户组名'}","[""A"", ""B""]",K_登录_计算机科学与技术,C_680747,Linux系统管理
29207061_146671,Pm_146671,U_29207061,0,1,0.0,2020-06-14 00:53:36,下面关于Linux系统用户管理的说法，哪些是错误的？,"{'A': '作为掌握根用户口令系统管理员，理论上最好只有一个', 'B': '要执行一个根用户才有权限执行的命令，必须先切换为根用户身份', 'C': '可以通过某种方法分配给普通用户一些合理的根用户“权力”', 'D': '系统中的根用户只能有一个', 'E': '要与其他人共享根用户权限，就需要告诉他根用户密码'}","[""B"", ""E""]",K_系统管理员_计算机科学与技术,C_680747,Linux系统管理
29207061_146674,Pm_146674,U_29207061,1,1,2.0,2020-06-14 00:54:27,关于Linux中用的用户配置文件，下面描述正确的是：,"{'A': '/etc/passwd中存放着用户加密后的密码', 'B': '/etc/passwd中存放着用户的主用户组信息', 'C': '如果用户密码为空，/etc/passwd的第二个字段将出现叹号！或者星号 *', 'D': '/etc/shadow 中第三个字段表示的密码最后一次修改时间', 'E': '可以通过修改passwd 和 shadow文件的内容来修改用户属性'}","[""B"", ""D"", ""E""]",K_用户配置文件_计算机科学与技术,C_680747,Linux系统管理
29492309_146588,Pm_146588,U_29492309,1,1,1.0,2020-05-04 16:05:23,当您在命令提示符的后面输入命令的一部分时，按（__）键，Linux会帮你打剩下的字符，补充成为完整命令，如果有多个相符的命令，连按两下（__）键，Linux会显示所有的相符的命令。,"{'A': 'TAB', 'B': 'CONTRL', 'C': 'SHIFT', 'D': 'SPACE'}","[""A""]",K_命令提示符_计算机科学与技术,C_680747,Linux系统管理
29492309_146589,Pm_146589,U_29492309,1,1,2.0,2020-05-04 16:05:42,下面的选项哪些是正确的？,"{'A': 'Linux操作系统是由Linus Torvalds发明的', 'B': 'Linux操作系统是由Richard Stallman发明的', 'C': 'Linus Torvalds和Richard Stallman的工作共同造就了Linux', 'D': '自由软件运动和互联网的兴起造就了Linux操作系统'}","[""C"", ""D""]",K_自由软件_计算机科学与技术,C_680747,Linux系统管理
29492309_146591,Pm_146591,U_29492309,0,1,0.0,2020-05-04 16:06:15,"关于CentOS,下面哪些说法是正确的？","{'A': 'CentOS100%兼容红帽企业版(RHEL)', 'B': 'CentOS不提供专门技术支持，不包含封闭源代码软件', 'C': 'CentOS 64位版本可以安装在32位架构的机器上', 'D': 'CentOS是利用用红帽企业版(RHEL)源代码重新编译而成的'}","[""A"", ""B"", ""D""]",K_闭源_计算机科学与技术,C_680747,Linux系统管理
29492309_146592,Pm_146592,U_29492309,1,1,2.0,2020-05-04 16:06:42,安装Linux所要的两个最基本的分区分别是以（ ）和（ ）。,"{'A': '/boot分区', 'B': '/home分区', 'C': '根分区', 'D': 'Swap分区'}","[""C"", ""D""]",K_Swap分区_计算机科学与技术,C_680747,Linux系统管理
29492309_146593,Pm_146593,U_29492309,0,1,0.0,2020-05-04 16:06:57,在Linux中，打开BASH后的命令提示符，能够告诉你有关主机的哪些信息？,"{'A': '登录的主机名', 'B': '登录的用户名', 'C': '用户当前所处的工作目录', 'D': '用户上次登录时间'}","[""A"", ""B"", ""C""]",K_主机名_计算机科学与技术,C_680747,Linux系统管理
29492309_146597,Pm_146597,U_29492309,1,1,2.0,2020-05-04 16:08:12,下面关于关机和重启的说法，哪些是正确的？,"{'A': '关机是系统管理员要给予充分重视的一件大事.', 'B': 'shutdown -k now 命令用于立即关机', 'C': '不恰当或者不正确的关机和重启，可能会导致数据丢失', 'D': '关机和重启命令默认情况下普通用户亦可执行'}","[""A"", ""C""]",K_系统管理员_计算机科学与技术,C_680747,Linux系统管理
29492309_146598,Pm_146598,U_29492309,0,1,0.0,2020-05-04 16:08:24,Linux中所谓的命令(Command)，广义上包括：,"{'A': '可执行的二进制文件', 'B': '可执行的库文件', 'C': 'shell脚本文件', 'D': 'shell内建函数'}","[""A"", ""C"", ""D""]",K_Shell脚本_计算机科学与技术,C_680747,Linux系统管理
29597139_3055915,Pm_3055915,U_29597139,0,1,0.0,2020-05-30 10:41:51,Android应用程序目录结构中，[填空1]文件夹用于存放源代码文件？,,"{""1"": [""src目录""]}",K_Android_计算机科学与技术,C_681336,智能设备应用开发（基于Android平台）
29597139_3055916,Pm_3055916,U_29597139,0,1,0.0,2020-06-01 08:37:34,在空白处填入适当代码，使编辑框为空时默认显示“Hello World”。&lt;EditTextandroid:layout_width=&quot;fill_parent&quot;android:layout_height=&quot;wrap_content&quot;android:textColor=&quot;#DDDDDD&quot;[填空1]android:id =&quot;@+id/et&quot;android:maxLength = &quot;10&quot;/ &gt;&lt;/EditText/ &gt;,,"{""1"": [""android:hint=&quot;Hello World&quot;""]}",K_Android_计算机科学与技术,C_681336,智能设备应用开发（基于Android平台）
30095273_146588,Pm_146588,U_30095273,1,1,1.0,2020-06-07 08:31:35,当您在命令提示符的后面输入命令的一部分时，按（__）键，Linux会帮你打剩下的字符，补充成为完整命令，如果有多个相符的命令，连按两下（__）键，Linux会显示所有的相符的命令。,"{'A': 'TAB', 'B': 'CONTRL', 'C': 'SHIFT', 'D': 'SPACE'}","[""A""]",K_命令提示符_计算机科学与技术,C_680747,Linux系统管理
30095273_146589,Pm_146589,U_30095273,0,1,0.0,2020-06-07 08:32:40,下面的选项哪些是正确的？,"{'A': 'Linux操作系统是由Linus Torvalds发明的', 'B': 'Linux操作系统是由Richard Stallman发明的', 'C': 'Linus Torvalds和Richard Stallman的工作共同造就了Linux', 'D': '自由软件运动和互联网的兴起造就了Linux操作系统'}","[""C"", ""D""]",K_自由软件_计算机科学与技术,C_680747,Linux系统管理
30095273_146591,Pm_146591,U_30095273,0,1,0.0,2020-06-07 08:34:25,"关于CentOS,下面哪些说法是正确的？","{'A': 'CentOS100%兼容红帽企业版(RHEL)', 'B': 'CentOS不提供专门技术支持，不包含封闭源代码软件', 'C': 'CentOS 64位版本可以安装在32位架构的机器上', 'D': 'CentOS是利用用红帽企业版(RHEL)源代码重新编译而成的'}","[""A"", ""B"", ""D""]",K_闭源_计算机科学与技术,C_680747,Linux系统管理
30095273_146592,Pm_146592,U_30095273,0,1,0.0,2020-06-07 08:39:13,安装Linux所要的两个最基本的分区分别是以（ ）和（ ）。,"{'A': '/boot分区', 'B': '/home分区', 'C': '根分区', 'D': 'Swap分区'}","[""C"", ""D""]",K_Swap分区_计算机科学与技术,C_680747,Linux系统管理
30095273_146593,Pm_146593,U_30095273,1,1,2.0,2020-06-07 08:42:16,在Linux中，打开BASH后的命令提示符，能够告诉你有关主机的哪些信息？,"{'A': '登录的主机名', 'B': '登录的用户名', 'C': '用户当前所处的工作目录', 'D': '用户上次登录时间'}","[""A"", ""B"", ""C""]",K_主机名_计算机科学与技术,C_680747,Linux系统管理
30095273_146597,Pm_146597,U_30095273,1,1,2.0,2020-06-07 09:01:57,下面关于关机和重启的说法，哪些是正确的？,"{'A': '关机是系统管理员要给予充分重视的一件大事.', 'B': 'shutdown -k now 命令用于立即关机', 'C': '不恰当或者不正确的关机和重启，可能会导致数据丢失', 'D': '关机和重启命令默认情况下普通用户亦可执行'}","[""A"", ""C""]",K_系统管理员_计算机科学与技术,C_680747,Linux系统管理
30095273_146598,Pm_146598,U_30095273,0,1,0.0,2020-06-07 09:02:27,Linux中所谓的命令(Command)，广义上包括：,"{'A': '可执行的二进制文件', 'B': '可执行的库文件', 'C': 'shell脚本文件', 'D': 'shell内建函数'}","[""A"", ""C"", ""D""]",K_Shell脚本_计算机科学与技术,C_680747,Linux系统管理
30095273_146604,Pm_146604,U_30095273,1,1,1.0,2020-06-07 09:07:24,假设当前工作目录下有一个名为sampledir 的目录，该目录下有一个名为sampledir01的目录， 键入 “rmdir sampledir”，会发生什么？,"{'A': 'sampledir和sampledir01被删除', 'B': '出错', 'C': 'sampledir01被删除', 'D': 'sampledir被删除，但sampledir01未被删除'}","[""B""]",K_键入_计算机科学与技术,C_680747,Linux系统管理
30095273_146607,Pm_146607,U_30095273,1,1,2.0,2020-06-07 09:08:39,关于Linux中工作目录，下面哪些说法是错误的?,"{'A': '可以在命令提示符中观察到目前所处的工作目录', 'B': '用户登录后初始的默认工作目录总是登录用户的 “家目录”', 'C': '用户的工作目录是固定的', 'D': '可以用～字符代表当前工作目录'}","[""C"", ""D""]",K_登录_计算机科学与技术,C_680747,Linux系统管理
30095273_146613,Pm_146613,U_30095273,1,1,1.0,2020-06-07 09:26:13,要将当前目录下的文件samplefile的文件从属组改为stu用户组，应该使用哪个命令？,"{'A': 'chmod stu ./samplefile', 'B': 'chown stu ./samplefile', 'C': 'chown :stu ./samplefile', 'D': 'chmod :stu ./samplefile'}","[""C""]",K_当前目录_计算机科学与技术,C_680747,Linux系统管理
30095273_146614,Pm_146614,U_30095273,1,1,1.0,2020-06-07 09:27:11,如用ls -l 命令列出文件，文件的第一个字段是drwxr-x---，表示什么,"{'A': '这是一个符号链接文件，对于文件拥有者可读可写可执行，对于从属用户组里的用户可读不可写可执行，对于其他用户不可读不可写不可执行', 'B': '这是一个普通文件，对于文件拥有者可读可写可执行，对于其他用户可读不可写可执行，对于从属用户组里的用户不可读不可写不可执行。', 'C': '这是一个目录文件，对于文件拥有者可读可写可执行，对于从属用户组里的用户可读不可写可执行，对于其他用户不可读不可写不可执行', 'D': '这是一个目录文件，对于文件拥有者可读可写可执行，对于从属用户组里的用户可读可写可执行，对于其他用户不可读不可写不可执行'}","[""C""]",K_符号链接_计算机科学与技术,C_680747,Linux系统管理
30095273_146617,Pm_146617,U_30095273,1,1,2.0,2020-06-07 09:30:00,用root用户登录系统，使用rm命令删除文件时，以下哪些做法是对的？,"{'A': 'rm ./sampledir 可以删除当前目录下的sampledir目录', 'B': 'rm -f ./file01 可以删除当前目录下的file01文件，并在删除前会向用户进行确认。', 'C': 'rm -R ./sampledir 可以删除当前目录下的sampledir目录', 'D': 'rm file01 file02 可以删除当前工作目录下的file01 和file02文件，并在删除前会向用户进行确认。'}","[""C"", ""D""]",K_登录_计算机科学与技术,C_680747,Linux系统管理
30095273_146618,Pm_146618,U_30095273,1,1,2.0,2020-06-07 09:30:50,关于cp命令，哪些表述是正确的？,"{'A': 'cp命令可以同时拷贝多个文件', 'B': '默认情况下，cp命令拷贝时遇到同名文件会自动覆盖', 'C': '默认情况下，cp命令拷贝时会将文件属性一并进行拷贝', 'D': 'cp命令拷贝同时还可以重命名文件'}","[""A"", ""D""]",K_文件属性_计算机科学与技术,C_680747,Linux系统管理
30095273_146619,Pm_146619,U_30095273,0,1,0.0,2020-06-07 09:36:18,关于cp命令，哪些用法是可以达成目标？,"{'A': 'cp -R ~/sampledir . 可以将当前用户家目录下的sampledir目录拷贝到当前目录中。', 'B': 'cp ./file01 ./file02 .. 可以将当前目录下的file01文件拷贝到当前目录中并重命名为file02, 同时将file01文件拷贝到当前目录的上层目录中。', 'C': 'cp /home/stu/file01 ~/root 可以将file01目录拷贝到根用户家目录下', 'D': 'cp -R ../sampledir ~root 可以将上层目录中的sampledir目录拷贝到根用户家目录下'}","[""A"", ""D""]",K_当前目录_计算机科学与技术,C_680747,Linux系统管理
30095273_146621,Pm_146621,U_30095273,1,1,1.0,2020-06-07 09:50:55,在使用ln建立文件链接时，为了跨越不同的文件系统，我们需要使用,"{'A': '普通链接', 'B': '硬链接', 'C': '符号链接', 'D': '特殊链接'}","[""C""]",K_硬链接_计算机科学与技术,C_680747,Linux系统管理
30095273_146622,Pm_146622,U_30095273,1,1,2.0,2020-06-07 09:56:43,关于硬链接，下面哪些描述是正确的？,"{'A': '不可以跨文件系统。', 'B': '可以做目录的连接', 'C': '硬链接文件的inode-number与被链接文件的inode-number相同', 'D': '硬链接和符号链接的原理事实上是一样的'}","[""A"", ""C""]",K_硬链接_计算机科学与技术,C_680747,Linux系统管理
30095273_146623,Pm_146623,U_30095273,0,1,0.0,2020-06-07 09:59:08,关于文件硬链接和源文件的关系，下面哪些描述是正确的？,"{'A': '文件硬链接和源文件实际上共用一份文件内容数据', 'B': '源文件删除对文件硬链接没有影响', 'C': '一个硬盘分区上文件的硬链接可以位于另外一个分区上', 'D': '对于文件硬链接内容的改动不会影响到源文件'}","[""A"", ""B""]",K_硬链接_计算机科学与技术,C_680747,Linux系统管理
30095273_146624,Pm_146624,U_30095273,1,1,2.0,2020-06-07 10:00:42,关于符号链接，下面哪些描述是正确的？,"{'A': '可以通过符号链接文件来读、写和执行源文件。', 'B': '符号链接文件和源文件实际上是同一个文件。', 'C': '删除源文件，符号链接文件将变得不可用', 'D': '不能为符号链接文件再创建符号链接'}","[""A"", ""C""]",K_符号链接_计算机科学与技术,C_680747,Linux系统管理
30095273_146627,Pm_146627,U_30095273,0,1,0.0,2020-06-07 10:42:46,关于文件压缩，下面哪些描述是正确的?,"{'A': 'Linux中压缩文件有很多工具可以利用。', 'B': '用gzip命令压缩文件后，默认会删除源文件', 'C': 'gzip命令可以调节文件压缩的比例。', 'D': 'gzip 压缩文件的默认后缀名是.gz', 'E': 'gzip解压文件时默认会删除压缩文件'}","[""A"", ""B"", ""C"", ""D"", ""E""]",K_文件压缩_计算机科学与技术,C_680747,Linux系统管理
30095273_146630,Pm_146630,U_30095273,1,1,2.0,2020-06-07 10:50:02,关于文件打包（归档），下面哪些描述是正确的?,"{'A': 'tar可以打包整个目录', 'B': 'tar打包多个文件后的打包文件大小，比原文件大小之和要稍小', 'C': 'tar 打包文件必须要有一个.tar的后缀名', 'D': '可以用tar命令来合并两个打包文件', 'E': '可以用tar命令来查看打包文件中的文件'}","[""A"", ""D"", ""E""]",K_文件大小_计算机科学与技术,C_680747,Linux系统管理
30095273_146632,Pm_146632,U_30095273,0,1,0.0,2020-06-07 10:51:28,现在需要在根目录下找所有的名字为temp的文件，然后删除，删除时不需要提示，请问可如何实现。,"{'A': 'find / -name temp rm *', 'B': '编一个SHELL脚本实现', 'C': 'find / -name temp –exec rm {}  ;', 'D': 'find / -name temp –exec rm'}","[""C""]",K_Shell脚本_计算机科学与技术,C_680747,Linux系统管理
30095273_146633,Pm_146633,U_30095273,0,1,0.0,2020-06-07 10:58:06,关locate命令，下面哪些描述是正确的？,"{'A': 'locate命令能够快速查找文件', 'B': '如不指定查找的目录范围，locate将以当前工作目录作为查找范围', 'C': 'locate查找速度更快是因为它采用了更加有效率的查找算法', 'D': 'locate有时会发生新建文件无法查找到的问题', 'E': 'locate有时会发生查找到已删除文件的问题'}","[""A"", ""D"", ""E""]",K_删除文件_计算机科学与技术,C_680747,Linux系统管理
30095273_146635,Pm_146635,U_30095273,1,1,2.0,2020-06-07 11:18:56,关Linux中的通配符，下面哪些描述是正确的？,"{'A': '通配符可以用于对批量文件进行操作', 'B': '* 可以匹配任意单个字符', 'C': '[0-9] 可以匹配0到9之间的任意单个字符', 'D': '[!A-Z] 可以匹配除了大写A到Z之间的任意单个字符'}","[""A"", ""C"", ""D""]",K_通配符_计算机科学与技术,C_680747,Linux系统管理
30095273_146637,Pm_146637,U_30095273,0,1,0.0,2020-06-07 11:20:10,关于tail和head命令，下面哪些描述是正确的。,"{'A': 'head默认情况下显示文件的头5行', 'B': 'tail只能同时查看一个文本文件', 'C': '这一对命令经常被用来查看日志文件', 'D': '可以用 -n 选项（n为一个自然数）来指定tail和head要显示的行数'}","[""C"", ""D""]",K_显示文件_计算机科学与技术,C_680747,Linux系统管理
30095273_146643,Pm_146643,U_30095273,1,1,2.0,2020-06-07 16:55:43,关Linux中的输入输出重定向，下面哪些描述是正确的?,"{'A': '标准输出流（stdout），显示来自命令的输出，文件描述符是 0', 'B': '标准输入流（stdin），向命令提供输入，文件描述符是 1', 'C': '对于任何一条linux 命令,其结果都是通过stdout输出到输出设备上；', 'D': 'Linux中使用> 和>> 操作符来重定向标准输出', 'E': '标准输入重定向是让命令从指定文件中获取输入而非从stdin中获取输入。'}","[""D"", ""E""]",K_标准输入流_计算机科学与技术,C_680747,Linux系统管理
30095273_146644,Pm_146644,U_30095273,1,1,2.0,2020-06-07 16:59:08,"关于命令echo -e ""1 applen2 pearn3 banana""&gt;&gt;fruit.txt，下面哪些描述是错误的。","{'A': '这个命令将echo的输出重定向到了fruit.txt文件中。', 'B': 'fruit.txt文件中如果原有内容将被覆盖', 'C': 'echo的输出重定向将追加到fruit.txt文件最后', 'D': '如果fruit文件不存在，命令将出错'}","[""B"", ""D""]",K_追加_计算机科学与技术,C_680747,Linux系统管理
30095273_146660,Pm_146660,U_30095273,1,1,1.0,2020-06-07 19:41:24,在CentOS中，默认情况下，虚拟用户的UID范围是:,"{'A': '1-499', 'B': '0-499', 'C': '0-500', 'D': '500以后'}","[""A""]",K_虚拟用户_计算机科学与技术,C_680747,Linux系统管理
30095273_146661,Pm_146661,U_30095273,0,1,0.0,2020-06-07 19:42:07,关于CentOS中的用户，描述错误的是：,"{'A': '虚拟用户是给系统的访客使用的', 'B': '根用户的UID是固定的', 'C': '虚拟用户使用的默认Shell是BASH', 'D': 'Linux是通过用户名来识别用户的身份的', 'E': '普通用户对系统有只有有限的权限'}","[""A"", ""C""]",K_虚拟用户_计算机科学与技术,C_680747,Linux系统管理
30095273_146662,Pm_146662,U_30095273,1,1,2.0,2020-06-07 19:53:24,关于Linux中的用户组，描述错误的是：,"{'A': '用户组的身份标识叫做GID', 'B': '一个用户只能从属于一个用户组', 'C': '一个用户组能够包含多个用户', 'D': '在同一时刻，一个用户的主用户组只能有一个', 'E': '每个用户都必定从属于一个与用户同名的独立的私有用户组'}","[""B"", ""E""]",K_用户组_计算机科学与技术,C_680747,Linux系统管理
30095273_146663,Pm_146663,U_30095273,1,1,2.0,2020-06-07 19:54:22,用户的主用户组属性将影响到：,"{'A': '用户创建的文件属性', 'B': '用户对于文件的访问权限', 'C': '用户是否为虚拟用户', 'D': '用户能否被删除'}","[""A"", ""B""]",K_文件属性_计算机科学与技术,C_680747,Linux系统管理
30095273_146664,Pm_146664,U_30095273,0,1,0.0,2020-06-07 19:55:14,id命令能够查看的用户信息有：,"{'A': '用户的创建时间', 'B': '用户的主用户组', 'C': '用户从属的用户组名', 'D': '用户家目录'}","[""B"", ""C""]",K_用户组_计算机科学与技术,C_680747,Linux系统管理
30095273_146666,Pm_146666,U_30095273,0,1,0.0,2020-06-07 20:04:23,假设目前我们以nboocer用户登录系统，处在nboocer用户的家目录下，现在要切换到root用户，下面描述正确的是：,"{'A': '使用 su root 切换，需要输入root用户密码，切换后处在root用户家目录中。', 'B': '使用 su - root 切换，需要输入root用户密码，切换后处在root用户家目录中', 'C': '使用 su -l root 切换，需要输入root用户密码，切换后处在root用户家目录中', 'D': '使用 su root 切换，需要输入nboocer用户密码，切换后处在nboocer家目录中', 'E': '使用 su - root 切换，需要输入nboocer用户密码，切换后处在root用户家目录中'}","[""B"", ""C""]",K_登录_计算机科学与技术,C_680747,Linux系统管理
30095273_146667,Pm_146667,U_30095273,1,1,2.0,2020-06-07 20:06:47,关于切换用户命令su，下面描述正确的是：,"{'A': '由根用户切换普通用户时需要输入用户密码', 'B': '由普通用户切换根用户时需要输入用户密码', 'C': '由普通用户之间相互切换时需要输入用户密码', 'D': '由根用户切换为虚拟用户时需要输入用户密码', 'E': '切换用户身份后，对系统的访问权限也随之改变'}","[""B"", ""C"", ""E""]",K_虚拟用户_计算机科学与技术,C_680747,Linux系统管理
30095273_146668,Pm_146668,U_30095273,0,1,0.0,2020-06-07 20:08:53,关于CentOS中的usermod命令，下面描述正确的是：,"{'A': '用-u选项修改用户的UID时，必须确保这个UID未曾被别人使用', 'B': '用–G来修改用户的从属用户组的时候，如果用户组不存在，Linux会自动创建这个用户组', 'C': '在用户已经登录系统的情况下，无法修改用户的UID', 'D': '在用户已经登录系统的情况下，可以用-l选项修改用户的用户名', 'E': '用-d选项修改用户的家目录时，必须确保要指定的目录已经存在'}","[""A"", ""C"", ""E""]",K_登录_计算机科学与技术,C_680747,Linux系统管理
30095273_146670,Pm_146670,U_30095273,1,1,2.0,2020-06-07 20:11:15,关于CentOS中的修改用户组命令groupmod，下面描述正确的是：,"{'A': '随意更改用户组的 GID可能会造成系统混乱', 'B': '带选项–n可以修改用户组名', 'C': '更改用户组名可能会造成系统混乱', 'D': '如果有用户将某用户组作为其主用户组，那么在用户已经登录系统的情况下，无法修改这个用户组名'}","[""A"", ""B""]",K_登录_计算机科学与技术,C_680747,Linux系统管理
30095273_146671,Pm_146671,U_30095273,1,1,2.0,2020-06-07 20:12:08,下面关于Linux系统用户管理的说法，哪些是错误的？,"{'A': '作为掌握根用户口令系统管理员，理论上最好只有一个', 'B': '要执行一个根用户才有权限执行的命令，必须先切换为根用户身份', 'C': '可以通过某种方法分配给普通用户一些合理的根用户“权力”', 'D': '系统中的根用户只能有一个', 'E': '要与其他人共享根用户权限，就需要告诉他根用户密码'}","[""B"", ""E""]",K_系统管理员_计算机科学与技术,C_680747,Linux系统管理
30095273_146674,Pm_146674,U_30095273,0,1,0.0,2020-06-07 20:20:07,关于Linux中用的用户配置文件，下面描述正确的是：,"{'A': '/etc/passwd中存放着用户加密后的密码', 'B': '/etc/passwd中存放着用户的主用户组信息', 'C': '如果用户密码为空，/etc/passwd的第二个字段将出现叹号！或者星号 *', 'D': '/etc/shadow 中第三个字段表示的密码最后一次修改时间', 'E': '可以通过修改passwd 和 shadow文件的内容来修改用户属性'}","[""B"", ""D"", ""E""]",K_用户配置文件_计算机科学与技术,C_680747,Linux系统管理
30095273_146677,Pm_146677,U_30095273,0,1,0.0,2020-06-07 21:08:06,fdisk命令中将分区写入分区表的指令是：,"{'A': 'w', 'B': 's', 'C': 'r', 'D': 'ctrl+s'}","[""A""]",K_分区表_计算机科学与技术,C_680747,Linux系统管理
30095273_146680,Pm_146680,U_30095273,1,1,1.0,2020-06-07 21:12:09,将主机的第二块SCSI接口硬盘上的第2个格式化为ext4文件系统的逻辑分区以只读方式挂载到/tmp_disk目录上的命令是:,"{'A': 'mount -t ext4 -o rw /dev/sdb6 /tmp_disk', 'B': 'mount -t ext4 -o ro /dev/sdb2 /tmp_disk', 'C': 'mount -t ext4 -o ro /dev/sdb6 /tmp_disk', 'D': 'mount -t ext4 -o rw /dev/sdb6 /tmp_disk'}","[""C""]",K_逻辑分区_计算机科学与技术,C_680747,Linux系统管理
30095273_146681,Pm_146681,U_30095273,1,1,2.0,2020-06-07 21:12:40,关于Linux中开机自动挂载分区配置文件/etc/fstab，下面描述正确的是:,"{'A': '第一个字段可以填入要开机挂载的设备名', 'B': '第一个字段可以填入要开机挂载的设备标签', 'C': '第一个字段可以填入要开机挂载的设备UUID', 'D': '第一个字段可以填入要开机挂载的设备别名'}","[""A"", ""B"", ""C""]",K_设备名_计算机科学与技术,C_680747,Linux系统管理
30095273_146685,Pm_146685,U_30095273,1,1,2.0,2020-06-07 21:21:06,关于Linux中挂载分区，下面描述正确的是：,"{'A': '划分并格式化好的分区要挂载到系统目录树中的某个目录上才能被访问', 'B': '分区只能够挂载在空目录上', 'C': '分区的挂载目录被称为挂载点', 'D': '所有类型的分区都能被挂载', 'E': '分区可以被同时挂载在不同的目录上'}","[""A"", ""C"", ""E""]",K_系统目录_计算机科学与技术,C_680747,Linux系统管理
30095273_146686,Pm_146686,U_30095273,1,1,2.0,2020-06-07 21:21:59,关于Linux中卸载分区，下面描述正确的是：,"{'A': '可以用设备名来卸载分区', 'B': '如果分区中文件正在被访问，分区不可卸载', 'C': '可以用挂载点来卸载分区', 'D': '如果分区挂载在一个原本有文件存放着的目录上，分区卸载后，这些文件仍旧可访问'}","[""A"", ""B"", ""C"", ""D""]",K_设备名_计算机科学与技术,C_680747,Linux系统管理
30095273_146687,Pm_146687,U_30095273,1,1,1.0,2020-06-07 21:22:25,主机上第三块SCSI接口的硬盘中第一个逻辑分区的设备文件名字是,"{'A': 'sdc1', 'B': 'sda1', 'C': 'sdc4', 'D': 'sda4', 'E': 'sdc5'}","[""E""]",K_逻辑分区_计算机科学与技术,C_680747,Linux系统管理
30095273_146689,Pm_146689,U_30095273,1,1,1.0,2020-06-07 21:37:19,可以用哪个命令测试两台主机之间网络的连通性。,"{'A': 'ping', 'B': 'ifconfig', 'C': 'ipconfig', 'D': 'route'}","[""A""]",K_ipconfig_计算机科学与技术,C_680747,Linux系统管理
30095273_146694,Pm_146694,U_30095273,1,1,1.0,2020-06-07 21:40:04,回环接口为系统提供一个单机网络环境，一般用于网络程序的调试。,"{'true': '正确', 'false': '错误'}","[""true""]",K_调试_计算机科学与技术,C_680747,Linux系统管理
30095273_146697,Pm_146697,U_30095273,0,1,0.0,2020-06-07 21:46:34,关于修改主机名，下面那些说法是正确的：,"{'A': '需要修改/etc/sysconfig/network文件', 'B': '需要修改/etc/hosts文件', 'C': '需要修改/etc/sysconfig/network-scripts/ifcfg-eth0文件', 'D': '一般需要重启系统，让修改生效'}","[""A"", ""B"", ""D""]",K_主机名_计算机科学与技术,C_680747,Linux系统管理
30095273_146699,Pm_146699,U_30095273,1,1,2.0,2020-06-07 21:48:07,关于为网络接口配置DHCP，下面那些说法是正确的：,"{'A': 'DHCP很方便，但是更容易发生配置错误', 'B': 'DHCP服务器可以指定接口的IP地址、子网掩码和网关', 'C': '默认情况下，CentOS使用DHCP协议配置接口网络参数', 'D': 'DHCP服务器还可以指定主机名'}","[""B"", ""C"", ""D""]",K_主机名_计算机科学与技术,C_680747,Linux系统管理
30095273_146703,Pm_146703,U_30095273,1,1,2.0,2020-06-07 22:38:05,关于Linux中的软件管理，下面那些选项是正确的？,"{'A': '在某个Linux发行版下开发和编译的程序，直接放到另外一个Linux发行版下有可能性无法运行', 'B': '早期的Linux的软件都是通过源码来分发', 'C': 'RPM是所有Linux发现版本上的通用的软件包管理器', 'D': 'RPM是Linux下软件资源最丰富的软件包类型'}","[""A"", ""B"", ""D""]",K_软件资源_计算机科学与技术,C_680747,Linux系统管理
30095273_146704,Pm_146704,U_30095273,1,1,2.0,2020-06-07 22:39:03,关于用rpm卸载软件，下面哪些说法是正确的：,"{'A': '使用-r选项', 'B': '使用-e选项', 'C': '卸载软件需要知道软件安装后包括版本号在内的全名', 'D': '卸载软件只需要知道软件名即可', 'E': '卸载一个软件可能会导致系统中别的软件无法使用'}","[""B"", ""C"", ""E""]",K_全名_计算机科学与技术,C_680747,Linux系统管理
30095273_146705,Pm_146705,U_30095273,1,1,2.0,2020-06-07 22:43:36,下面关于yum的说法那些是错误的？,"{'A': 'yum目的就是为了解决RPM管理软件包时的依赖关系难题', 'B': 'yum是一种区别于RPM软件封装模式', 'C': 'yum是红帽系列Linux中的默认软件管理器', 'D': 'yum客户端在安装软件时无需了解该软件包的依赖关系信息'}","[""B"", ""C""]",K_软件管理器_计算机科学与技术,C_680747,Linux系统管理
30433449_146588,Pm_146588,U_30433449,1,1,1.0,2020-06-10 15:24:34,当您在命令提示符的后面输入命令的一部分时，按（__）键，Linux会帮你打剩下的字符，补充成为完整命令，如果有多个相符的命令，连按两下（__）键，Linux会显示所有的相符的命令。,"{'A': 'TAB', 'B': 'CONTRL', 'C': 'SHIFT', 'D': 'SPACE'}","[""A""]",K_命令提示符_计算机科学与技术,C_680747,Linux系统管理
30433449_146589,Pm_146589,U_30433449,0,1,0.0,2020-06-10 15:24:46,下面的选项哪些是正确的？,"{'A': 'Linux操作系统是由Linus Torvalds发明的', 'B': 'Linux操作系统是由Richard Stallman发明的', 'C': 'Linus Torvalds和Richard Stallman的工作共同造就了Linux', 'D': '自由软件运动和互联网的兴起造就了Linux操作系统'}","[""C"", ""D""]",K_自由软件_计算机科学与技术,C_680747,Linux系统管理
30433449_146591,Pm_146591,U_30433449,0,1,0.0,2020-06-10 15:25:20,"关于CentOS,下面哪些说法是正确的？","{'A': 'CentOS100%兼容红帽企业版(RHEL)', 'B': 'CentOS不提供专门技术支持，不包含封闭源代码软件', 'C': 'CentOS 64位版本可以安装在32位架构的机器上', 'D': 'CentOS是利用用红帽企业版(RHEL)源代码重新编译而成的'}","[""A"", ""B"", ""D""]",K_闭源_计算机科学与技术,C_680747,Linux系统管理
30433449_146592,Pm_146592,U_30433449,0,1,0.0,2020-06-10 15:25:38,安装Linux所要的两个最基本的分区分别是以（ ）和（ ）。,"{'A': '/boot分区', 'B': '/home分区', 'C': '根分区', 'D': 'Swap分区'}","[""C"", ""D""]",K_Swap分区_计算机科学与技术,C_680747,Linux系统管理
30433449_146593,Pm_146593,U_30433449,1,1,2.0,2020-06-10 15:25:57,在Linux中，打开BASH后的命令提示符，能够告诉你有关主机的哪些信息？,"{'A': '登录的主机名', 'B': '登录的用户名', 'C': '用户当前所处的工作目录', 'D': '用户上次登录时间'}","[""A"", ""B"", ""C""]",K_主机名_计算机科学与技术,C_680747,Linux系统管理
30433449_146597,Pm_146597,U_30433449,0,1,0.0,2020-06-10 15:27:07,下面关于关机和重启的说法，哪些是正确的？,"{'A': '关机是系统管理员要给予充分重视的一件大事.', 'B': 'shutdown -k now 命令用于立即关机', 'C': '不恰当或者不正确的关机和重启，可能会导致数据丢失', 'D': '关机和重启命令默认情况下普通用户亦可执行'}","[""A"", ""C""]",K_系统管理员_计算机科学与技术,C_680747,Linux系统管理
30433449_146598,Pm_146598,U_30433449,1,1,2.0,2020-06-10 15:27:20,Linux中所谓的命令(Command)，广义上包括：,"{'A': '可执行的二进制文件', 'B': '可执行的库文件', 'C': 'shell脚本文件', 'D': 'shell内建函数'}","[""A"", ""C"", ""D""]",K_Shell脚本_计算机科学与技术,C_680747,Linux系统管理
30487362_189415,Pm_189415,U_30487362,1,1,1.0,2020-08-20 20:47:56,综合布线要求设计一个结构合理、技术先进、满足需求的综合布线系统方案，下列哪项不属于综合布线系统的设计原则。(  ),"{'A': '综合考虑用户需求、建筑物功能、经济发展水平等因素', 'B': '长远规划思想、保持一定的先进性', 'C': '不必将综合布线系统纳入建筑物整体规划、设计和建设中', 'D': '扩展性、标准化、灵活的管理方式'}","[""C""]",K_设计原则_计算机科学与技术,C_680992,网络综合布线
30487362_189418,Pm_189418,U_30487362,0,1,0.0,2020-08-20 21:33:25,工作区子系统又称（ ）子系统。,"{'A': '工作站', 'B': '服务群', 'C': '服务区', 'D': '信息站'}","[""C""]",K_服务区_计算机科学与技术,C_680992,网络综合布线
30487362_189422,Pm_189422,U_30487362,1,1,1.0,2020-08-20 21:34:35,垂直干线子系统也称（）子系统。,"{'A': '骨干', 'B': '综合', 'C': '干线', 'D': '连接'}","[""C""]",K_综合_计算机科学与技术,C_680992,网络综合布线
30487362_189424,Pm_189424,U_30487362,1,1,1.0,2020-08-20 21:41:37,水平干线子系统是指从楼层配线架到工作区的传输线路。,"{'true': '正确', 'false': '错误'}","[""true""]",K_传输线路_计算机科学与技术,C_680992,网络综合布线
30826206_146588,Pm_146588,U_30826206,1,1,1.0,2020-07-04 16:41:47,当您在命令提示符的后面输入命令的一部分时，按（__）键，Linux会帮你打剩下的字符，补充成为完整命令，如果有多个相符的命令，连按两下（__）键，Linux会显示所有的相符的命令。,"{'A': 'TAB', 'B': 'CONTRL', 'C': 'SHIFT', 'D': 'SPACE'}","[""A""]",K_命令提示符_计算机科学与技术,C_680747,Linux系统管理
30826206_146589,Pm_146589,U_30826206,1,1,2.0,2020-07-04 16:42:05,下面的选项哪些是正确的？,"{'A': 'Linux操作系统是由Linus Torvalds发明的', 'B': 'Linux操作系统是由Richard Stallman发明的', 'C': 'Linus Torvalds和Richard Stallman的工作共同造就了Linux', 'D': '自由软件运动和互联网的兴起造就了Linux操作系统'}","[""C"", ""D""]",K_自由软件_计算机科学与技术,C_680747,Linux系统管理
30826206_146591,Pm_146591,U_30826206,0,1,0.0,2020-07-04 16:42:49,"关于CentOS,下面哪些说法是正确的？","{'A': 'CentOS100%兼容红帽企业版(RHEL)', 'B': 'CentOS不提供专门技术支持，不包含封闭源代码软件', 'C': 'CentOS 64位版本可以安装在32位架构的机器上', 'D': 'CentOS是利用用红帽企业版(RHEL)源代码重新编译而成的'}","[""A"", ""B"", ""D""]",K_闭源_计算机科学与技术,C_680747,Linux系统管理
30826206_146592,Pm_146592,U_30826206,1,1,2.0,2020-07-04 16:43:24,安装Linux所要的两个最基本的分区分别是以（ ）和（ ）。,"{'A': '/boot分区', 'B': '/home分区', 'C': '根分区', 'D': 'Swap分区'}","[""C"", ""D""]",K_Swap分区_计算机科学与技术,C_680747,Linux系统管理
30826206_146593,Pm_146593,U_30826206,1,1,2.0,2020-07-04 16:43:37,在Linux中，打开BASH后的命令提示符，能够告诉你有关主机的哪些信息？,"{'A': '登录的主机名', 'B': '登录的用户名', 'C': '用户当前所处的工作目录', 'D': '用户上次登录时间'}","[""A"", ""B"", ""C""]",K_主机名_计算机科学与技术,C_680747,Linux系统管理
31232166_189415,Pm_189415,U_31232166,1,1,1.0,2020-08-27 16:45:43,综合布线要求设计一个结构合理、技术先进、满足需求的综合布线系统方案，下列哪项不属于综合布线系统的设计原则。(  ),"{'A': '综合考虑用户需求、建筑物功能、经济发展水平等因素', 'B': '长远规划思想、保持一定的先进性', 'C': '不必将综合布线系统纳入建筑物整体规划、设计和建设中', 'D': '扩展性、标准化、灵活的管理方式'}","[""C""]",K_设计原则_计算机科学与技术,C_680992,网络综合布线
31232166_189418,Pm_189418,U_31232166,0,1,0.0,2020-08-27 16:54:53,工作区子系统又称（ ）子系统。,"{'A': '工作站', 'B': '服务群', 'C': '服务区', 'D': '信息站'}","[""C""]",K_服务区_计算机科学与技术,C_680992,网络综合布线
31232166_189422,Pm_189422,U_31232166,0,1,0.0,2020-08-27 16:56:58,垂直干线子系统也称（）子系统。,"{'A': '骨干', 'B': '综合', 'C': '干线', 'D': '连接'}","[""C""]",K_综合_计算机科学与技术,C_680992,网络综合布线
31232166_189424,Pm_189424,U_31232166,1,1,1.0,2020-08-27 16:59:57,水平干线子系统是指从楼层配线架到工作区的传输线路。,"{'true': '正确', 'false': '错误'}","[""true""]",K_传输线路_计算机科学与技术,C_680992,网络综合布线
31232166_189506,Pm_189506,U_31232166,1,1,1.0,2020-08-27 17:08:55,"不管我们在去皮工作中多小心也不能保证玻璃丝没有一点污染,因此在熔接工作开始之前我们必须对玻璃丝进行清洁。比较普遍的方法就是用纸巾沾上酒精,然后擦拭清洁每一小根光纤","{'true': '正确', 'false': '错误'}","[""true""]",K_遍_计算机科学与技术,C_680992,网络综合布线
31232166_189508,Pm_189508,U_31232166,1,1,1.0,2020-08-27 17:09:28,"将玻璃丝固定,按SET键开始熔接。可以从光纤熔接器的显示屏中可以看到两端玻璃丝的对接情况,仪器不会自动调节对正,不可以通过按钮X,Y手动调节位置。等待几秒钟后就完成了光纤的熔接工作","{'true': '正确', 'false': '错误'}","[""false""]",K_对接_计算机科学与技术,C_680992,网络综合布线
414081_146588,Pm_146588,U_414081,1,1,1.0,2020-07-14 13:53:42,当您在命令提示符的后面输入命令的一部分时，按（__）键，Linux会帮你打剩下的字符，补充成为完整命令，如果有多个相符的命令，连按两下（__）键，Linux会显示所有的相符的命令。,"{'A': 'TAB', 'B': 'CONTRL', 'C': 'SHIFT', 'D': 'SPACE'}","[""A""]",K_命令提示符_计算机科学与技术,C_680747,Linux系统管理
414081_146589,Pm_146589,U_414081,1,1,2.0,2020-07-14 13:54:01,下面的选项哪些是正确的？,"{'A': 'Linux操作系统是由Linus Torvalds发明的', 'B': 'Linux操作系统是由Richard Stallman发明的', 'C': 'Linus Torvalds和Richard Stallman的工作共同造就了Linux', 'D': '自由软件运动和互联网的兴起造就了Linux操作系统'}","[""C"", ""D""]",K_自由软件_计算机科学与技术,C_680747,Linux系统管理
414081_146591,Pm_146591,U_414081,0,1,0.0,2020-07-14 13:54:32,"关于CentOS,下面哪些说法是正确的？","{'A': 'CentOS100%兼容红帽企业版(RHEL)', 'B': 'CentOS不提供专门技术支持，不包含封闭源代码软件', 'C': 'CentOS 64位版本可以安装在32位架构的机器上', 'D': 'CentOS是利用用红帽企业版(RHEL)源代码重新编译而成的'}","[""A"", ""B"", ""D""]",K_闭源_计算机科学与技术,C_680747,Linux系统管理
414081_146592,Pm_146592,U_414081,1,1,2.0,2020-07-14 13:54:40,安装Linux所要的两个最基本的分区分别是以（ ）和（ ）。,"{'A': '/boot分区', 'B': '/home分区', 'C': '根分区', 'D': 'Swap分区'}","[""C"", ""D""]",K_Swap分区_计算机科学与技术,C_680747,Linux系统管理
414081_146593,Pm_146593,U_414081,0,1,0.0,2020-07-14 13:54:54,在Linux中，打开BASH后的命令提示符，能够告诉你有关主机的哪些信息？,"{'A': '登录的主机名', 'B': '登录的用户名', 'C': '用户当前所处的工作目录', 'D': '用户上次登录时间'}","[""A"", ""B"", ""C""]",K_主机名_计算机科学与技术,C_680747,Linux系统管理
414081_146597,Pm_146597,U_414081,1,1,2.0,2020-07-14 13:55:57,下面关于关机和重启的说法，哪些是正确的？,"{'A': '关机是系统管理员要给予充分重视的一件大事.', 'B': 'shutdown -k now 命令用于立即关机', 'C': '不恰当或者不正确的关机和重启，可能会导致数据丢失', 'D': '关机和重启命令默认情况下普通用户亦可执行'}","[""A"", ""C""]",K_系统管理员_计算机科学与技术,C_680747,Linux系统管理
414081_146598,Pm_146598,U_414081,0,1,0.0,2020-07-14 13:56:07,Linux中所谓的命令(Command)，广义上包括：,"{'A': '可执行的二进制文件', 'B': '可执行的库文件', 'C': 'shell脚本文件', 'D': 'shell内建函数'}","[""A"", ""C"", ""D""]",K_Shell脚本_计算机科学与技术,C_680747,Linux系统管理
414081_146604,Pm_146604,U_414081,1,1,1.0,2020-07-14 15:31:28,假设当前工作目录下有一个名为sampledir 的目录，该目录下有一个名为sampledir01的目录， 键入 “rmdir sampledir”，会发生什么？,"{'A': 'sampledir和sampledir01被删除', 'B': '出错', 'C': 'sampledir01被删除', 'D': 'sampledir被删除，但sampledir01未被删除'}","[""B""]",K_键入_计算机科学与技术,C_680747,Linux系统管理
414081_146607,Pm_146607,U_414081,1,1,2.0,2020-07-14 15:33:30,关于Linux中工作目录，下面哪些说法是错误的?,"{'A': '可以在命令提示符中观察到目前所处的工作目录', 'B': '用户登录后初始的默认工作目录总是登录用户的 “家目录”', 'C': '用户的工作目录是固定的', 'D': '可以用～字符代表当前工作目录'}","[""C"", ""D""]",K_登录_计算机科学与技术,C_680747,Linux系统管理
414081_146613,Pm_146613,U_414081,1,1,1.0,2020-07-14 15:36:46,要将当前目录下的文件samplefile的文件从属组改为stu用户组，应该使用哪个命令？,"{'A': 'chmod stu ./samplefile', 'B': 'chown stu ./samplefile', 'C': 'chown :stu ./samplefile', 'D': 'chmod :stu ./samplefile'}","[""C""]",K_当前目录_计算机科学与技术,C_680747,Linux系统管理
414081_146614,Pm_146614,U_414081,1,1,1.0,2020-07-14 15:37:03,如用ls -l 命令列出文件，文件的第一个字段是drwxr-x---，表示什么,"{'A': '这是一个符号链接文件，对于文件拥有者可读可写可执行，对于从属用户组里的用户可读不可写可执行，对于其他用户不可读不可写不可执行', 'B': '这是一个普通文件，对于文件拥有者可读可写可执行，对于其他用户可读不可写可执行，对于从属用户组里的用户不可读不可写不可执行。', 'C': '这是一个目录文件，对于文件拥有者可读可写可执行，对于从属用户组里的用户可读不可写可执行，对于其他用户不可读不可写不可执行', 'D': '这是一个目录文件，对于文件拥有者可读可写可执行，对于从属用户组里的用户可读可写可执行，对于其他用户不可读不可写不可执行'}","[""C""]",K_符号链接_计算机科学与技术,C_680747,Linux系统管理
414081_146617,Pm_146617,U_414081,0,1,0.0,2020-07-14 15:38:52,用root用户登录系统，使用rm命令删除文件时，以下哪些做法是对的？,"{'A': 'rm ./sampledir 可以删除当前目录下的sampledir目录', 'B': 'rm -f ./file01 可以删除当前目录下的file01文件，并在删除前会向用户进行确认。', 'C': 'rm -R ./sampledir 可以删除当前目录下的sampledir目录', 'D': 'rm file01 file02 可以删除当前工作目录下的file01 和file02文件，并在删除前会向用户进行确认。'}","[""C"", ""D""]",K_登录_计算机科学与技术,C_680747,Linux系统管理
414081_146618,Pm_146618,U_414081,1,1,2.0,2020-07-14 15:39:16,关于cp命令，哪些表述是正确的？,"{'A': 'cp命令可以同时拷贝多个文件', 'B': '默认情况下，cp命令拷贝时遇到同名文件会自动覆盖', 'C': '默认情况下，cp命令拷贝时会将文件属性一并进行拷贝', 'D': 'cp命令拷贝同时还可以重命名文件'}","[""A"", ""D""]",K_文件属性_计算机科学与技术,C_680747,Linux系统管理
414081_146619,Pm_146619,U_414081,0,1,0.0,2020-07-14 15:40:48,关于cp命令，哪些用法是可以达成目标？,"{'A': 'cp -R ~/sampledir . 可以将当前用户家目录下的sampledir目录拷贝到当前目录中。', 'B': 'cp ./file01 ./file02 .. 可以将当前目录下的file01文件拷贝到当前目录中并重命名为file02, 同时将file01文件拷贝到当前目录的上层目录中。', 'C': 'cp /home/stu/file01 ~/root 可以将file01目录拷贝到根用户家目录下', 'D': 'cp -R ../sampledir ~root 可以将上层目录中的sampledir目录拷贝到根用户家目录下'}","[""A"", ""D""]",K_当前目录_计算机科学与技术,C_680747,Linux系统管理
414081_146621,Pm_146621,U_414081,0,1,0.0,2020-07-14 15:42:36,在使用ln建立文件链接时，为了跨越不同的文件系统，我们需要使用,"{'A': '普通链接', 'B': '硬链接', 'C': '符号链接', 'D': '特殊链接'}","[""C""]",K_硬链接_计算机科学与技术,C_680747,Linux系统管理
414081_146622,Pm_146622,U_414081,1,1,2.0,2020-07-14 15:42:50,关于硬链接，下面哪些描述是正确的？,"{'A': '不可以跨文件系统。', 'B': '可以做目录的连接', 'C': '硬链接文件的inode-number与被链接文件的inode-number相同', 'D': '硬链接和符号链接的原理事实上是一样的'}","[""A"", ""C""]",K_硬链接_计算机科学与技术,C_680747,Linux系统管理
414081_146623,Pm_146623,U_414081,0,1,0.0,2020-07-14 15:43:42,关于文件硬链接和源文件的关系，下面哪些描述是正确的？,"{'A': '文件硬链接和源文件实际上共用一份文件内容数据', 'B': '源文件删除对文件硬链接没有影响', 'C': '一个硬盘分区上文件的硬链接可以位于另外一个分区上', 'D': '对于文件硬链接内容的改动不会影响到源文件'}","[""A"", ""B""]",K_硬链接_计算机科学与技术,C_680747,Linux系统管理
414081_146624,Pm_146624,U_414081,1,1,2.0,2020-07-14 15:44:01,关于符号链接，下面哪些描述是正确的？,"{'A': '可以通过符号链接文件来读、写和执行源文件。', 'B': '符号链接文件和源文件实际上是同一个文件。', 'C': '删除源文件，符号链接文件将变得不可用', 'D': '不能为符号链接文件再创建符号链接'}","[""A"", ""C""]",K_符号链接_计算机科学与技术,C_680747,Linux系统管理
414081_146627,Pm_146627,U_414081,1,1,2.0,2020-07-14 15:44:52,关于文件压缩，下面哪些描述是正确的?,"{'A': 'Linux中压缩文件有很多工具可以利用。', 'B': '用gzip命令压缩文件后，默认会删除源文件', 'C': 'gzip命令可以调节文件压缩的比例。', 'D': 'gzip 压缩文件的默认后缀名是.gz', 'E': 'gzip解压文件时默认会删除压缩文件'}","[""A"", ""B"", ""C"", ""D"", ""E""]",K_文件压缩_计算机科学与技术,C_680747,Linux系统管理
414081_146630,Pm_146630,U_414081,0,1,0.0,2020-07-14 15:45:41,关于文件打包（归档），下面哪些描述是正确的?,"{'A': 'tar可以打包整个目录', 'B': 'tar打包多个文件后的打包文件大小，比原文件大小之和要稍小', 'C': 'tar 打包文件必须要有一个.tar的后缀名', 'D': '可以用tar命令来合并两个打包文件', 'E': '可以用tar命令来查看打包文件中的文件'}","[""A"", ""D"", ""E""]",K_文件大小_计算机科学与技术,C_680747,Linux系统管理
414081_146632,Pm_146632,U_414081,1,1,1.0,2020-07-14 15:47:16,现在需要在根目录下找所有的名字为temp的文件，然后删除，删除时不需要提示，请问可如何实现。,"{'A': 'find / -name temp rm *', 'B': '编一个SHELL脚本实现', 'C': 'find / -name temp –exec rm {}  ;', 'D': 'find / -name temp –exec rm'}","[""C""]",K_Shell脚本_计算机科学与技术,C_680747,Linux系统管理
414081_146633,Pm_146633,U_414081,1,1,2.0,2020-07-14 15:47:30,关locate命令，下面哪些描述是正确的？,"{'A': 'locate命令能够快速查找文件', 'B': '如不指定查找的目录范围，locate将以当前工作目录作为查找范围', 'C': 'locate查找速度更快是因为它采用了更加有效率的查找算法', 'D': 'locate有时会发生新建文件无法查找到的问题', 'E': 'locate有时会发生查找到已删除文件的问题'}","[""A"", ""D"", ""E""]",K_删除文件_计算机科学与技术,C_680747,Linux系统管理
414081_146635,Pm_146635,U_414081,1,1,2.0,2020-07-14 15:48:59,关Linux中的通配符，下面哪些描述是正确的？,"{'A': '通配符可以用于对批量文件进行操作', 'B': '* 可以匹配任意单个字符', 'C': '[0-9] 可以匹配0到9之间的任意单个字符', 'D': '[!A-Z] 可以匹配除了大写A到Z之间的任意单个字符'}","[""A"", ""C"", ""D""]",K_通配符_计算机科学与技术,C_680747,Linux系统管理
414081_146637,Pm_146637,U_414081,0,1,0.0,2020-07-14 15:49:20,关于tail和head命令，下面哪些描述是正确的。,"{'A': 'head默认情况下显示文件的头5行', 'B': 'tail只能同时查看一个文本文件', 'C': '这一对命令经常被用来查看日志文件', 'D': '可以用 -n 选项（n为一个自然数）来指定tail和head要显示的行数'}","[""C"", ""D""]",K_显示文件_计算机科学与技术,C_680747,Linux系统管理
5220302_102052,Pm_102052,U_5220302,0,1,0.0,2020-05-15 19:40:43,面向对象的程序设计方法采用了什么样的抽象方法构建程序的类与对象：,"{'A': '过程抽象', 'B': '数据抽象', 'C': '过程抽象与数据抽象', 'D': '没有采用任何的抽象方法'}","[""B""]",K_数据抽象_计算机科学与技术,C_677010,Java程序设计
5220302_102053,Pm_102053,U_5220302,1,1,1.0,2020-05-23 23:38:19,下面关于抽象概念的描述中，不正确的是,"{'A': '计算机软件开发使用的抽象有过程抽象和数据抽象两种', 'B': '过程抽象强调功能完成的过程和步骤', 'C': '过程抽象按照功能将整个系统的不同部分抽象成不同的类', 'D': '数据抽象的每个抽象数据类型包含了数据和针对这些数据的操作'}","[""C""]",K_数据抽象_计算机科学与技术,C_677010,Java程序设计
5220302_102056,Pm_102056,U_5220302,1,1,1.0,2020-05-23 23:41:11,Java的封装性是通过什么实现的：,"{'A': '访问控制权限', 'B': '设计内部类', 'C': '静态域与静态方法', 'D': '包'}","[""A""]",K_静态方法_计算机科学与技术,C_677010,Java程序设计
5220302_102057,Pm_102057,U_5220302,0,1,0.0,2020-05-23 23:41:27,Java语言间的继承关系是：,"{'A': '单继承', 'B': '多继承', 'C': '单继承和多继承', 'D': '不能继承'}","[""A""]",K_多继承_计算机科学与技术,C_677010,Java程序设计
5220302_102059,Pm_102059,U_5220302,1,1,1.0,2020-07-13 22:46:33,类与对象的关系是：,"{'A': '类是对象的抽象', 'B': '对象是类的抽象', 'C': '对象是类的子类', 'D': '类是对象的具体实例'}","[""A""]",K_子类_计算机科学与技术,C_677010,Java程序设计
5220302_102060,Pm_102060,U_5220302,0,1,0.0,2020-07-13 22:46:38,关于Java中类的声明，下面哪个关键字是必须有的：,"{'A': 'public', 'B': 'class', 'C': 'extends', 'D': 'implements'}","[""B""]",K_声明_计算机科学与技术,C_677010,Java程序设计
5220302_102061,Pm_102061,U_5220302,0,1,0.0,2020-07-13 22:46:43,在Java类的声明中，类体包含了哪些内容：,"{'A': '变量成员声明及初始化', 'B': '方法声明', 'C': '方法体', 'D': '以上所有内容'}","[""D""]",K_声明_计算机科学与技术,C_677010,Java程序设计
5220302_102064,Pm_102064,U_5220302,0,1,0.0,2020-08-12 18:20:49,下面关于变量的说法，哪个是不正确的：,"{'A': '实例变量是类的成员变量', 'B': '类变量用关键字static声明', 'C': '类变量可以用.访问', 'D': '实例变量可以用.访问'}","[""D""]",K_实例变量_计算机科学与技术,C_677010,Java程序设计
5220302_102065,Pm_102065,U_5220302,0,1,0.0,2020-08-12 18:24:28,关于下面的程序，哪个说法是正确的：public class Person{  static String a[] = new String[5];  public static void main(String argv[]) {    System.out.println(a[0]);  } },"{'A': '编译时将产生错误', 'B': '编译错误，运行时将产生异常', 'C': '输出为null', 'D': '输出0'}","[""C""]",K_编译时_计算机科学与技术,C_677010,Java程序设计
5220302_102067,Pm_102067,U_5220302,1,1,1.0,2020-08-12 18:27:04,类变量的修饰符是：,"{'A': 'static', 'B': 'class', 'C': 'public', 'D': 'void'}","[""A""]",K_修饰符_计算机科学与技术,C_677010,Java程序设计
5220302_102068,Pm_102068,U_5220302,0,1,0.0,2020-08-12 19:54:44,"考虑以下的方法头声明：public void myMethod(int num, char letter) 下面哪个描述是正确的：","{'A': '这个方法有个int型的参数，它的形式参数是letter', 'B': '这个方法有个int型的参数，它的形式参数是num', 'C': '这个方法有个char型的参数，它的实际参数是myMethod', 'D': '这个方法是一个构造方法'}","[""B""]",K_形式参数_计算机科学与技术,C_677010,Java程序设计
5220302_102070,Pm_102070,U_5220302,1,1,1.0,2020-08-12 20:01:11,要获取以下MyClass类中member的值，采用的语句是：public class Myclass{  public static int member=1;  public static int getmember(){   return member;  }};,"{'A': 'MyClass.member()', 'B': 'MyClass().member', 'C': 'MyClass.member或者MyClass.getmember()', 'D': 'MyClass().member或者MyClass().getmember()'}","[""C""]",K_获取_计算机科学与技术,C_677010,Java程序设计
5220302_1248812,Pm_1248812,U_5220302,0,1,0.0,2020-08-12 20:49:58,以下程序片段，下列哪个选项插入到第2行将引起编译错误：1. package mypackage;2. 3. class Myclass{4.   //do something5. },"{'A': 'public class MainClass{}', 'B': 'package mypackage1;', 'C': 'class B{}', 'D': 'import java.util. *;'}","[""B""]",K_选项_计算机科学与技术,C_677010,Java程序设计
5220302_1248814,Pm_1248814,U_5220302,0,1,0.0,2020-08-12 22:37:11,某类的成员方法只能被自己调用，修饰该方法的是：,"{'A': 'public', 'B': 'protected', 'C': 'private', 'D': '无修饰符'}","[""C""]",K_修饰符_计算机科学与技术,C_677010,Java程序设计
5220302_1248815,Pm_1248815,U_5220302,0,1,0.0,2020-08-12 22:47:15,另外的类要获取以下MyClass类中member的值，采用的语句是：,"{'A': 'MyClass.member', 'B': 'new MyClass().member', 'C': 'MyClass.getMember()', 'D': 'MyClass().getMember()'}","[""C""]",K_获取_计算机科学与技术,C_677010,Java程序设计
5220302_1248816,Pm_1248816,U_5220302,0,1,0.0,2020-08-12 22:55:44,下列代码在编译时会发生错误，下面哪种修改可以更正错误:,"{'A': '将private int m改成protected int m', 'B': '将private int m改成public int m', 'C': '将private int m改成static int m', 'D': '将private int m改成int m'}","[""C""]",K_编译时_计算机科学与技术,C_677010,Java程序设计
5220302_1249295,Pm_1249295,U_5220302,0,1,0.0,2020-08-15 23:37:34,关于Java的构造函数，下列说法哪个正确：,"{'A': '所有类都必须定义一个构造函数', 'B': '构造函数必须有返回值', 'C': '构造函数可以访问类的非静态成员', 'D': '构造函数必须初始化类的所有数据成员'}","[""C""]",K_静态成员_计算机科学与技术,C_677010,Java程序设计
5220302_695204,Pm_695204,U_5220302,1,1,1.0,2020-08-12 17:23:45,question(inta){returna;}函数question定义如上，它缺失了（）<!--!doctype-->,"{'A': '返回值类型<!--!doctype-->', 'B': '函数名<!--!doctype-->', 'C': '形式参数表<!--!doctype-->', 'D': '语句序列<!--!doctype-->'}","[""A""]",K_形式参数_计算机科学与技术,C_697791,C++语言程序设计基础
6646564_189415,Pm_189415,U_6646564,1,1,,2020-09-27 09:38:29,综合布线要求设计一个结构合理、技术先进、满足需求的综合布线系统方案，下列哪项不属于综合布线系统的设计原则。(  ),"{'A': '综合考虑用户需求、建筑物功能、经济发展水平等因素', 'B': '长远规划思想、保持一定的先进性', 'C': '不必将综合布线系统纳入建筑物整体规划、设计和建设中', 'D': '扩展性、标准化、灵活的管理方式'}","[""C""]",K_设计原则_计算机科学与技术,C_680992,网络综合布线
